Address_ID,Address_Line1,City,State,Country,Postal_Code,Publisher
AUS00001,3383 William Expressway,New York,New York,United States,45698,CRM
AUS00002,68216 Hill Cliffs Apt. 430,Los Angeles,California,United States,72765,CRM
AUS00003,68660 Lam Springs,Los Angeles,California,United States,56255,CRM
AUS00004,211 Natalie Rapids Apt. 451,Los Angeles,California,United States,61991,CRM
AUS00005,969 White Islands Apt. 578,Los Angeles,California,United States,06053,CRM
AUS00006,588 Levine Flats,Houston,Texas,United States,84282,CRM
AUS00007,818 Flores Squares Suite 208,New York,New York,United States,79544,CRM
AUS00008,7137 Bryan Flats,Houston,Texas,United States,57650,CRM
AUS00009,492 Brown Dam Apt. 443,Houston,Texas,United States,28520,CRM
AUS00010,8957 Maria Points Apt. 338,Phoenix,Arizona,United States,84129,CRM
AUS00011,147 Hernandez Plaza,Phoenix,Arizona,United States,86228,CRM
AUS00012,8911 Campbell Lane Suite 908,Chicago,Illinois,United States,83965,CRM
AUS00013,27165 Gabriella Parkways Apt. 882,New York,New York,United States,04438,CRM
AUS00014,398 Sydney Roads Apt. 789,Chicago,Illinois,United States,76024,CRM
AUS00015,9054 Wilcox Mall Suite 226,Houston,Texas,United States,52927,CRM
AUS00016,5073 Teresa Dale Suite 970,New York,New York,United States,42232,CRM
AUS00017,0305 John Ford,Chicago,Illinois,United States,31658,CRM
AUS00018,663 Deborah Junction,Chicago,Illinois,United States,57940,CRM
AUS00019,678 Lorraine Brooks,Phoenix,Arizona,United States,83694,CRM
AUS00020,77953 Clayton Loop,Chicago,Illinois,United States,51160,CRM
AUS00021,946 Lopez Green Apt. 420,Phoenix,Arizona,United States,72282,CRM
AUS00022,4153 Salazar Port,Chicago,Illinois,United States,66390,CRM
AUS00023,5331 Williams Oval,Houston,Texas,United States,31219,CRM
AUS00024,20344 Long Extensions,Chicago,Illinois,United States,78352,CRM
AUS00025,2787 Elizabeth Dale Suite 338,Phoenix,Arizona,United States,28828,CRM
AUS00026,03879 Ashley Oval Apt. 501,New York,New York,United States,58540,CRM
AUS00027,578 Robert Grove Suite 426,Los Angeles,California,United States,92666,CRM
AUS00028,366 Daniel Port,Los Angeles,California,United States,18715,CRM
AUS00029,68602 Taylor Drive,Chicago,Illinois,United States,68099,CRM
AUS00030,783 Andrade Views Apt. 059,New York,New York,United States,18097,CRM
AUS00031,86753 Taylor Harbors Apt. 748,Chicago,Illinois,United States,06641,CRM
AUS00032,67933 Richard Causeway Apt. 180,Los Angeles,California,United States,64816,CRM
AUS00033,22308 Kelsey Junction,Los Angeles,California,United States,59590,CRM
AUS00034,4441 Knight Points Apt. 171,New York,New York,United States,11087,CRM
AUS00035,6806 Michael Shores Suite 093,Los Angeles,California,United States,75769,CRM
AUS00036,30722 Corey Neck Suite 948,Houston,Texas,United States,34908,CRM
AUS00037,23410 Isabella Spurs Suite 844,Phoenix,Arizona,United States,77926,CRM
AUS00038,428 Phillip Run,Los Angeles,California,United States,55357,CRM
AUS00039,40853 Todd Stravenue Apt. 348,New York,New York,United States,26664,CRM
AUS00040,70234 Austin Parkway Suite 236,Chicago,Illinois,United States,84092,CRM
AUS00041,58631 Anna Run Suite 896,Houston,Texas,United States,69600,CRM
AUS00042,4991 James Via,Los Angeles,California,United States,18656,CRM
AUS00043,115 Garcia Prairie Apt. 595,Chicago,Illinois,United States,78632,CRM
AUS00044,56570 Carpenter Manors,New York,New York,United States,46229,CRM
AUS00045,48877 Oliver Center,Los Angeles,California,United States,20815,CRM
AUS00046,138 Gary Rue,Chicago,Illinois,United States,02536,CRM
AUS00047,494 Danielle Shoal,Houston,Texas,United States,92405,CRM
AUS00048,2552 Greene Falls,Los Angeles,California,United States,44827,CRM
AUS00049,4746 Mark Garden Apt. 366,Houston,Texas,United States,16904,CRM
AUS00050,858 Romero Manors,Chicago,Illinois,United States,47657,CRM
AUS00051,68094 Garcia Ports Suite 349,Houston,Texas,United States,83060,CRM
AUS00052,1624 Dillon Rapids,Chicago,Illinois,United States,99015,CRM
AUS00053,69461 Gary Skyway,Los Angeles,California,United States,55194,CRM
AUS00054,28636 Robert Springs Apt. 718,Houston,Texas,United States,34369,CRM
AUS00055,14877 Arnold Plains Apt. 309,Houston,Texas,United States,18327,CRM
AUS00056,37018 Chavez Causeway,New York,New York,United States,35394,CRM
AUS00057,65641 Kenneth Rue,New York,New York,United States,38467,CRM
AUS00058,368 Bridget Fall Apt. 654,Los Angeles,California,United States,25454,CRM
AUS00059,49060 Jones Falls Suite 933,Chicago,Illinois,United States,17765,CRM
AUS00060,973 Jimenez Junction,New York,New York,United States,16332,CRM
AUS00061,445 Carlos Prairie Suite 557,New York,New York,United States,02413,CRM
AUS00062,42089 Leslie River,Chicago,Illinois,United States,35511,CRM
AUS00063,3036 Matthew Isle Suite 736,Phoenix,Arizona,United States,83436,CRM
AUS00064,352 Angela Islands Apt. 829,Phoenix,Arizona,United States,78722,CRM
AUS00065,5097 Buckley Forks Suite 279,Chicago,Illinois,United States,55265,CRM
AUS00066,33010 Amanda Ways Apt. 493,Houston,Texas,United States,33108,CRM
AUS00067,06479 Natalie Groves,Houston,Texas,United States,47140,CRM
AUS00068,79511 Jeffrey Via Apt. 302,New York,New York,United States,12584,CRM
AUS00069,3778 Brown Locks Apt. 787,Houston,Texas,United States,82742,CRM
AUS00070,2793 Jordan Drive,Houston,Texas,United States,04370,CRM
AUS00071,326 Michael Island Apt. 212,Los Angeles,California,United States,43876,CRM
AUS00072,38785 Gregory Ways Apt. 848,Phoenix,Arizona,United States,25632,CRM
AUS00073,192 Tara Viaduct,Chicago,Illinois,United States,58034,CRM
AUS00074,888 Peter Crest,Los Angeles,California,United States,58045,CRM
AUS00075,46982 Kristen Point,Chicago,Illinois,United States,27437,CRM
AUS00076,8420 Lewis Isle Suite 709,Chicago,Illinois,United States,19689,CRM
AUS00077,02914 Caleb Canyon,Phoenix,Arizona,United States,37088,CRM
AUS00078,41125 Patrick Plaza Apt. 091,Phoenix,Arizona,United States,46923,CRM
AUS00079,2888 Kristen Fort Suite 695,Chicago,Illinois,United States,62104,CRM
AUS00080,52696 Erin Gardens Apt. 264,Chicago,Illinois,United States,77377,CRM
AUS00081,2019 Linda Loop Suite 709,Houston,Texas,United States,18691,CRM
AUS00082,0163 Navarro Trail,Phoenix,Arizona,United States,58024,CRM
AUS00083,003 Gardner Mount Apt. 145,Houston,Texas,United States,85354,CRM
AUS00084,85253 Gary Estates,Phoenix,Arizona,United States,98533,CRM
AUS00085,258 Rebecca Mountain Apt. 553,Houston,Texas,United States,82359,CRM
AUS00086,85475 Wang Canyon Suite 478,Chicago,Illinois,United States,40240,CRM
AUS00087,49476 Ellis Falls Suite 329,Los Angeles,California,United States,73135,CRM
AUS00088,753 Valerie Forest Apt. 559,Chicago,Illinois,United States,74790,CRM
AUS00089,26653 Warren Hollow,Los Angeles,California,United States,48459,CRM
AUS00090,79492 Brianna Alley Apt. 178,Los Angeles,California,United States,06444,CRM
AUS00091,3160 Justin Land Apt. 849,Phoenix,Arizona,United States,41752,CRM
AUS00092,247 Andrew Cove Apt. 518,Houston,Texas,United States,57873,CRM
AUS00093,49819 Garrett Ways Apt. 611,Chicago,Illinois,United States,49795,CRM
AUS00094,4095 Derrick Creek,Chicago,Illinois,United States,11098,CRM
AUS00095,6486 Samantha Walks Apt. 318,Phoenix,Arizona,United States,48440,CRM
AUS00096,866 Kyle Cliffs,New York,New York,United States,03992,CRM
AUS00097,6378 Brandy Glens Apt. 490,Phoenix,Arizona,United States,51734,CRM
AUS00098,877 Allen Flats Apt. 729,Los Angeles,California,United States,80609,CRM
AUS00099,9315 Kristina Manors,Los Angeles,California,United States,83171,CRM
AUS00100,8263 Christopher Road,Chicago,Illinois,United States,52728,CRM
AUS00101,8396 Mark Summit,Chicago,Illinois,United States,74671,CRM
AUS00102,48523 Alison Land Apt. 739,Phoenix,Arizona,United States,24743,CRM
AUS00103,50988 Doyle Rue,Los Angeles,California,United States,26538,CRM
AUS00104,22940 Shaun Isle Apt. 523,New York,New York,United States,37141,CRM
AUS00105,8699 Jessica Forks,Chicago,Illinois,United States,39646,CRM
AUS00106,06634 Weber Ramp Apt. 158,Phoenix,Arizona,United States,39320,CRM
AUS00107,276 Davis Plaza,Phoenix,Arizona,United States,15526,CRM
AUS00108,1023 Deanna Freeway Apt. 879,New York,New York,United States,28559,CRM
AUS00109,9630 Michael Ford Apt. 681,Houston,Texas,United States,27300,CRM
AUS00110,30614 Angela Station Suite 637,New York,New York,United States,77660,CRM
AUS00111,114 Morgan Walks,Los Angeles,California,United States,12623,CRM
AUS00112,3504 Fleming View,New York,New York,United States,07247,CRM
AUS00113,8836 Stephen Throughway Suite 152,Los Angeles,California,United States,05418,CRM
AUS00114,05594 Lucas Expressway,Houston,Texas,United States,51781,CRM
AUS00115,3070 Kristin Mission,Houston,Texas,United States,45565,CRM
AUS00116,253 Steven Keys Apt. 297,Los Angeles,California,United States,13907,CRM
AUS00117,11566 Fitzpatrick Track,Chicago,Illinois,United States,98172,CRM
AUS00118,71896 David Ports Apt. 460,Houston,Texas,United States,16609,CRM
AUS00119,436 David Isle,Houston,Texas,United States,78377,CRM
AUS00120,87366 David Stravenue,Chicago,Illinois,United States,98753,CRM
AUS00121,68947 Stephanie Turnpike,New York,New York,United States,29243,CRM
AUS00122,023 Paul Causeway,Houston,Texas,United States,01960,CRM
AUS00123,553 Townsend Parkways Apt. 044,New York,New York,United States,47999,CRM
AUS00104,22940 Shaun Isle Apt. 523,New York,New York,United States,37141,CRM
AUS00105,8699 Jessica Forks,Chicago,Illinois,United States,39646,CRM
AUS00106,06634 Weber Ramp Apt. 158,Phoenix,Arizona,United States,39320,CRM
AUS00107,276 Davis Plaza,Phoenix,Arizona,United States,15526,CRM
AUS00108,1023 Deanna Freeway Apt. 879,New York,New York,United States,28559,CRM
AUS00109,9630 Michael Ford Apt. 681,Houston,Texas,United States,27300,CRM
AUS00110,30614 Angela Station Suite 637,New York,New York,United States,77660,CRM
AUS00111,114 Morgan Walks,Los Angeles,California,United States,12623,CRM
AUS00112,3504 Fleming View,New York,New York,United States,07247,CRM
AUS00124,039 Guerrero Garden Apt. 892,New York,New York,United States,11310,CRM
AUS00125,04255 Peterson Mount,Los Angeles,California,United States,61630,CRM
AUS00126,14756 Lauren Vista Apt. 559,Chicago,Illinois,United States,07730,CRM
AUS00127,21292 Gina Extension Suite 685,Houston,Texas,United States,74465,CRM
AUS00128,776 Hayes Lane Apt. 939,Phoenix,Arizona,United States,01329,CRM
AUS00129,124 Mary Fields Apt. 016,New York,New York,United States,76514,CRM
AUS00130,08535 Nicholas Mission Apt. 423,Houston,Texas,United States,19546,CRM
AUS00131,004 Burke Pine,Houston,Texas,United States,20306,CRM
AUS00132,845 Carol Bridge Suite 015,Houston,Texas,United States,10329,CRM
AUS00133,0044 Archer Mount,Los Angeles,California,United States,47935,CRM
AUS00134,225 Eric Roads Suite 855,Los Angeles,California,United States,73043,CRM
AUS00135,69035 Joshua Orchard,Phoenix,Arizona,United States,20803,CRM
AUS00136,963 Hamilton Knolls Apt. 136,Los Angeles,California,United States,91376,CRM
AUS00137,65128 Alicia Manor,Los Angeles,California,United States,61424,CRM
AUS00138,59173 Todd Mission Suite 187,Houston,Texas,United States,08539,CRM
AUS00139,776 Robles Lock,New York,New York,United States,59942,CRM
AUS00140,7556 Matthew Flat Suite 756,New York,New York,United States,71204,CRM
AUS00141,17625 Wilson Fords Apt. 121,Phoenix,Arizona,United States,16885,CRM
AUS00142,55465 Ayala Village Suite 613,Houston,Texas,United States,35021,CRM
AUS00143,4478 Devin Throughway Suite 198,Chicago,Illinois,United States,78891,CRM
AUS00144,60349 Daniels Mills,New York,New York,United States,77149,CRM
AUS00145,67666 Kimberly Stravenue,Chicago,Illinois,United States,06429,CRM
AUS00146,760 Ryan Turnpike,Chicago,Illinois,United States,95338,CRM
AUS00147,90697 Jill Curve,Houston,Texas,United States,53553,CRM
AUS00148,291 Sarah Expressway,New York,New York,United States,06371,CRM
AUS00149,162 Lisa Way Apt. 409,Los Angeles,California,United States,22778,CRM
AUS00150,193 Castro Burgs Suite 443,Los Angeles,California,United States,67969,CRM
AUS00151,3496 Heather Harbors,Phoenix,Arizona,United States,25973,CRM
AUS00152,11222 Wells Union Suite 682,Los Angeles,California,United States,95069,CRM
AUS00153,15890 Holly Villages,Phoenix,Arizona,United States,26835,CRM
AUS00154,0246 Megan Summit,Los Angeles,California,United States,29325,CRM
AUS00155,8120 Melissa Green Apt. 346,Phoenix,Arizona,United States,24650,CRM
AUS00156,4442 Marcus Drive,Los Angeles,California,United States,78388,CRM
AUS00157,86169 Casey Prairie,Houston,Texas,United States,71884,CRM
AUS00158,35312 Porter Stravenue Suite 141,Houston,Texas,United States,01003,CRM
AUS00159,8245 David Springs,Los Angeles,California,United States,29773,CRM
AUS00160,2954 Thompson Branch Apt. 965,Los Angeles,California,United States,69365,CRM
AUS00161,150 Ricky Turnpike Apt. 577,Houston,Texas,United States,38301,CRM
AUS00162,7701 Robinson Club Suite 436,Houston,Texas,United States,34402,CRM
AUS00163,81423 Thomas Islands,Los Angeles,California,United States,14253,CRM
AUS00164,3528 Austin Junction,Phoenix,Arizona,United States,53900,CRM
AUS00165,46621 Sanchez Station,New York,New York,United States,74353,CRM
AUS00166,79836 Patel View Apt. 213,New York,New York,United States,78271,CRM
AUS00167,01631 Denise Islands Apt. 942,Phoenix,Arizona,United States,19961,CRM
AUS00168,23204 Brian Keys,Chicago,Illinois,United States,76549,CRM
AUS00169,1941 Harris Estates Apt. 470,Phoenix,Arizona,United States,76082,CRM
AUS00170,0874 Espinoza Park Apt. 670,Chicago,Illinois,United States,77367,CRM
AUS00171,17991 Crystal Extensions Apt. 621,New York,New York,United States,10642,CRM
AUS00172,46684 Natasha Burg Suite 440,Los Angeles,California,United States,23755,CRM
AUS00173,646 Morgan Corner Suite 944,Houston,Texas,United States,30482,CRM
AUS00174,3792 Richardson Place,Houston,Texas,United States,64379,CRM
AUS00175,2246 Cynthia Underpass Apt. 525,New York,New York,United States,98476,CRM
AUS00176,793 Sandra Garden,Chicago,Illinois,United States,75876,CRM
AUS00177,22709 Perry Plains Apt. 420,Phoenix,Arizona,United States,57693,CRM
AUS00178,944 Robert Trail Suite 575,Los Angeles,California,United States,60142,CRM
AUS00179,4415 Elizabeth Place,Chicago,Illinois,United States,34536,CRM
AUS00180,4775 Erica Summit,Los Angeles,California,United States,74223,CRM
AUS00181,504 Christopher Cliff,Phoenix,Arizona,United States,03239,CRM
AUS00182,41472 Allen Curve,Phoenix,Arizona,United States,98674,CRM
AUS00183,9071 Victoria Crossroad Suite 611,Houston,Texas,United States,51280,CRM
AUS00184,6777 Eric Spur Apt. 180,New York,New York,United States,01226,CRM
AUS00185,4807 Weaver Underpass,Los Angeles,California,United States,09738,CRM
AUS00186,389 Walker Fall Apt. 171,Chicago,Illinois,United States,85678,CRM
AUS00187,5915 Robert Walks Suite 056,Phoenix,Arizona,United States,95827,CRM
AUS00188,46123 Renee Ridge Apt. 045,Los Angeles,California,United States,84048,CRM
AUS00189,37681 Mills Tunnel Suite 611,Chicago,Illinois,United States,76067,CRM
AUS00190,70731 Mccarthy Extension,Chicago,Illinois,United States,50490,CRM
AUS00191,7441 Daniels Well Suite 603,New York,New York,United States,31977,CRM
AUS00192,9773 Kenneth Forks Suite 406,New York,New York,United States,78478,CRM
AUS00193,803 Evans Drives Apt. 629,Los Angeles,California,United States,22925,CRM
AUS00194,605 Christine Mountain,New York,New York,United States,83782,CRM
AUS00195,6353 Rojas Dale Apt. 966,Los Angeles,California,United States,26864,CRM
AUS00196,65157 Molina Fords Suite 407,Los Angeles,California,United States,43939,CRM
AUS00197,64345 Wilkerson Roads Apt. 813,Chicago,Illinois,United States,83469,CRM
AUS00198,41816 Olivia Prairie Suite 122,New York,New York,United States,80216,CRM
AUS00199,4077 Christopher Landing Apt. 226,Chicago,Illinois,United States,18531,CRM
AUS00200,0574 Mack Causeway,Los Angeles,California,United States,81799,CRM
AUS00201,0097 Alvarez Centers,Los Angeles,California,United States,20253,CRM
AUS00202,99333 Joshua Cliffs Apt. 386,Houston,Texas,United States,99881,CRM
AUS00203,123 Michael Skyway Apt. 968,Chicago,Illinois,United States,07508,CRM
AUS00204,078 Derek Walks Suite 279,New York,New York,United States,73929,CRM
AUS00205,752 Moreno Greens Apt. 070,Houston,Texas,United States,12826,CRM
AUS00206,3923 Diana Trail,New York,New York,United States,34594,CRM
AUS00207,40460 Keller Cliffs,Houston,Texas,United States,75580,CRM
AUS00208,9688 Davidson Island,Los Angeles,California,United States,24336,CRM
AUS00209,4642 Miller Burg Suite 771,Houston,Texas,United States,26563,CRM
AUS00210,6271 Hernandez Stream Apt. 424,New York,New York,United States,67715,CRM
AUS00211,068 Nelson Shores Suite 175,Phoenix,Arizona,United States,70748,CRM
AUS00212,987 Lauren Skyway,Los Angeles,California,United States,79426,CRM
AUS00213,32374 Smith Club Apt. 480,Phoenix,Arizona,United States,17181,CRM
AUS00214,63182 Dillon Village,Houston,Texas,United States,17283,CRM
AUS00215,98536 John Brooks Suite 596,Los Angeles,California,United States,75070,CRM
AUS00216,483 Mcneil Brooks,New York,New York,United States,05843,CRM
AUS00217,660 Lutz Curve,Houston,Texas,United States,63125,CRM
AUS00218,091 Todd Dale,Los Angeles,California,United States,55324,CRM
AUS00219,95262 Odonnell Extensions,Los Angeles,California,United States,58664,CRM
AUS00220,060 Parker Fall Suite 016,Los Angeles,California,United States,50117,CRM
AUS00221,758 Gallagher Islands,Chicago,Illinois,United States,39216,CRM
AUS00222,783 Jared Fall Apt. 558,Phoenix,Arizona,United States,90082,CRM
AUS00223,876 Baker Light,Houston,Texas,United States,07692,CRM
AUS00224,707 Theresa Locks Apt. 738,New York,New York,United States,76390,CRM
AUS00225,246 Lisa Ways Apt. 330,Los Angeles,California,United States,64483,CRM
AUS00226,1867 Aguirre Square Suite 740,Chicago,Illinois,United States,07034,CRM
AUS00227,17324 Michael Square Suite 823,Phoenix,Arizona,United States,27975,CRM
AUS00228,51781 Kathryn Fall Apt. 473,Chicago,Illinois,United States,56752,CRM
AUS00229,585 Marshall Points,Los Angeles,California,United States,83757,CRM
AUS00230,30419 Coleman Station Suite 717,Phoenix,Arizona,United States,38664,CRM
AUS00231,86622 Jason Mews Suite 373,New York,New York,United States,22305,CRM
AUS00232,0795 Wilson Lock,Chicago,Illinois,United States,60463,CRM
AUS00233,10939 Ashley Ways Apt. 165,New York,New York,United States,70956,CRM
AUS00234,34556 Pugh Pines Apt. 294,Houston,Texas,United States,34190,CRM
AUS00235,92682 Hernandez Islands Suite 482,Houston,Texas,United States,36592,CRM
AUS00236,4911 Joseph Curve Suite 455,Phoenix,Arizona,United States,14238,CRM
AUS00237,46028 Rachel Estate,Los Angeles,California,United States,79211,CRM
AUS00238,72684 Amanda Skyway,Los Angeles,California,United States,10510,CRM
AUS00239,1948 Michaela Bridge Suite 427,Houston,Texas,United States,51827,CRM
AUS00240,6905 Amber Green,Houston,Texas,United States,89430,CRM
AUS00241,741 Rivera Hill Suite 017,Los Angeles,California,United States,97711,CRM
AUS00242,09764 Sharon Shoals Suite 561,Chicago,Illinois,United States,51660,CRM
AUS00243,87361 Perez Pine Suite 594,New York,New York,United States,11949,CRM
AUS00244,43404 Sullivan Landing Apt. 277,New York,New York,United States,91607,CRM
AUS00245,17497 Joshua Stravenue,Phoenix,Arizona,United States,40354,CRM
AUS00246,7962 Kirk Trail,Phoenix,Arizona,United States,01110,CRM
AUS00247,3446 Simpson Turnpike,Los Angeles,California,United States,76570,CRM
AUS00248,80086 Jay Fork,Houston,Texas,United States,05753,CRM
AUS00249,27208 Kyle Canyon Suite 624,Los Angeles,California,United States,55990,CRM
AUS00250,8913 Melanie Plains Apt. 559,Chicago,Illinois,United States,80556,CRM
AUS00251,8428 Heather Tunnel,Los Angeles,California,United States,29270,CRM
AUS00252,20215 Graham Plaza,Houston,Texas,United States,78141,CRM
AUS00253,0240 Richard Loaf Apt. 968,Phoenix,Arizona,United States,79788,CRM
AUS00254,126 King Corner,Los Angeles,California,United States,81966,CRM
AUS00255,55817 Smith Row,Los Angeles,California,United States,50490,CRM
AUS00256,0244 Patrick Meadows Suite 676,Los Angeles,California,United States,98097,CRM
AUS00257,78835 Tamara Circle Suite 350,Los Angeles,California,United States,79033,CRM
AUS00258,8464 Tom Roads,Phoenix,Arizona,United States,02935,CRM
AUS00259,4271 Roberts Rue Suite 114,Los Angeles,California,United States,93706,CRM
AUS00260,614 Lee Meadow Apt. 640,New York,New York,United States,42613,CRM
AUS00261,5468 Donna Fort Suite 350,Houston,Texas,United States,72313,CRM
AUS00262,53038 Doyle Common,Los Angeles,California,United States,60188,CRM
AUS00263,7632 Wallace Extension,New York,New York,United States,13633,CRM
AUS00264,9121 Edwards Fort Suite 449,Chicago,Illinois,United States,24935,CRM
AUS00265,090 Suarez Forges Apt. 831,Phoenix,Arizona,United States,11324,CRM
AUS00266,9615 Fisher Route,Los Angeles,California,United States,43217,CRM
AUS00267,0403 Lopez Union,Los Angeles,California,United States,13654,CRM
AUS00268,6455 Arnold Fords,Phoenix,Arizona,United States,81132,CRM
AUS00269,525 Johnson Spurs Apt. 590,New York,New York,United States,54569,CRM
AUS00270,9312 Kaylee Loaf,Chicago,Illinois,United States,36978,CRM
AUS00271,995 Mason Hollow Apt. 159,Los Angeles,California,United States,73742,CRM
AUS00272,0643 Cooper Gateway,Chicago,Illinois,United States,49798,CRM
AUS00273,77289 Katrina Falls Suite 161,Chicago,Illinois,United States,64672,CRM
AUS00274,67190 Ruiz Walk Suite 432,Chicago,Illinois,United States,83863,CRM
AUS00275,9544 Kimberly Square Suite 447,Los Angeles,California,United States,70791,CRM
AUS00276,994 Williamson Knoll,Los Angeles,California,United States,47402,CRM
AUS00277,59815 White Skyway Suite 084,Phoenix,Arizona,United States,98795,CRM
AUS00278,55071 Mark Courts,Chicago,Illinois,United States,85056,CRM
AUS00279,0816 Reginald Flats,Los Angeles,California,United States,25896,CRM
AUS00280,500 David Islands Apt. 209,New York,New York,United States,61107,CRM
AUS00281,359 Deborah Circle Suite 554,Los Angeles,California,United States,83916,CRM
AUS00282,476 Gonzalez Pine Suite 688,Chicago,Illinois,United States,79351,CRM
AUS00283,787 Gonzalez Shore,Los Angeles,California,United States,09303,CRM
AUS00284,630 Patterson Corners,Phoenix,Arizona,United States,17338,CRM
AUS00285,01160 Mcintosh Pike,Phoenix,Arizona,United States,58189,CRM
AUS00286,80148 Rocha Mission Suite 544,Chicago,Illinois,United States,14657,CRM
AUS00287,773 Zamora Well Suite 864,Chicago,Illinois,United States,30904,CRM
AUS00288,6330 Allen Keys,Houston,Texas,United States,92768,CRM
AUS00289,850 Nguyen Ridge,Los Angeles,California,United States,94868,CRM
AUS00290,48075 Simpson Square Suite 747,Chicago,Illinois,United States,40825,CRM
AUS00291,51397 William Radial,New York,New York,United States,60639,CRM
AUS00292,83631 Thomas Wall Apt. 032,Los Angeles,California,United States,39449,CRM
AUS00293,8441 Samuel Underpass,Los Angeles,California,United States,34522,CRM
AUS00294,2244 Valdez Port,Phoenix,Arizona,United States,57105,CRM
AUS00295,474 John Locks,Houston,Texas,United States,65874,CRM
AUS00296,29739 Victoria Burg,Phoenix,Arizona,United States,73436,CRM
AUS00297,94384 Davis Summit,Houston,Texas,United States,04639,CRM
AUS00298,2218 Barbara Fall,Chicago,Illinois,United States,16344,CRM
AUS00299,2450 Jason Ridges Apt. 456,Houston,Texas,United States,87997,CRM
AUS00300,21998 Daniel Fields,Chicago,Illinois,United States,21821,CRM
AUS00301,999 Gilbert Drive,New York,New York,United States,68196,CRM
AUS00302,6836 Barbara Groves,Houston,Texas,United States,16419,CRM
AUS00303,85875 Mandy Ports Apt. 113,New York,New York,United States,38844,CRM
AUS00304,516 Cook Gardens,New York,New York,United States,26000,CRM
AUS00305,673 Jessica Shoal Suite 260,Chicago,Illinois,United States,93424,CRM
AUS00306,8215 Shawn Cove Apt. 884,Los Angeles,California,United States,48834,CRM
AUS00307,49296 Tyler Knolls Apt. 796,New York,New York,United States,93923,CRM
AUS00308,3501 Roger Valley,New York,New York,United States,15411,CRM
AUS00309,09036 Alexandra Locks,Phoenix,Arizona,United States,70292,CRM
AUS00310,32651 Jordan Forks,Los Angeles,California,United States,41224,CRM
AUS00311,264 Andre Avenue,Houston,Texas,United States,91697,CRM
AUS00312,50162 Stephens Ville,Phoenix,Arizona,United States,51688,CRM
AUS00313,4687 Smith Club,New York,New York,United States,18947,CRM
AUS00314,960 Bridges Crest Apt. 447,Houston,Texas,United States,35536,CRM
AUS00315,2880 Suzanne Court Suite 409,Houston,Texas,United States,92234,CRM
AUS00316,4284 Becker Harbor Suite 007,Phoenix,Arizona,United States,43106,CRM
AUS00317,857 Walsh Extensions Suite 897,Phoenix,Arizona,United States,04670,CRM
AUS00318,2718 Lisa Crescent,Chicago,Illinois,United States,78570,CRM
AUS00319,304 Jones Mews Apt. 234,Houston,Texas,United States,67546,CRM
AUS00320,9205 Gonzalez Crossroad,Los Angeles,California,United States,50804,CRM
AUS00321,326 Douglas Villages Suite 739,Chicago,Illinois,United States,99305,CRM
AUS00322,838 Andrea Forge,Chicago,Illinois,United States,90413,CRM
AUS00323,9082 Scott Circle,Chicago,Illinois,United States,67435,CRM
AUS00324,39620 Mason Extension,Houston,Texas,United States,60668,CRM
AUS00325,3850 Richard Plaza Suite 930,Chicago,Illinois,United States,30428,CRM
AUS00326,8041 Christopher Parkways Suite 160,Chicago,Illinois,United States,41365,CRM
AUS00327,768 Timothy Ferry Apt. 084,Phoenix,Arizona,United States,67597,CRM
AUS00328,309 Danielle Mission,Chicago,Illinois,United States,08046,CRM
AUS00329,105 Huerta Fall Suite 591,Phoenix,Arizona,United States,04523,CRM
AUS00330,6139 Schmidt Meadows Apt. 247,Los Angeles,California,United States,37236,CRM
AUS00331,2353 Dale Overpass Suite 008,Los Angeles,California,United States,49927,CRM
AUS00332,493 Dakota Street Suite 198,Houston,Texas,United States,28472,CRM
AUS00333,01133 Anderson Path Apt. 559,New York,New York,United States,91559,CRM
AUS00334,06874 Judy Summit Apt. 869,Phoenix,Arizona,United States,50498,CRM
AUS00335,62883 Rodriguez Burg Suite 163,Los Angeles,California,United States,63627,CRM
AUS00336,6393 Ferguson Dale,Chicago,Illinois,United States,72723,CRM
AUS00337,26168 Rick Wells,Phoenix,Arizona,United States,76054,CRM
AUS00338,9996 Anderson Squares,Phoenix,Arizona,United States,44255,CRM
AUS00339,363 Allen Creek Suite 310,Chicago,Illinois,United States,71987,CRM
AUS00340,92581 Baker Islands,New York,New York,United States,31564,CRM
AUS00341,49238 Wilson Divide,Phoenix,Arizona,United States,05831,CRM
AUS00342,87902 Fernandez Via Suite 206,Phoenix,Arizona,United States,10285,CRM
AUS00343,1431 Mitchell Islands,Los Angeles,California,United States,93928,CRM
AUS00344,838 Christopher Mountains Apt. 363,New York,New York,United States,15827,CRM
AUS00345,85574 Sandra Island,Phoenix,Arizona,United States,80329,CRM
AUS00346,7328 Sarah Ways Suite 827,New York,New York,United States,06027,CRM
AUS00347,51175 Love Key,New York,New York,United States,43192,CRM
AUS00348,66336 James Ford,Phoenix,Arizona,United States,35696,CRM
AUS00349,6388 Martinez Estate Suite 790,Phoenix,Arizona,United States,18337,CRM
AUS00350,668 Johnson Roads,Houston,Texas,United States,48941,CRM
AUS00351,2321 Hess Shoal,Chicago,Illinois,United States,44466,CRM
AUS00352,811 James Expressway,Phoenix,Arizona,United States,04309,CRM
AUS00353,88286 Powell Ferry Suite 445,Los Angeles,California,United States,94950,CRM
AUS00354,3716 Bauer Ways,Phoenix,Arizona,United States,93808,CRM
AUS00355,740 Pamela Stream Apt. 094,New York,New York,United States,98950,CRM
AUS00356,65355 Gross Road Suite 258,Phoenix,Arizona,United States,65835,CRM
AUS00357,768 Montgomery Ports,Chicago,Illinois,United States,66312,CRM
AUS00358,52519 Jennifer Rest Suite 888,Phoenix,Arizona,United States,96801,CRM
AUS00359,8061 Hannah Way,Houston,Texas,United States,03315,CRM
AUS00360,79921 Walters Brook Suite 654,New York,New York,United States,62848,CRM
AUS00361,36930 Wood Shoal,Houston,Texas,United States,61715,CRM
AUS00362,54560 Smith Isle Apt. 179,Los Angeles,California,United States,78009,CRM
AUS00363,1900 Wesley Wall,Phoenix,Arizona,United States,82540,CRM
AUS00364,9662 Wong Mews Suite 254,New York,New York,United States,81042,CRM
AUS00365,796 Douglas Meadow,Chicago,Illinois,United States,85429,CRM
AUS00366,155 Richard Villages,Los Angeles,California,United States,92956,CRM
AUS00367,383 Joe Locks Apt. 365,Phoenix,Arizona,United States,29922,CRM
AUS00368,3215 Heather Parkways Apt. 399,Phoenix,Arizona,United States,87927,CRM
AUS00369,06865 Thomas Plaza Apt. 455,Phoenix,Arizona,United States,14375,CRM
AUS00370,049 William Mills,Chicago,Illinois,United States,43427,CRM
AUS00371,9903 Hayes Rapids,Chicago,Illinois,United States,57067,CRM
AUS00372,468 Kayla Skyway,Chicago,Illinois,United States,08246,CRM
AUS00373,78310 Patricia Grove,Houston,Texas,United States,52756,CRM
AUS00374,4493 Willis Burg Suite 273,Los Angeles,California,United States,42149,CRM
AUS00375,9129 Thomas Rapid,Chicago,Illinois,United States,02807,CRM
AUS00376,5143 Calhoun Glens,Chicago,Illinois,United States,38783,CRM
AUS00377,65869 Lowe Avenue,Phoenix,Arizona,United States,68960,CRM
AUS00378,687 Pierce Forge,New York,New York,United States,50046,CRM
AUS00379,241 Trujillo Hollow,Chicago,Illinois,United States,89852,CRM
AUS00380,7176 Combs Mountains Apt. 353,Houston,Texas,United States,07513,CRM
AUS00381,650 Kelli Summit,Houston,Texas,United States,95270,CRM
AUS00382,757 Catherine Lodge,Houston,Texas,United States,42830,CRM
AUS00383,6415 Michele Circle,New York,New York,United States,76720,CRM
AUS00384,8877 Bailey Squares Apt. 574,Los Angeles,California,United States,61198,CRM
AUS00385,021 Wall Branch,Houston,Texas,United States,01077,CRM
AUS00386,123 Kelly Light Apt. 115,Los Angeles,California,United States,55248,CRM
AUS00387,2265 Perez Glens,Los Angeles,California,United States,42306,CRM
AUS00388,89412 Candice Mountains,Los Angeles,California,United States,80798,CRM
AUS00389,2893 King Grove Suite 087,Phoenix,Arizona,United States,80467,CRM
AUS00390,8631 Kendra Manor Suite 432,Houston,Texas,United States,25592,CRM
AUS00391,931 Crawford Court,New York,New York,United States,71850,CRM
AUS00392,76619 Fernandez Landing Suite 016,New York,New York,United States,74765,CRM
AUS00393,1824 Holland Station,Phoenix,Arizona,United States,03033,CRM
AUS00394,110 Cody Harbors,Los Angeles,California,United States,61919,CRM
AUS00395,397 Courtney Mountains,Los Angeles,California,United States,12447,CRM
AUS00396,776 April Inlet,New York,New York,United States,21662,CRM
AUS00397,8960 Schmitt Ford,Houston,Texas,United States,90902,CRM
AUS00398,584 Fisher Fields Suite 655,New York,New York,United States,77956,CRM
AUS00399,2454 Lori Mount,Houston,Texas,United States,45839,CRM
AUS00400,916 Taylor Locks Apt. 857,Houston,Texas,United States,55272,CRM
AUS00401,78787 Kristi Turnpike,Los Angeles,California,United States,24324,CRM
AUS00402,7590 Mary Manor Suite 568,New York,New York,United States,52631,CRM
AUS00403,960 Moses Flats Suite 396,Phoenix,Arizona,United States,00984,CRM
AUS00404,003 Anderson Center Suite 794,Houston,Texas,United States,32120,CRM
AUS00405,650 Michelle Trace,Chicago,Illinois,United States,38384,CRM
AUS00406,4302 Harris Station,Chicago,Illinois,United States,98775,CRM
AUS00407,67051 Paul Inlet Suite 580,Phoenix,Arizona,United States,10326,CRM
AUS00408,4702 Martin Route,Los Angeles,California,United States,82588,CRM
AUS00409,71777 Parks Garden,Houston,Texas,United States,63526,CRM
AUS00410,204 Robert Cape Suite 518,Los Angeles,California,United States,58566,CRM
AUS00411,93606 Harry Trail Apt. 864,Chicago,Illinois,United States,96923,CRM
AUS00412,520 Jeffrey Skyway,Chicago,Illinois,United States,35914,CRM
AUS00413,910 Walker Club Suite 890,Phoenix,Arizona,United States,69589,CRM
AUS00414,453 Smith Road,Phoenix,Arizona,United States,39779,CRM
AUS00415,8561 Kevin Tunnel,Los Angeles,California,United States,62933,CRM
AUS00416,0306 Stephen Highway Apt. 621,Los Angeles,California,United States,92817,CRM
AUS00417,2715 Rachael Burgs,Phoenix,Arizona,United States,63955,CRM
AUS00418,42032 David Flat Suite 037,New York,New York,United States,54969,CRM
AUS00419,51519 Brown Village,New York,New York,United States,49599,CRM
AUS00420,4004 Tucker Dale,Phoenix,Arizona,United States,63768,CRM
AUS00421,81984 Kevin Turnpike Apt. 279,Phoenix,Arizona,United States,38132,CRM
AUS00422,72868 Moreno Ford Apt. 922,New York,New York,United States,83932,CRM
AUS00423,1349 Johnson Keys Suite 060,Los Angeles,California,United States,30201,CRM
AUS00424,76772 Sanchez Parkway Apt. 324,New York,New York,United States,79283,CRM
AUS00425,1850 Williams Knolls,Houston,Texas,United States,03350,CRM
AUS00426,6351 Smith Mission,Los Angeles,California,United States,73125,CRM
AUS00427,7691 Farmer Squares Suite 587,Los Angeles,California,United States,66464,CRM
AUS00428,93828 Burton Plaza,Chicago,Illinois,United States,81560,CRM
AUS00429,88774 David Gateway Apt. 110,Los Angeles,California,United States,32134,CRM
AUS00430,59742 Brian Plains Apt. 556,New York,New York,United States,37462,CRM
AUS00431,933 Nicholas Junction,Chicago,Illinois,United States,83365,CRM
AUS00432,70928 Christine Fort,New York,New York,United States,59784,CRM
AUS00433,59968 Lane Turnpike,Los Angeles,California,United States,69277,CRM
AUS00434,3638 Julie Ridges,Los Angeles,California,United States,52301,CRM
AUS00435,2812 Watson Gateway,Phoenix,Arizona,United States,06202,CRM
AUS00436,4838 Wolf Park Apt. 017,Houston,Texas,United States,57519,CRM
AUS00437,0515 Amy Place,Houston,Texas,United States,68037,CRM
AUS00438,599 Bennett Lodge Apt. 687,Phoenix,Arizona,United States,23335,CRM
AUS00439,384 Daniel Pass,Chicago,Illinois,United States,23182,CRM
AUS00440,1315 Brown Greens,Chicago,Illinois,United States,16605,CRM
AUS00441,2467 Wright Lodge Suite 444,New York,New York,United States,37337,CRM
AUS00442,58667 Olson Avenue,Los Angeles,California,United States,33220,CRM
AUS00443,008 Hudson Oval,Chicago,Illinois,United States,22329,CRM
AUS00444,70284 Jessica Streets,Chicago,Illinois,United States,56774,CRM
AUS00445,1501 Stone Brook,Chicago,Illinois,United States,22432,CRM
AUS00446,7322 Emma Via Suite 692,Los Angeles,California,United States,03646,CRM
AUS00447,30506 William Drives,Chicago,Illinois,United States,16553,CRM
AUS00448,5593 Melinda Springs,New York,New York,United States,60935,CRM
AUS00449,83161 Diaz Fields Suite 130,Houston,Texas,United States,88098,CRM
AUS00450,37303 Montoya Lakes,Houston,Texas,United States,95083,CRM
AUS00451,937 Marshall Pike Suite 277,Houston,Texas,United States,59621,CRM
AUS00452,5705 Deborah Avenue Apt. 237,Houston,Texas,United States,17810,CRM
AUS00453,0982 Crystal Harbors Apt. 414,Los Angeles,California,United States,35822,CRM
AUS00454,201 Morrison Manor,New York,New York,United States,17224,CRM
AUS00455,00248 Micheal Field,Phoenix,Arizona,United States,24315,CRM
AUS00456,74080 Kathy Rapids,New York,New York,United States,59290,CRM
AUS00457,52140 Thomas Pass Apt. 051,New York,New York,United States,59492,CRM
AUS00458,4926 Christina Courts,Phoenix,Arizona,United States,03871,CRM
AUS00459,066 Davis Prairie,New York,New York,United States,86102,CRM
AUS00460,94106 Jill Extension Suite 160,New York,New York,United States,65661,CRM
AUS00461,8809 Wilson Flat Suite 859,New York,New York,United States,16217,CRM
AUS00462,6265 Bishop Glens Apt. 420,Chicago,Illinois,United States,51948,CRM
AUS00463,457 Amy Loaf Suite 120,Houston,Texas,United States,87767,CRM
AUS00464,797 Fitzpatrick Landing Apt. 083,Los Angeles,California,United States,11041,CRM
AUS00465,2170 Julie Junction Suite 367,Phoenix,Arizona,United States,81732,CRM
AUS00466,7599 Chavez Squares Apt. 661,Houston,Texas,United States,70050,CRM
AUS00467,8726 Charles Ferry Apt. 011,Chicago,Illinois,United States,44978,CRM
AUS00468,805 Mendoza Knoll,Houston,Texas,United States,42736,CRM
AUS00469,2004 Brian Drives Apt. 958,Chicago,Illinois,United States,18504,CRM
AUS00470,336 Lopez Squares,Los Angeles,California,United States,26181,CRM
AUS00471,1158 Kenneth Branch,New York,New York,United States,23834,CRM
AUS00472,001 Chris Ford Suite 505,New York,New York,United States,17979,CRM
AUS00473,073 Ramirez Pike Apt. 604,Los Angeles,California,United States,03540,CRM
AUS00474,896 Michael Park Suite 162,Los Angeles,California,United States,77438,CRM
AUS00475,3680 George Stream Suite 999,Chicago,Illinois,United States,35513,CRM
AUS00476,2537 Lori Alley,Los Angeles,California,United States,45179,CRM
AUS00477,639 Singleton Ranch,Phoenix,Arizona,United States,79442,CRM
AUS00478,54398 Claudia Burgs,Phoenix,Arizona,United States,49212,CRM
AUS00479,4222 Sheri Point Suite 062,Houston,Texas,United States,23731,CRM
AUS00480,6152 Williams Cliff,Houston,Texas,United States,20865,CRM
AUS00481,0070 Charles Hill,Phoenix,Arizona,United States,15709,CRM
AUS00482,9604 James Skyway Apt. 083,Houston,Texas,United States,10703,CRM
AUS00483,087 Fernandez Summit Apt. 968,Chicago,Illinois,United States,14613,CRM
AUS00484,9564 Daniel Roads Suite 905,Houston,Texas,United States,26832,CRM
AUS00485,672 Michael Island Suite 782,New York,New York,United States,84917,CRM
AUS00486,6206 Matthew Mountains,New York,New York,United States,32139,CRM
AUS00487,692 Whitney Haven Apt. 584,Chicago,Illinois,United States,45800,CRM
AUS00488,560 Ward Mission,Phoenix,Arizona,United States,42309,CRM
AUS00489,7475 Willis Islands Suite 532,Phoenix,Arizona,United States,49971,CRM
AUS00490,75459 Lisa Spurs,New York,New York,United States,59141,CRM
AUS00491,1329 Payne Forge Apt. 985,New York,New York,United States,16198,CRM
AUS00492,149 Matthew Mills Apt. 617,Houston,Texas,United States,42496,CRM
AUS00493,29564 Matthews Tunnel,New York,New York,United States,99229,CRM
AUS00494,287 Kim Meadow Suite 505,Houston,Texas,United States,38417,CRM
AUS00495,7375 Gonzales Light Suite 448,Chicago,Illinois,United States,53357,CRM
AUS00496,193 Jennifer Mount,Chicago,Illinois,United States,83546,CRM
AUS00497,2087 Beck Ridges,Phoenix,Arizona,United States,41804,CRM
AUS00498,2590 Nichole Garden Suite 954,Los Angeles,California,United States,40276,CRM
AUS00499,4339 Kelly Row Suite 625,New York,New York,United States,79567,CRM
AUS00500,955 Mullins Bypass,Chicago,Illinois,United States,63837,CRM
AUS00501,824 Larson Islands,Phoenix,Arizona,United States,96108,CRM
AUS00502,83931 Whitehead Lights,Phoenix,Arizona,United States,19067,CRM
AUS00503,57908 Foster Roads,Phoenix,Arizona,United States,64913,CRM
AUS00504,22584 Christopher Brooks Apt. 106,Phoenix,Arizona,United States,56875,CRM
AUS00505,64099 Joshua Way,Houston,Texas,United States,14106,CRM
AUS00506,882 Kennedy Port,Phoenix,Arizona,United States,01164,CRM
AUS00507,003 Kerry Tunnel Suite 756,Houston,Texas,United States,96495,CRM
AUS00508,751 Joe Plaza,Chicago,Illinois,United States,13978,CRM
AUS00509,6216 Katie Mall Apt. 263,Chicago,Illinois,United States,58257,CRM
AUS00510,156 Scott Groves Suite 564,Phoenix,Arizona,United States,05865,CRM
AUS00511,770 Mcclain Camp,Phoenix,Arizona,United States,47894,CRM
AUS00512,9653 Ballard Fields,Los Angeles,California,United States,92969,CRM
AUS00513,7824 Thomas Wall,Houston,Texas,United States,69877,CRM
AUS00514,0407 Beck Extension,Los Angeles,California,United States,94139,CRM
AUS00515,73920 Brandon Underpass,Chicago,Illinois,United States,49972,CRM
AUS00516,71580 Nicholas Key Suite 062,Phoenix,Arizona,United States,96507,CRM
AUS00517,093 Courtney Shoals Apt. 820,Los Angeles,California,United States,81584,CRM
AUS00518,0087 Foley Ridges Apt. 042,Phoenix,Arizona,United States,17431,CRM
AUS00519,70581 Daniels Streets Apt. 372,Chicago,Illinois,United States,50798,CRM
AUS00520,30497 Christopher Meadows Apt. 537,New York,New York,United States,75264,CRM
AUS00521,21535 Tyler Pike,Los Angeles,California,United States,13023,CRM
AUS00522,2987 Erin Well Suite 092,New York,New York,United States,73898,CRM
AUS00523,50162 Stephens Plaza,Los Angeles,California,United States,31837,CRM
AUS00524,765 Adams Hill,Chicago,Illinois,United States,19400,CRM
AUS00525,41119 Zhang Motorway Apt. 121,Chicago,Illinois,United States,15626,CRM
AUS00526,3679 Ross Greens,Chicago,Illinois,United States,25368,CRM
AUS00527,96692 Mullins Lights Suite 096,Chicago,Illinois,United States,97234,CRM
AUS00528,7630 Rosario Way,Houston,Texas,United States,44928,CRM
AUS00529,84063 Daniel Green,Chicago,Illinois,United States,92246,CRM
AUS00530,243 Barbara Spring,Los Angeles,California,United States,33018,CRM
AUS00531,17815 Pierce Locks,Phoenix,Arizona,United States,26280,CRM
AUS00532,7888 Anderson Shoals Apt. 189,Los Angeles,California,United States,78212,CRM
AUS00533,17637 Martin Streets,Chicago,Illinois,United States,58698,CRM
AUS00534,9898 Howell Court,New York,New York,United States,24108,CRM
AUS00535,65522 Moyer Oval,Houston,Texas,United States,19912,CRM
AUS00536,32875 Green Walk,Chicago,Illinois,United States,51270,CRM
AUS00537,9486 Lisa Parks Apt. 682,Los Angeles,California,United States,21056,CRM
AUS00538,910 Matthew Land,Los Angeles,California,United States,37652,CRM
AUS00539,64798 Lopez Circles Suite 087,Houston,Texas,United States,59636,CRM
AUS00540,06212 Hernandez Lodge Apt. 435,Houston,Texas,United States,60637,CRM
AUS00541,64661 Daniel Trace,Phoenix,Arizona,United States,41326,CRM
AUS00542,0431 Paula Stravenue Apt. 883,New York,New York,United States,18367,CRM
AUS00543,2909 Mccoy Route,Phoenix,Arizona,United States,73158,CRM
AUS00544,968 Jennifer Parkways Apt. 337,New York,New York,United States,83741,CRM
AUS00545,93764 Dustin Dale Apt. 421,New York,New York,United States,85677,CRM
AUS00546,767 Mcdonald Tunnel Suite 219,Chicago,Illinois,United States,01422,CRM
AUS00547,4289 Erika Springs,Chicago,Illinois,United States,21798,CRM
AUS00548,9300 Haley Turnpike,Houston,Texas,United States,44118,CRM
AUS00549,47128 Ronnie Terrace Apt. 184,Houston,Texas,United States,75126,CRM
AUS00550,622 Joshua Plain,Los Angeles,California,United States,80169,CRM
AUS00551,601 Timothy Summit Apt. 043,Los Angeles,California,United States,24910,CRM
AUS00552,1995 West Views Apt. 256,Phoenix,Arizona,United States,05808,CRM
AUS00553,56140 Richard Coves Apt. 630,Los Angeles,California,United States,76849,CRM
AUS00554,0371 Joseph Stream Apt. 665,Los Angeles,California,United States,04886,CRM
AUS00555,142 Jason Inlet,Houston,Texas,United States,09769,CRM
AUS00556,76166 Dyer Mission Apt. 436,Los Angeles,California,United States,98807,CRM
AUS00557,1091 Amanda Burgs Apt. 707,Phoenix,Arizona,United States,39750,CRM
AUS00558,86449 Tina Greens,Chicago,Illinois,United States,44580,CRM
AUS00559,63580 Downs Orchard Suite 428,Chicago,Illinois,United States,70427,CRM
AUS00560,8380 Villarreal Fort,Houston,Texas,United States,38815,CRM
AUS00561,584 Johnson Mountain,Phoenix,Arizona,United States,52585,CRM
AUS00562,6482 Holland Ramp Suite 254,Phoenix,Arizona,United States,35755,CRM
AUS00563,1790 Amanda Passage Apt. 354,Los Angeles,California,United States,73279,CRM
AUS00564,53717 Miller Passage Apt. 834,Chicago,Illinois,United States,55423,CRM
AUS00565,688 Thomas Drives Suite 948,Chicago,Illinois,United States,66585,CRM
AUS00566,47224 Cynthia Glen,New York,New York,United States,24244,CRM
AUS00567,937 Cheryl Squares Suite 291,New York,New York,United States,75362,CRM
AUS00568,868 Donna Groves Apt. 937,Chicago,Illinois,United States,54613,CRM
AUS00569,8895 Mariah Row,Houston,Texas,United States,31482,CRM
AUS00570,1441 Tran Locks,New York,New York,United States,85603,CRM
AUS00571,047 Alexander Rapids Suite 126,New York,New York,United States,29342,CRM
AUS00572,7901 James Meadows Apt. 443,Phoenix,Arizona,United States,10907,CRM
AUS00573,8676 Elizabeth Gateway,Houston,Texas,United States,51145,CRM
AUS00574,50226 Vincent Club,Chicago,Illinois,United States,16852,CRM
AUS00575,094 Mcgee Plains Suite 431,Chicago,Illinois,United States,89608,CRM
AUS00576,70183 Meagan Crossroad,New York,New York,United States,62453,CRM
AUS00577,1335 Ryan Creek,Phoenix,Arizona,United States,72631,CRM
AUS00578,6110 John Plain,Phoenix,Arizona,United States,85471,CRM
AUS00579,04048 Patty Vista,Chicago,Illinois,United States,10161,CRM
AUS00580,1547 Rodriguez Manors Suite 061,Phoenix,Arizona,United States,02093,CRM
AUS00581,4679 Morales Canyon,Los Angeles,California,United States,97748,CRM
AUS00582,03893 King Trafficway,Houston,Texas,United States,13026,CRM
AUS00583,223 Donna Rapids Suite 533,Los Angeles,California,United States,06916,CRM
AUS00584,205 Jordan Trace Suite 445,Phoenix,Arizona,United States,04123,CRM
AUS00585,835 John Islands Suite 880,Chicago,Illinois,United States,29389,CRM
AUS00586,123 Chavez Shoals,Houston,Texas,United States,65326,CRM
AUS00587,29691 Dustin Harbor Suite 845,Houston,Texas,United States,46952,CRM
AUS00588,221 Nelson Port Apt. 511,New York,New York,United States,61843,CRM
AUS00589,137 Fields Fords Apt. 805,Phoenix,Arizona,United States,50569,CRM
AUS00590,14257 Morales Isle Suite 745,Houston,Texas,United States,71035,CRM
AUS00591,11365 April Lodge Suite 048,New York,New York,United States,42864,CRM
AUS00592,22657 Brian Gardens,Chicago,Illinois,United States,71651,CRM
AUS00593,8434 Hester Crossing,Los Angeles,California,United States,98515,CRM
AUS00594,992 Jade Isle Apt. 111,Houston,Texas,United States,05797,CRM
AUS00595,277 Sean Branch Suite 549,Houston,Texas,United States,48852,CRM
AUS00596,97070 Ryan Mission Suite 320,Chicago,Illinois,United States,21762,CRM
AUS00597,42033 Hoffman Harbor Apt. 366,Phoenix,Arizona,United States,24419,CRM
AUS00598,8316 Case Parkway,Phoenix,Arizona,United States,69332,CRM
AUS00599,026 Anita River Suite 323,Los Angeles,California,United States,02527,CRM
AUS00600,433 Sanchez Terrace Apt. 109,New York,New York,United States,65343,CRM
AUS00601,3093 Penny Fords Suite 783,Houston,Texas,United States,44741,CRM
AUS00602,75902 Gay Parkways,Chicago,Illinois,United States,52684,CRM
AUS00603,00703 Briggs Prairie,Los Angeles,California,United States,82783,CRM
AUS00604,198 Susan Village Suite 862,Chicago,Illinois,United States,25250,CRM
AUS00605,3082 Johnson Route Suite 129,Chicago,Illinois,United States,14646,CRM
AUS00606,083 White Keys,New York,New York,United States,08012,CRM
AUS00607,069 Darren Cove,Los Angeles,California,United States,55512,CRM
AUS00608,670 Alvarez Rest Suite 562,New York,New York,United States,06365,CRM
AUS00609,261 Hannah Trace,Los Angeles,California,United States,45678,CRM
AUS00610,950 Bryan Passage Suite 947,Chicago,Illinois,United States,52193,CRM
AUS00611,11012 Lewis Plain Suite 984,Chicago,Illinois,United States,97729,CRM
AUS00612,032 John Square Apt. 472,Los Angeles,California,United States,21690,CRM
AUS00613,342 Eric Squares Suite 997,Chicago,Illinois,United States,52947,CRM
AUS00614,34194 Jonathan Squares,Houston,Texas,United States,91451,CRM
AUS00615,7239 Teresa Lights,Phoenix,Arizona,United States,07034,CRM
AUS00616,61670 Hendricks Mill,Phoenix,Arizona,United States,97848,CRM
AUS00617,6594 Silva Mountain Apt. 010,Houston,Texas,United States,27988,CRM
AUS00618,33943 Brooks Station,New York,New York,United States,82826,CRM
AUS00619,62208 Scott Stream,Phoenix,Arizona,United States,55513,CRM
AUS00620,2470 Christopher Crescent,Houston,Texas,United States,48766,CRM
AUS00621,3621 Hawkins Prairie Suite 616,Chicago,Illinois,United States,76166,CRM
AUS00622,6070 Teresa Throughway,Phoenix,Arizona,United States,75297,CRM
AUS00623,50695 Olson Trail,Chicago,Illinois,United States,07911,CRM
AUS00624,2151 Amanda Mission Suite 914,Houston,Texas,United States,08576,CRM
AUS00625,085 Brandon Tunnel,New York,New York,United States,38920,CRM
AUS00626,210 Natasha Plaza Apt. 319,Houston,Texas,United States,36803,CRM
AUS00627,50615 Matthew Courts Suite 767,Phoenix,Arizona,United States,07458,CRM
AUS00628,3271 Hernandez Junctions,New York,New York,United States,18039,CRM
AUS00629,761 Bailey Creek,Phoenix,Arizona,United States,25865,CRM
AUS00630,018 Mcconnell Run,Phoenix,Arizona,United States,35901,CRM
AUS00631,6313 Soto Mission Suite 934,Los Angeles,California,United States,34961,CRM
AUS00632,026 Gabriela Junction,Houston,Texas,United States,03325,CRM
AUS00633,71641 King Ford,Los Angeles,California,United States,67261,CRM
AUS00634,963 Prince Villages Suite 512,New York,New York,United States,81092,CRM
AUS00635,4569 Amber Burgs,New York,New York,United States,45500,CRM
AUS00636,792 Kimberly Dale Suite 475,Los Angeles,California,United States,90571,CRM
AUS00637,21935 Chandler Ridges Apt. 693,Chicago,Illinois,United States,46201,CRM
AUS00638,74360 Ronald Hills Apt. 480,New York,New York,United States,74293,CRM
AUS00639,13921 Tom Forge,Chicago,Illinois,United States,61988,CRM
AUS00640,03466 Haynes Branch,New York,New York,United States,13527,CRM
AUS00641,0604 Ellen Rapid Suite 459,Chicago,Illinois,United States,86331,CRM
AUS00642,070 Casey Extensions,Los Angeles,California,United States,52419,CRM
AUS00643,7671 Clinton Points,New York,New York,United States,26823,CRM
AUS00644,2361 Wallace Mission,Houston,Texas,United States,28484,CRM
AUS00645,47825 Malone Shore,Houston,Texas,United States,74260,CRM
AUS00646,277 Fuentes Pine Suite 489,Houston,Texas,United States,10036,CRM
AUS00647,2692 Aaron Overpass Suite 668,Chicago,Illinois,United States,59141,CRM
AUS00648,955 Sarah Alley,Houston,Texas,United States,88552,CRM
AUS00649,173 Cook Key,Los Angeles,California,United States,83936,CRM
AUS00650,18463 Ebony Roads Suite 048,New York,New York,United States,46654,CRM
AUS00651,28172 Neal Greens,Houston,Texas,United States,02359,CRM
AUS00652,397 Christopher Mall,New York,New York,United States,51687,CRM
AUS00653,77098 Gaines Plaza,Phoenix,Arizona,United States,06681,CRM
AUS00654,236 Brandy Manors,Phoenix,Arizona,United States,72544,CRM
AUS00655,8310 Hannah Mountains Apt. 085,Los Angeles,California,United States,30846,CRM
AUS00656,9243 Alexandra Light,Phoenix,Arizona,United States,92022,CRM
AUS00657,229 Cunningham Motorway Apt. 279,New York,New York,United States,97645,CRM
AUS00658,3955 Wall Ridge Apt. 110,Los Angeles,California,United States,49186,CRM
AUS00659,05617 Love Trail Suite 766,Phoenix,Arizona,United States,36911,CRM
AUS00660,209 Jamie Street,Houston,Texas,United States,63206,CRM
AUS00661,3895 Emily Ridges,Los Angeles,California,United States,35539,CRM
AUS00662,9018 Nicole Walk Apt. 427,New York,New York,United States,65556,CRM
AUS00663,351 Kristin Oval,Chicago,Illinois,United States,28258,CRM
AUS00664,190 Carrie Tunnel Apt. 083,Houston,Texas,United States,10879,CRM
AUS00665,218 Steven Prairie,New York,New York,United States,17247,CRM
AUS00666,65811 Henry Fork,New York,New York,United States,81398,CRM
AUS00667,48190 Christopher Burg Suite 457,Houston,Texas,United States,20931,CRM
AUS00668,72134 Michael Mill Suite 441,Houston,Texas,United States,43395,CRM
AUS00669,5828 Cabrera Mall Apt. 652,Phoenix,Arizona,United States,83013,CRM
AUS00670,062 Angela Fort,New York,New York,United States,71788,CRM
AUS00671,8635 Parks Inlet Apt. 991,Chicago,Illinois,United States,01811,CRM
AUS00672,6576 Lopez Ford,Chicago,Illinois,United States,84904,CRM
AUS00673,9327 Porter Crossing Apt. 796,Chicago,Illinois,United States,95577,CRM
AUS00674,1976 Laura Court,New York,New York,United States,17545,CRM
AUS00675,6048 Elizabeth Freeway Apt. 862,Chicago,Illinois,United States,03800,CRM
AUS00676,9166 Claire Junctions Suite 051,New York,New York,United States,79178,CRM
AUS00677,4053 Collins Throughway,New York,New York,United States,52658,CRM
AUS00678,43696 Harris Motorway Suite 224,Chicago,Illinois,United States,99409,CRM
AUS00679,4266 Douglas Islands,Los Angeles,California,United States,23519,CRM
AUS00680,73934 Anthony Fields,New York,New York,United States,75775,CRM
AUS00681,20923 Scott Avenue Apt. 106,New York,New York,United States,59201,CRM
AUS00682,741 Brent Stravenue Apt. 907,Phoenix,Arizona,United States,87858,CRM
AUS00683,7873 Marks Squares Suite 796,Houston,Texas,United States,35034,CRM
AUS00684,088 Ramirez Prairie,Phoenix,Arizona,United States,06605,CRM
AUS00685,308 Jennifer Corner Apt. 553,Phoenix,Arizona,United States,57984,CRM
AUS00686,4121 Kevin Forks,Chicago,Illinois,United States,55539,CRM
AUS00687,72860 Watkins Manor,Houston,Texas,United States,48610,CRM
AUS00688,3037 Harris Heights,Phoenix,Arizona,United States,24163,CRM
AUS00689,401 Davis Mount,Phoenix,Arizona,United States,39509,CRM
AUS00690,5258 Jackson Cliffs,Houston,Texas,United States,86198,CRM
AUS00691,3890 Russell Forges,New York,New York,United States,61028,CRM
AUS00692,919 Cannon Parkways Apt. 134,New York,New York,United States,85009,CRM
AUS00693,7524 Chavez Unions Apt. 569,Los Angeles,California,United States,91270,CRM
AUS00694,53005 Randall Prairie Suite 771,Los Angeles,California,United States,93446,CRM
AUS00695,414 Michele Drives,Los Angeles,California,United States,14028,CRM
AUS00696,307 Frederick Spur Apt. 463,New York,New York,United States,74792,CRM
AUS00697,50938 Young Bridge,New York,New York,United States,68444,CRM
AUS00698,0577 Renee Skyway,Houston,Texas,United States,49686,CRM
AUS00699,296 Bryant Route Apt. 562,New York,New York,United States,38650,CRM
AUS00700,016 Nicholas Lock Suite 535,Phoenix,Arizona,United States,42056,CRM
AUS00701,3154 Hamilton Parkway Apt. 645,Los Angeles,California,United States,40430,CRM
AUS00702,92678 Jennifer Glen Suite 551,Phoenix,Arizona,United States,26431,CRM
AUS00703,18879 Hubbard Spurs Apt. 425,Chicago,Illinois,United States,12330,CRM
AUS00704,4683 Jackson Forks Suite 669,Chicago,Illinois,United States,63537,CRM
AUS00705,1609 Charles Walks Suite 993,New York,New York,United States,23352,CRM
AUS00706,26698 Sanders Plaza Apt. 419,Houston,Texas,United States,87231,CRM
AUS00707,4443 Valentine Landing,Houston,Texas,United States,82069,CRM
AUS00708,5146 Maldonado Forks,Los Angeles,California,United States,81468,CRM
AUS00709,1801 William Centers Suite 208,Phoenix,Arizona,United States,30588,CRM
AUS00710,1666 Cannon Drive,Houston,Texas,United States,43482,CRM
AUS00711,94115 Elizabeth Ville,Los Angeles,California,United States,43089,CRM
AUS00712,743 Jake Path,Houston,Texas,United States,36750,CRM
AUS00713,348 Gardner Way Apt. 566,Houston,Texas,United States,33422,CRM
AUS00714,035 Wilson Canyon,New York,New York,United States,45244,CRM
AUS00715,38227 Andrade Unions,Houston,Texas,United States,68418,CRM
AUS00716,365 Bonnie Crossroad,Houston,Texas,United States,70519,CRM
AUS00717,781 Sparks Drive Suite 249,Chicago,Illinois,United States,85906,CRM
AUS00718,21470 Carla Ford Suite 248,Phoenix,Arizona,United States,24198,CRM
AUS00719,8198 Williams Pines Apt. 825,Los Angeles,California,United States,75952,CRM
AUS00720,9378 Morgan Pike,Houston,Texas,United States,98646,CRM
AUS00721,78382 Hopkins Mountain Suite 879,Houston,Texas,United States,16240,CRM
AUS00722,1807 Justin Plains Suite 060,Chicago,Illinois,United States,48406,CRM
AUS00723,3738 Carol Parkway,Houston,Texas,United States,52680,CRM
AUS00724,509 Gray Glen Apt. 647,Chicago,Illinois,United States,95332,CRM
AUS00725,072 Marc Meadow Apt. 227,New York,New York,United States,46897,CRM
AUS00726,12516 Castillo Creek,Chicago,Illinois,United States,80958,CRM
AUS00727,54718 Powell Ways Apt. 135,Chicago,Illinois,United States,21433,CRM
AUS00728,357 Scott Brook,Phoenix,Arizona,United States,98706,CRM
AUS00729,82813 Patricia Via,Chicago,Illinois,United States,51729,CRM
AUS00730,00367 Wells Drives Suite 941,Phoenix,Arizona,United States,09509,CRM
AUS00731,7891 Brown Mall,Chicago,Illinois,United States,24698,CRM
AUS00732,0479 Lowe Track Apt. 338,Los Angeles,California,United States,17187,CRM
AUS00733,5222 Moon Extensions,New York,New York,United States,79252,CRM
AUS00734,3056 Pearson Mountains,Los Angeles,California,United States,03374,CRM
AUS00735,5344 Hawkins Lodge Suite 901,Houston,Texas,United States,96063,CRM
AUS00736,38586 Pearson Parkways Suite 606,Phoenix,Arizona,United States,58436,CRM
AUS00737,3123 Eric Ports Suite 484,New York,New York,United States,29438,CRM
AUS00738,853 Gates Burg,Los Angeles,California,United States,24361,CRM
AUS00739,8934 Johnson Coves,Phoenix,Arizona,United States,38817,CRM
AUS00740,0692 Mitchell Skyway Suite 591,Houston,Texas,United States,72151,CRM
AUS00741,5692 Welch Views Apt. 354,Phoenix,Arizona,United States,51095,CRM
AUS00742,15163 Brenda Mountain Apt. 760,Houston,Texas,United States,61642,CRM
AUS00743,24298 Schneider Corner,Houston,Texas,United States,30768,CRM
AUS00744,66464 Heather Lane Apt. 302,Phoenix,Arizona,United States,68552,CRM
AUS00745,2904 Harmon Parks Apt. 705,New York,New York,United States,70869,CRM
AUS00746,167 Reynolds Ridge Suite 763,Chicago,Illinois,United States,46983,CRM
AUS00747,688 Carr Fords,Chicago,Illinois,United States,92290,CRM
AUS00748,02070 Glenn Forks Suite 348,New York,New York,United States,54142,CRM
AUS00749,608 Gardner Cove Apt. 248,Houston,Texas,United States,54441,CRM
AUS00750,781 Selena Lane,Houston,Texas,United States,00592,CRM
AUS00751,5865 Beth Dale,Los Angeles,California,United States,32428,CRM
AUS00752,2231 Alison Glen,Phoenix,Arizona,United States,47937,CRM
AUS00753,3377 Hughes Roads Suite 491,Chicago,Illinois,United States,86576,CRM
AUS00754,4599 James Ville,Houston,Texas,United States,55577,CRM
AUS00755,076 Christie Ridge,New York,New York,United States,24552,CRM
AUS00756,6221 Martin Forks,Chicago,Illinois,United States,64860,CRM
AUS00757,649 Ramirez Manor,New York,New York,United States,90285,CRM
AUS00758,4996 Walker Plains Apt. 430,Houston,Texas,United States,27618,CRM
AUS00759,74072 Jones Fords Suite 799,Houston,Texas,United States,82516,CRM
AUS00760,6189 Jaclyn Underpass Apt. 393,Los Angeles,California,United States,95734,CRM
AUS00761,875 Andrew Tunnel,Phoenix,Arizona,United States,54743,CRM
AUS00762,65241 Diana Throughway Apt. 347,Los Angeles,California,United States,72691,CRM
AUS00763,1380 Melissa Plains Apt. 505,Houston,Texas,United States,18778,CRM
AUS00764,856 Cochran Harbor Apt. 227,New York,New York,United States,26736,CRM
AUS00765,2614 Kevin Radial Apt. 578,Chicago,Illinois,United States,51900,CRM
AUS00766,897 Rogers Ports Apt. 623,Los Angeles,California,United States,54925,CRM
AUS00767,553 Moore Roads Suite 091,Los Angeles,California,United States,91216,CRM
AUS00768,538 Hall Throughway Apt. 142,Phoenix,Arizona,United States,63819,CRM
AUS00769,612 Trujillo Plain,Phoenix,Arizona,United States,93661,CRM
AUS00770,98189 Garza Ranch,Phoenix,Arizona,United States,56962,CRM
AUS00771,96449 Jones Track Suite 888,Phoenix,Arizona,United States,65354,CRM
AUS00772,785 Jordan Station,Los Angeles,California,United States,77526,CRM
AUS00773,982 Mcgrath Coves,New York,New York,United States,34957,CRM
AUS00774,06783 Myers Vista,Houston,Texas,United States,96310,CRM
AUS00775,051 Joel Ferry Suite 403,New York,New York,United States,99224,CRM
AUS00776,9857 Stacy Corner Suite 227,Los Angeles,California,United States,20034,CRM
AUS00777,9485 Glenn Coves,New York,New York,United States,11137,CRM
AUS00778,5252 Curtis Canyon,New York,New York,United States,70857,CRM
AUS00779,13263 Jared Roads,Houston,Texas,United States,55521,CRM
AUS00780,46068 Shepard Cape,Phoenix,Arizona,United States,20489,CRM
AUS00781,687 Jason Parkway,Phoenix,Arizona,United States,96640,CRM
AUS00782,773 Craig Forks,Los Angeles,California,United States,48659,CRM
AUS00783,0563 Carroll Road Apt. 921,Houston,Texas,United States,48451,CRM
AUS00784,9522 Joel Ridges,New York,New York,United States,25884,CRM
AUS00785,7595 Baker Port,New York,New York,United States,29810,CRM
AUS00786,39903 Macias Prairie,Los Angeles,California,United States,14324,CRM
AUS00787,60154 Potts Prairie,Los Angeles,California,United States,56876,CRM
AUS00788,023 Fuller Flats,Chicago,Illinois,United States,47671,CRM
AUS00789,0345 Riley Cliffs Apt. 709,Chicago,Illinois,United States,02887,CRM
AUS00790,3904 Jacob Curve Suite 477,Chicago,Illinois,United States,73559,CRM
AUS00791,5232 Holly Drives Apt. 321,Chicago,Illinois,United States,65747,CRM
AUS00792,5402 Andrew Ville,Chicago,Illinois,United States,97630,CRM
AUS00793,1732 Kaitlyn Estates,Houston,Texas,United States,73672,CRM
AUS00794,50048 Michael Knoll Suite 506,Los Angeles,California,United States,92775,CRM
AUS00795,046 David Ranch Apt. 376,Phoenix,Arizona,United States,33115,CRM
AUS00796,63132 Justin Cape,Houston,Texas,United States,57332,CRM
AUS00797,0707 Moran Field Suite 177,Houston,Texas,United States,76224,CRM
AUS00798,449 Charles Stravenue,Houston,Texas,United States,91068,CRM
AUS00799,95482 Stephanie Pass,Chicago,Illinois,United States,71574,CRM
AUS00800,1029 Laura Crescent,New York,New York,United States,45668,CRM
AUS00801,6604 Kennedy Fall,Los Angeles,California,United States,93959,CRM
AUS00802,4287 Matthew Brooks Suite 931,Houston,Texas,United States,83385,CRM
AUS00803,1289 Adams Motorway Suite 331,Phoenix,Arizona,United States,97774,CRM
AUS00804,8174 Garrison Ports,Los Angeles,California,United States,76044,CRM
AUS00805,259 Deleon Causeway Suite 499,Houston,Texas,United States,79690,CRM
AUS00806,504 Smith Canyon Apt. 511,Phoenix,Arizona,United States,30108,CRM
AUS00807,1153 Hansen Port Suite 434,Phoenix,Arizona,United States,85221,CRM
AUS00808,910 Dawn Trail,Phoenix,Arizona,United States,88474,CRM
AUS00809,98416 Jacob Valley,Los Angeles,California,United States,91672,CRM
AUS00810,336 Jason Course Apt. 050,Chicago,Illinois,United States,75314,CRM
AUS00811,9516 Cynthia Isle Suite 138,Phoenix,Arizona,United States,77080,CRM
AUS00812,2515 Steven Manors,Chicago,Illinois,United States,49336,CRM
AUS00813,8307 Blair Square Apt. 311,Phoenix,Arizona,United States,06221,CRM
AUS00814,46361 Hodges Corners,New York,New York,United States,50510,CRM
AUS00815,99958 Robert Station,Los Angeles,California,United States,69636,CRM
AUS00816,961 Emily Ways Apt. 968,Phoenix,Arizona,United States,29251,CRM
AUS00817,99019 Ryan Points,Los Angeles,California,United States,41762,CRM
AUS00818,71587 Elizabeth Brook,Houston,Texas,United States,18202,CRM
AUS00819,1244 Perry Meadows,Houston,Texas,United States,54890,CRM
AUS00820,393 Mcclain Prairie Suite 191,Chicago,Illinois,United States,52167,CRM
AUS00821,51460 Lozano Route,Phoenix,Arizona,United States,94689,CRM
AUS00822,1479 Joseph Plain,Chicago,Illinois,United States,51681,CRM
AUS00823,59946 Fernando Stream,Los Angeles,California,United States,33025,CRM
AUS00824,7456 Williams Island,New York,New York,United States,86348,CRM
AUS00825,0862 Jones Flat Apt. 407,New York,New York,United States,68698,CRM
AUS00826,600 Shelly Summit Apt. 539,Phoenix,Arizona,United States,63000,CRM
AUS00827,1517 Kelly Spring Suite 156,Phoenix,Arizona,United States,77607,CRM
AUS00828,28277 Waters Streets Suite 146,New York,New York,United States,53554,CRM
AUS00829,699 Lawson Hills,Chicago,Illinois,United States,36809,CRM
AUS00830,03760 Manuel Tunnel Apt. 897,Phoenix,Arizona,United States,30164,CRM
AUS00831,260 Matthew Square,Phoenix,Arizona,United States,84202,CRM
AUS00832,5872 Daniel Hill Apt. 729,Phoenix,Arizona,United States,33932,CRM
AUS00833,606 Martinez Shore,Houston,Texas,United States,34292,CRM
AUS00834,26186 Jessica Stream,Phoenix,Arizona,United States,17257,CRM
AUS00835,0571 Lam Brook,New York,New York,United States,75695,CRM
AUS00836,55762 Garcia Greens,Phoenix,Arizona,United States,54859,CRM
AUS00837,2502 Francis Station Suite 143,Los Angeles,California,United States,88382,CRM
AUS00838,056 Newton Villages Suite 457,Houston,Texas,United States,21111,CRM
AUS00839,8427 Gary Lodge,Houston,Texas,United States,40274,CRM
AUS00840,03228 Kerri Run Apt. 645,New York,New York,United States,34239,CRM
AUS00841,74756 Thompson Islands,Los Angeles,California,United States,35983,CRM
AUS00842,57881 Leslie Mills Apt. 015,Houston,Texas,United States,68756,CRM
AUS00843,494 Terrance Orchard Apt. 709,Chicago,Illinois,United States,49338,CRM
AUS00844,9477 Ryan Lake,New York,New York,United States,94937,CRM
AUS00845,09343 Katherine Forges Suite 674,Phoenix,Arizona,United States,92109,CRM
AUS00846,33134 Compton Freeway,Los Angeles,California,United States,06823,CRM
AUS00847,3470 Kristen Ford Apt. 288,New York,New York,United States,16726,CRM
AUS00848,850 Michael Field,Phoenix,Arizona,United States,02209,CRM
AUS00849,061 Reid Ways Suite 418,Phoenix,Arizona,United States,23995,CRM
AUS00850,852 Suarez Point Suite 090,Phoenix,Arizona,United States,28413,CRM
AUS00851,49512 Huff Harbor Suite 828,New York,New York,United States,85784,CRM
AUS00852,235 Ibarra Mission Apt. 236,Los Angeles,California,United States,01471,CRM
AUS00853,0309 Janet Circle,Los Angeles,California,United States,22406,CRM
AUS00854,155 Aaron Grove Apt. 256,New York,New York,United States,32742,CRM
AUS00855,59394 Joshua Motorway,Houston,Texas,United States,28092,CRM
AUS00856,336 Veronica Haven,Los Angeles,California,United States,14500,CRM
AUS00857,29834 Morgan Falls,Chicago,Illinois,United States,71930,CRM
AUS00858,8195 Jerry Walks Apt. 209,Chicago,Illinois,United States,18101,CRM
AUS00859,31756 Joseph Forge,Houston,Texas,United States,67736,CRM
AUS00860,79949 Patrick Course,Houston,Texas,United States,23481,CRM
AUS00861,937 Russell Spurs,Houston,Texas,United States,69337,CRM
AUS00862,6215 Kline Islands Suite 867,New York,New York,United States,40750,CRM
AUS00863,53600 Sanchez Skyway Apt. 108,Houston,Texas,United States,68620,CRM
AUS00864,64567 Patricia Throughway Apt. 861,Los Angeles,California,United States,36073,CRM
AUS00865,6129 Fisher Walk Suite 545,New York,New York,United States,34533,CRM
AUS00866,1284 Valencia Mountain Suite 364,New York,New York,United States,11274,CRM
AUS00867,39827 Vicki Square Apt. 906,Los Angeles,California,United States,31331,CRM
AUS00868,9601 John Hollow Suite 723,Houston,Texas,United States,63776,CRM
AUS00869,6531 Davis Roads,Chicago,Illinois,United States,24443,CRM
AUS00870,7318 Christine Lights Suite 939,Los Angeles,California,United States,76219,CRM
AUS00871,501 Brandon Stravenue,Chicago,Illinois,United States,67877,CRM
AUS00872,18803 Margaret Ranch Apt. 962,Houston,Texas,United States,21738,CRM
AUS00873,34077 Ruben Plaza,Chicago,Illinois,United States,94347,CRM
AUS00874,391 Hill Court,Los Angeles,California,United States,97713,CRM
AUS00875,866 Christian Cape,Los Angeles,California,United States,81329,CRM
AUS00876,29215 Steven Village Suite 543,Chicago,Illinois,United States,50430,CRM
AUS00877,2185 Medina Throughway,Houston,Texas,United States,18063,CRM
AUS00878,5166 David Junction Suite 215,Phoenix,Arizona,United States,50420,CRM
AUS00879,2396 Baird Place Apt. 165,Houston,Texas,United States,56820,CRM
AUS00880,1763 Megan Island Apt. 172,New York,New York,United States,27858,CRM
AUS00881,523 Samuel Viaduct,Phoenix,Arizona,United States,87245,CRM
AUS00882,664 April Mills Suite 972,New York,New York,United States,10397,CRM
AUS00883,7505 Nicholas Islands Suite 406,Phoenix,Arizona,United States,23296,CRM
AUS00884,7388 Christopher Alley Suite 956,Phoenix,Arizona,United States,66176,CRM
AUS00885,096 Campbell Course,Houston,Texas,United States,88731,CRM
AUS00886,626 Brian Way,Los Angeles,California,United States,57022,CRM
AUS00887,70031 Gibson Islands,Los Angeles,California,United States,96236,CRM
AUS00888,93658 Ward Spur,Phoenix,Arizona,United States,18725,CRM
AUS00889,479 Moore Grove,Houston,Texas,United States,53455,CRM
AUS00890,103 Reyes Keys,Chicago,Illinois,United States,79423,CRM
AUS00891,868 Smith Knoll Apt. 235,Chicago,Illinois,United States,75087,CRM
AUS00892,2085 Beth Circle Apt. 910,Chicago,Illinois,United States,63288,CRM
AUS00893,14376 Patterson Parkway Apt. 593,Los Angeles,California,United States,33361,CRM
AUS00894,3419 Lopez Fall,Chicago,Illinois,United States,12576,CRM
AUS00895,64838 Gloria Harbor Suite 257,Los Angeles,California,United States,07554,CRM
AUS00896,491 Laura Ways,Phoenix,Arizona,United States,82801,CRM
AUS00897,147 Mccullough Square,Houston,Texas,United States,10979,CRM
AUS00898,2052 Mcpherson Junction Suite 221,Houston,Texas,United States,92469,CRM
AUS00899,58981 Donna Mill Suite 857,New York,New York,United States,07098,CRM
AUS00900,8279 James Island Suite 071,Chicago,Illinois,United States,23991,CRM
AUS00901,301 David Plaza,Los Angeles,California,United States,09284,CRM
AUS00902,625 Jessica Square Suite 913,Los Angeles,California,United States,47377,CRM
AUS00903,353 Carr Club,New York,New York,United States,09339,CRM
AUS00904,60441 Jacob Summit Apt. 039,Chicago,Illinois,United States,30275,CRM
AUS00905,27289 Best Light,New York,New York,United States,40619,CRM
AUS00906,2395 Lucas Estates Apt. 017,Los Angeles,California,United States,08541,CRM
AUS00907,2994 Morris Drives,Los Angeles,California,United States,94250,CRM
AUS00908,9929 Lopez Course,Chicago,Illinois,United States,22167,CRM
AUS00909,8338 Jacqueline Point,New York,New York,United States,61579,CRM
AUS00910,5431 Kelly Meadow Apt. 074,Los Angeles,California,United States,70904,CRM
AUS00911,15055 Jennifer Camp Suite 915,Chicago,Illinois,United States,03404,CRM
AUS00912,0863 Harvey Station Suite 909,Chicago,Illinois,United States,71239,CRM
AUS00913,44391 Megan Lakes Suite 833,Phoenix,Arizona,United States,23440,CRM
AUS00914,98118 Mcintosh Ridge Suite 181,Phoenix,Arizona,United States,01713,CRM
AUS00915,31205 Lozano Key,Phoenix,Arizona,United States,19297,CRM
AUS00916,095 Rodriguez Expressway Apt. 577,New York,New York,United States,04722,CRM
AUS00917,7318 Fleming Center,New York,New York,United States,87799,CRM
AUS00918,878 Laura Village Apt. 399,Phoenix,Arizona,United States,52382,CRM
AUS00919,124 Hurley Trace,Phoenix,Arizona,United States,13963,CRM
AUS00920,279 Melanie Island,Los Angeles,California,United States,26546,CRM
AUS00921,389 Ellis Landing,Los Angeles,California,United States,53890,CRM
AUS00922,0691 Troy Spurs,Los Angeles,California,United States,01123,CRM
AUS00923,69296 Dodson River Apt. 978,Houston,Texas,United States,93908,CRM
AUS00924,98609 Davenport Grove,Chicago,Illinois,United States,35236,CRM
AUS00925,81034 Salinas Underpass Suite 297,Chicago,Illinois,United States,48087,CRM
AUS00926,123 Marshall Meadow,Phoenix,Arizona,United States,78810,CRM
AUS00927,702 David Hollow Apt. 988,Phoenix,Arizona,United States,50270,CRM
AUS00928,119 Edward Cape Apt. 642,Phoenix,Arizona,United States,49594,CRM
AUS00929,311 Elizabeth Spurs,New York,New York,United States,36297,CRM
AUS00930,97489 Christopher Alley Apt. 695,Los Angeles,California,United States,27154,CRM
AUS00931,4722 Sherry Manor,New York,New York,United States,62299,CRM
AUS00932,245 Nathaniel Stream Apt. 591,Los Angeles,California,United States,81400,CRM
AUS00933,911 Matthews Radial Suite 061,Houston,Texas,United States,13142,CRM
AUS00934,1155 Jessica Spurs,New York,New York,United States,96796,CRM
AUS00935,69450 Stephenson Squares Apt. 212,New York,New York,United States,15398,CRM
AUS00936,0122 Hatfield Islands,Chicago,Illinois,United States,06070,CRM
AUS00937,91502 Thomas Locks,New York,New York,United States,00948,CRM
AUS00938,215 Manuel Hill,Los Angeles,California,United States,73011,CRM
AUS00939,135 Gonzalez Creek,Houston,Texas,United States,05112,CRM
AUS00940,198 Alison Trace Apt. 635,New York,New York,United States,87521,CRM
AUS00941,13009 Michelle Lodge,Houston,Texas,United States,10505,CRM
AUS00942,59008 Smith Mission Suite 061,Phoenix,Arizona,United States,05891,CRM
AUS00943,190 Anne Throughway Apt. 413,Los Angeles,California,United States,07403,CRM
AUS00944,52224 Amanda Court,Phoenix,Arizona,United States,83008,CRM
AUS00945,46447 Wright Skyway Apt. 135,Chicago,Illinois,United States,11305,CRM
AUS00946,1344 Garza Isle Suite 518,Los Angeles,California,United States,77475,CRM
AUS00947,972 Singh Parkway Apt. 807,Phoenix,Arizona,United States,99686,CRM
AUS00948,64819 Sanders Ferry Suite 865,Chicago,Illinois,United States,60266,CRM
AUS00949,00813 Renee Trail,Los Angeles,California,United States,00558,CRM
AUS00950,848 Dennis Estates Suite 990,Los Angeles,California,United States,46616,CRM
AUS00951,77201 Jones Camp Apt. 507,New York,New York,United States,51142,CRM
AUS00952,12034 Tanner Parks Apt. 307,New York,New York,United States,26501,CRM
AUS00953,53337 Crawford Locks,Los Angeles,California,United States,51311,CRM
AUS00954,8242 Mccarthy Ridges Apt. 901,Phoenix,Arizona,United States,46498,CRM
AUS00955,74448 Smith Wall,New York,New York,United States,35890,CRM
AUS00956,529 Anthony Orchard Suite 687,Phoenix,Arizona,United States,12216,CRM
AUS00957,5480 Cynthia Burg Apt. 939,Phoenix,Arizona,United States,68610,CRM
AUS00958,07479 Williams Mission,Los Angeles,California,United States,15340,CRM
AUS00959,64091 Stacy Ports,Phoenix,Arizona,United States,48294,CRM
AUS00960,7626 Ho Terrace,Houston,Texas,United States,24610,CRM
AUS00961,49432 Hernandez Groves Apt. 244,Phoenix,Arizona,United States,54060,CRM
AUS00962,5355 Nicholas Pike Suite 518,Phoenix,Arizona,United States,99406,CRM
AUS00963,385 Breanna Prairie,Los Angeles,California,United States,50117,CRM
AUS00964,627 Sean Circle,Chicago,Illinois,United States,97556,CRM
AUS00965,93006 Walter Fort Suite 640,New York,New York,United States,95956,CRM
AUS00966,819 Johnston Skyway,Houston,Texas,United States,39710,CRM
AUS00967,800 Christopher Islands Apt. 381,Phoenix,Arizona,United States,69289,CRM
AUS00968,62521 Johnny Well,New York,New York,United States,71791,CRM
AUS00969,23113 Montgomery Haven Apt. 732,Chicago,Illinois,United States,47594,CRM
AUS00970,613 Judith Underpass Apt. 167,Houston,Texas,United States,67619,CRM
AUS00971,3448 Danielle Harbor Suite 726,Chicago,Illinois,United States,09152,CRM
AUS00972,939 April Plain Suite 804,Chicago,Illinois,United States,31547,CRM
AUS00973,979 Adams Pines,Phoenix,Arizona,United States,46386,CRM
AUS00974,81567 Smith Gardens Apt. 551,Phoenix,Arizona,United States,31056,CRM
AUS00975,84261 Smith Cliff,Chicago,Illinois,United States,63939,CRM
AUS00976,502 Spencer Forge,Chicago,Illinois,United States,38179,CRM
AUS00977,67186 William Haven,New York,New York,United States,64680,CRM
AUS00978,20451 Keller Radial Suite 703,Houston,Texas,United States,16431,CRM
AUS00979,48154 Harold Trace,Phoenix,Arizona,United States,93402,CRM
AUS00980,43866 Beverly Pines Apt. 346,New York,New York,United States,48690,CRM
AUS00981,288 Smith Brooks Suite 697,Phoenix,Arizona,United States,93474,CRM
AUS00982,06139 Patty Island Apt. 159,Phoenix,Arizona,United States,34201,CRM
AUS00983,12245 Brown Brooks Apt. 589,Los Angeles,California,United States,51252,CRM
AUS00984,230 Steven Drive Apt. 171,New York,New York,United States,91117,CRM
AUS00985,588 Robinson Ridges,Chicago,Illinois,United States,16820,CRM
AUS00986,00667 Ryan Crest Apt. 352,Houston,Texas,United States,44203,CRM
AUS00987,5617 Sandra Common,Phoenix,Arizona,United States,84806,CRM
AUS00988,72627 Heather Terrace Apt. 065,Houston,Texas,United States,71739,CRM
AUS00989,66062 Dana Valley Apt. 314,Phoenix,Arizona,United States,86110,CRM
AUS00990,6212 Carey Meadow,Phoenix,Arizona,United States,83784,CRM
AUS00991,4743 Tran Trafficway,Phoenix,Arizona,United States,49206,CRM
AUS00992,9521 Morris Parkways Suite 785,Phoenix,Arizona,United States,69526,CRM
AUS00993,02633 Simmons Tunnel,Houston,Texas,United States,08920,CRM
AUS00994,07489 Jennifer Locks,Chicago,Illinois,United States,82880,CRM
AUS00995,732 Larry Locks,Chicago,Illinois,United States,77620,CRM
AUS00996,171 Rubio Wells Apt. 924,New York,New York,United States,06250,CRM
AUS00997,8768 Laurie Valley Suite 349,Houston,Texas,United States,07155,CRM
AUS00998,0990 Jackson Centers Apt. 982,Chicago,Illinois,United States,63548,CRM
AUS00999,494 Nancy Stravenue Suite 300,Los Angeles,California,United States,88162,CRM
AUS01000,64517 Glenn Union,New York,New York,United States,15558,CRM
AUS01001,8763 Newman Stravenue Apt. 443,Chicago,Illinois,United States,39134,CRM
AUS01002,89589 Rice Cape Apt. 863,Chicago,Illinois,United States,61601,CRM
AUS01003,23685 Renee Parkway Suite 245,Los Angeles,California,United States,13267,CRM
AUS01004,494 Smith Summit Apt. 486,Phoenix,Arizona,United States,78430,CRM
AUS01005,76051 Rocha Cove,Los Angeles,California,United States,56785,CRM
AUS01006,67752 Marcus Squares Suite 368,Phoenix,Arizona,United States,04864,CRM
AUS01007,435 Hansen Square,New York,New York,United States,48363,CRM
AUS01008,70859 James Glen,Phoenix,Arizona,United States,67213,CRM
AUS01009,99198 Dean Circle,New York,New York,United States,49678,CRM
AUS01010,5200 Debra Road Suite 226,Los Angeles,California,United States,70063,CRM
AUS01011,820 Kimberly Path Apt. 097,Houston,Texas,United States,31696,CRM
AUS01012,84654 Mendez Courts Apt. 274,Phoenix,Arizona,United States,67298,CRM
AUS01013,75203 Robertson Summit,Los Angeles,California,United States,30163,CRM
AUS01014,91389 Johnathan Knoll Apt. 448,Phoenix,Arizona,United States,85820,CRM
AUS01015,70090 Shelton Roads Suite 756,New York,New York,United States,93796,CRM
AUS01016,096 Michelle Mission,Houston,Texas,United States,36300,CRM
AUS01017,15312 Fitzgerald Circle,Phoenix,Arizona,United States,24517,CRM
AUS01018,563 Tina Passage Suite 127,Chicago,Illinois,United States,92554,CRM
AUS01019,3012 Natalie Falls,Phoenix,Arizona,United States,63784,CRM
AUS01020,748 Thomas Drive Apt. 062,Chicago,Illinois,United States,67834,CRM
AUS01021,994 Patricia Views,Los Angeles,California,United States,31721,CRM
AUS01022,438 Sylvia Square,Houston,Texas,United States,61811,CRM
AUS01023,273 Christopher Pine Suite 458,Chicago,Illinois,United States,60241,CRM
AUS01024,19050 Melissa Tunnel,Phoenix,Arizona,United States,32104,CRM
AUS01025,038 Rivera Land,Los Angeles,California,United States,31564,CRM
AUS01026,34477 Kelly Valleys,Los Angeles,California,United States,21856,CRM
AUS01027,077 Mann Station Apt. 540,Chicago,Illinois,United States,73616,CRM
AUS01028,1841 Daniel Inlet,Los Angeles,California,United States,96515,CRM
AUS01029,4088 Ashley Course,Houston,Texas,United States,62168,CRM
AUS01030,16169 Karl Turnpike,Los Angeles,California,United States,22143,CRM
AUS01031,776 Richardson Mountain,New York,New York,United States,49358,CRM
AUS01032,169 Porter Parkway Apt. 165,Houston,Texas,United States,12566,CRM
AUS01033,398 Allison Stream Apt. 585,Chicago,Illinois,United States,32848,CRM
AUS01034,8699 David Island,Chicago,Illinois,United States,33022,CRM
AUS01035,50954 Todd Loop Suite 386,Houston,Texas,United States,80880,CRM
AUS01036,2392 Eric Stravenue Apt. 169,Houston,Texas,United States,24047,CRM
AUS01037,762 George Cove,New York,New York,United States,26981,CRM
AUS01038,755 Jason Fork Apt. 327,Phoenix,Arizona,United States,84071,CRM
AUS01039,809 Chapman Square Suite 176,Phoenix,Arizona,United States,94406,CRM
AUS01040,669 Chase Crossroad,Los Angeles,California,United States,06447,CRM
AUS01041,42229 Mcfarland Route,Phoenix,Arizona,United States,03690,CRM
AUS01042,144 Gina Locks Suite 620,New York,New York,United States,37792,CRM
AUS01043,020 Benjamin Lock Suite 108,Phoenix,Arizona,United States,47595,CRM
AUS01044,0598 Steven Pike Suite 348,Phoenix,Arizona,United States,97729,CRM
AUS01045,0120 Mayo Forest Suite 014,Houston,Texas,United States,36354,CRM
AUS01046,41297 Haynes Crest,Phoenix,Arizona,United States,79649,CRM
AUS01047,98807 Robinson Mountains Apt. 201,Chicago,Illinois,United States,19300,CRM
AUS01048,7718 Christina Trafficway,New York,New York,United States,69602,CRM
AUS01049,292 Russell Knolls Suite 695,Houston,Texas,United States,90677,CRM
AUS01050,02058 Andrew Viaduct,Los Angeles,California,United States,10815,CRM
AUS01051,48609 Reed Circle Suite 125,Phoenix,Arizona,United States,08769,CRM
AUS01052,94156 Bauer Plains,Chicago,Illinois,United States,33572,CRM
AUS01053,982 Brenda Drive,Los Angeles,California,United States,19975,CRM
AUS01054,707 Antonio Prairie Suite 922,Los Angeles,California,United States,52742,CRM
AUS01055,3609 Dorothy Ridge Suite 446,Chicago,Illinois,United States,33179,CRM
AUS01056,74005 Mark Forge,Phoenix,Arizona,United States,88404,CRM
AUS01057,283 Nathan Points Apt. 631,Los Angeles,California,United States,67432,CRM
AUS01058,645 Robert Grove,Chicago,Illinois,United States,06561,CRM
AUS01059,865 Keith Mews Suite 177,Los Angeles,California,United States,79179,CRM
AUS01060,7672 Davis Hills,New York,New York,United States,93231,CRM
AUS01061,4690 Brown Canyon Suite 654,Phoenix,Arizona,United States,92940,CRM
AUS01062,1663 Stanley Passage Suite 606,Houston,Texas,United States,15469,CRM
AUS01063,88514 Angel Creek,Chicago,Illinois,United States,29913,CRM
AUS01064,068 Sarah Isle,Chicago,Illinois,United States,69156,CRM
AUS01065,774 Christina Pike Suite 036,Los Angeles,California,United States,09568,CRM
AUS01066,376 Wilcox Run,Los Angeles,California,United States,95402,CRM
AUS01067,5130 Smith Pass,Phoenix,Arizona,United States,78085,CRM
AUS01068,4694 Murray Glen Suite 997,Los Angeles,California,United States,49340,CRM
AUS01069,1722 James Road,Phoenix,Arizona,United States,09132,CRM
AUS01070,3689 Robinson Port Apt. 000,Phoenix,Arizona,United States,58772,CRM
AUS01071,81186 Sarah Walks Suite 452,Los Angeles,California,United States,06438,CRM
AUS01072,147 Hubbard Glens,Phoenix,Arizona,United States,26104,CRM
AUS01073,904 Michael Port,Phoenix,Arizona,United States,92936,CRM
AUS01074,074 Cordova Isle,Chicago,Illinois,United States,79025,CRM
AUS01075,8827 Tara Lane Suite 760,Houston,Texas,United States,20081,CRM
AUS01076,6983 Keller Via,Phoenix,Arizona,United States,01876,CRM
AUS01077,0771 Marcus Circles Apt. 205,Chicago,Illinois,United States,68460,CRM
AUS01078,81575 Michelle Springs Apt. 244,Chicago,Illinois,United States,04541,CRM
AUS01079,4119 Young Ferry Apt. 261,Phoenix,Arizona,United States,71471,CRM
AUS01080,2573 David Parkways Apt. 257,New York,New York,United States,75309,CRM
AUS01081,81427 Claudia Stream Apt. 461,Phoenix,Arizona,United States,46119,CRM
AUS01082,517 Harmon Well,New York,New York,United States,35218,CRM
AUS01083,160 Myers Estate Apt. 164,Los Angeles,California,United States,68353,CRM
AUS01084,14947 Allison Pine Apt. 993,Houston,Texas,United States,73987,CRM
AUS01085,967 Carroll Forest,Chicago,Illinois,United States,77847,CRM
AUS01086,929 Dunlap Fall Apt. 746,Phoenix,Arizona,United States,11709,CRM
AUS01087,34436 Matthew Plaza,Houston,Texas,United States,01599,CRM
AUS01088,1235 Michael Islands,Los Angeles,California,United States,83818,CRM
AUS01089,19276 Brown Mission Apt. 646,Los Angeles,California,United States,17505,CRM
AUS01090,5759 Mathew Shoal Suite 043,Los Angeles,California,United States,68422,CRM
AUS01091,0257 Gray Corner,Phoenix,Arizona,United States,44103,CRM
AUS01092,12903 Jerry Knolls,Phoenix,Arizona,United States,71622,CRM
AUS01093,8280 Chapman Stream Apt. 892,Los Angeles,California,United States,43487,CRM
AUS01094,53759 Stephen Mills,New York,New York,United States,37325,CRM
AUS01095,37369 Anthony Mills,Phoenix,Arizona,United States,69622,CRM
AUS01096,748 Fleming Fork Suite 936,New York,New York,United States,32758,CRM
AUS01097,649 Park Club Suite 479,New York,New York,United States,53420,CRM
AUS01098,24453 Courtney Crescent Suite 481,Houston,Texas,United States,92115,CRM
AUS01099,4879 Armstrong Drives,Los Angeles,California,United States,39461,CRM
AUS01100,0900 Sean Knolls,Chicago,Illinois,United States,65051,CRM
AUS01101,931 Crystal Flats,New York,New York,United States,54989,CRM
AUS01102,324 Thomas Square Suite 042,Los Angeles,California,United States,19911,CRM
AUS01103,073 Sandra Cliff,Chicago,Illinois,United States,53409,CRM
AUS01104,577 Thomas Pine Suite 008,Los Angeles,California,United States,53212,CRM
AUS01105,74166 Hill Spring,Houston,Texas,United States,45565,CRM
AUS01106,2432 Dana Loop Suite 961,Los Angeles,California,United States,13131,CRM
AUS01107,274 Robert Estate Suite 877,Phoenix,Arizona,United States,77236,CRM
AUS01108,0372 John Courts,Houston,Texas,United States,11182,CRM
AUS01109,3547 Emily Ramp,Chicago,Illinois,United States,96628,CRM
AUS01110,787 Holly Glens Suite 305,New York,New York,United States,76082,CRM
AUS01111,474 Martin Crescent,Chicago,Illinois,United States,69928,CRM
AUS01112,5349 Pierce Overpass Suite 004,Los Angeles,California,United States,63942,CRM
AUS01113,12985 Abbott Spur,Houston,Texas,United States,07053,CRM
AUS01114,950 Bennett Prairie Apt. 322,New York,New York,United States,96390,CRM
AUS01115,457 Samuel Motorway,Los Angeles,California,United States,20406,CRM
AUS01116,650 Price Fort Suite 728,Houston,Texas,United States,06745,CRM
AUS01117,098 Potter Mills Suite 446,Chicago,Illinois,United States,01931,CRM
AUS01118,183 Jenkins Turnpike,New York,New York,United States,90633,CRM
AUS01119,376 Nash Fords Apt. 382,Houston,Texas,United States,47233,CRM
AUS01120,3365 Karen Falls,Houston,Texas,United States,03799,CRM
AUS01121,11274 Owens Corners,New York,New York,United States,34698,CRM
AUS01122,83614 Brandy Drive Suite 889,Chicago,Illinois,United States,53403,CRM
AUS01123,873 Christopher Summit Apt. 627,Houston,Texas,United States,14194,CRM
AUS01124,074 Sylvia Island Apt. 224,Houston,Texas,United States,29136,CRM
AUS01125,1809 Walters Spring,New York,New York,United States,30236,CRM
AUS01126,358 Pineda Ranch Suite 841,New York,New York,United States,66641,CRM
AUS01127,96036 Andrea Estate Suite 636,Houston,Texas,United States,79879,CRM
AUS01128,2954 Andrews Flat Apt. 747,Chicago,Illinois,United States,89804,CRM
AUS01129,872 Fuller Plains Apt. 742,Phoenix,Arizona,United States,29157,CRM
AUS01130,6138 Megan Camp,New York,New York,United States,96273,CRM
AUS01131,358 Reilly Gardens,Houston,Texas,United States,46848,CRM
AUS01132,8192 Chase Glen,Phoenix,Arizona,United States,26858,CRM
AUS01133,224 Hardy Valley,New York,New York,United States,45385,CRM
AUS01134,4959 Emily Glen Suite 950,Los Angeles,California,United States,02004,CRM
AUS01135,89007 Williamson Common Apt. 710,New York,New York,United States,43745,CRM
AUS01136,38890 Kevin Mission,Phoenix,Arizona,United States,75538,CRM
AUS01137,283 Christian Station Apt. 323,Chicago,Illinois,United States,96025,CRM
AUS01138,436 Fisher Springs,New York,New York,United States,53571,CRM
AUS01139,0838 Brian Mission,Los Angeles,California,United States,69109,CRM
AUS01140,3066 Clark Inlet Apt. 660,Los Angeles,California,United States,98727,CRM
AUS01141,96990 Pamela Cove Apt. 688,Chicago,Illinois,United States,09953,CRM
AUS01142,797 Patrick Common Suite 340,New York,New York,United States,50815,CRM
AUS01143,788 Jeffrey Overpass Suite 035,Los Angeles,California,United States,67023,CRM
AUS01144,74771 Toni Ville Apt. 580,Chicago,Illinois,United States,44438,CRM
AUS01145,690 Jacobs Trail Apt. 745,Chicago,Illinois,United States,01888,CRM
AUS01146,4619 Sellers Road Suite 011,Houston,Texas,United States,82806,CRM
AUS01147,693 Hernandez Course Suite 998,New York,New York,United States,65231,CRM
AUS01148,889 Jennifer Stream,New York,New York,United States,78845,CRM
AUS01149,29344 Jerry Vista,New York,New York,United States,14438,CRM
AUS01150,093 Wilcox Groves Apt. 257,Houston,Texas,United States,73400,CRM
AUS01151,837 Adrienne Fall Suite 411,Houston,Texas,United States,48443,CRM
AUS01152,3675 Michael Well Apt. 857,Los Angeles,California,United States,91497,CRM
AUS01153,06346 Eric Burgs Apt. 269,Houston,Texas,United States,36549,CRM
AUS01154,5481 Murphy Forest Apt. 276,Phoenix,Arizona,United States,00540,CRM
AUS01155,789 Alvarado Springs Suite 790,Los Angeles,California,United States,29609,CRM
AUS01156,9759 Julia Way,Phoenix,Arizona,United States,94331,CRM
AUS01157,42176 Nicholas Mountain,Chicago,Illinois,United States,81440,CRM
AUS01158,9162 Michael Locks Apt. 202,New York,New York,United States,24086,CRM
AUS01159,80169 Cox Burg,Chicago,Illinois,United States,26091,CRM
AUS01160,676 Edward Views Suite 953,Los Angeles,California,United States,09236,CRM
AUS01161,859 Davis Trail Suite 979,Chicago,Illinois,United States,89628,CRM
AUS01162,579 David Spur,Phoenix,Arizona,United States,82986,CRM
AUS01163,357 Nathan Branch Apt. 762,Phoenix,Arizona,United States,41238,CRM
AUS01164,934 James Park,New York,New York,United States,99503,CRM
AUS01165,143 Brenda Inlet Apt. 859,Houston,Texas,United States,57996,CRM
AUS01166,0472 Miller Divide,Houston,Texas,United States,26348,CRM
AUS01167,069 Connie Wells Apt. 650,New York,New York,United States,31889,CRM
AUS01168,79348 Kelsey Spurs,Los Angeles,California,United States,96232,CRM
AUS01169,721 Torres Meadows,New York,New York,United States,66882,CRM
AUS01170,38520 Burnett Road,Los Angeles,California,United States,59063,CRM
AUS01171,8150 Brittany Rapid Apt. 919,Chicago,Illinois,United States,26821,CRM
AUS01172,660 David Squares Suite 890,New York,New York,United States,31436,CRM
AUS01173,257 George Ports Apt. 370,Phoenix,Arizona,United States,50652,CRM
AUS01174,597 Sandoval Plaza Suite 953,Houston,Texas,United States,48616,CRM
AUS01175,7688 Brad Pines,Houston,Texas,United States,99415,CRM
AUS01176,343 Kara Divide Suite 503,Houston,Texas,United States,16458,CRM
AUS01177,03550 Christine Curve Apt. 381,Chicago,Illinois,United States,20722,CRM
AUS01178,968 Schmidt Burg Apt. 414,Los Angeles,California,United States,44411,CRM
AUS01179,360 Hernandez Port Apt. 383,Los Angeles,California,United States,55500,CRM
AUS01180,003 Sharon Station,Houston,Texas,United States,21417,CRM
AUS01181,34076 Angela Pine,Phoenix,Arizona,United States,25541,CRM
AUS01182,35690 Jeffrey Canyon,Houston,Texas,United States,05060,CRM
AUS01183,0913 Shields Square Suite 577,Phoenix,Arizona,United States,56767,CRM
AUS01184,0026 Hernandez Extension Suite 703,Chicago,Illinois,United States,74933,CRM
AUS01185,440 Amy Court,Phoenix,Arizona,United States,07590,CRM
AUS01186,805 Michelle Common,New York,New York,United States,59291,CRM
AUS01187,568 Daniel Ranch Suite 184,Phoenix,Arizona,United States,59589,CRM
AUS01188,191 Allen Station,Houston,Texas,United States,16807,CRM
AUS01189,40108 Kimberly Greens Apt. 097,Houston,Texas,United States,03701,CRM
AUS01190,783 Robin Burg Apt. 363,New York,New York,United States,43600,CRM
AUS01191,07305 Miller Hills Apt. 213,New York,New York,United States,75772,CRM
AUS01192,78643 Anna Points Apt. 586,New York,New York,United States,21296,CRM
AUS01193,42226 Schwartz Square Suite 165,Chicago,Illinois,United States,38434,CRM
AUS01194,550 Susan Curve Apt. 118,Phoenix,Arizona,United States,67088,CRM
AUS01195,0808 Smith Row,Chicago,Illinois,United States,49152,CRM
AUS01196,38841 David Run Apt. 541,Chicago,Illinois,United States,29951,CRM
AUS01197,616 Tara Causeway Apt. 828,New York,New York,United States,98351,CRM
AUS01198,08193 Crystal Park Suite 615,Los Angeles,California,United States,26690,CRM
AUS01199,0019 Ryan Shoal Apt. 405,Chicago,Illinois,United States,46045,CRM
AUS01200,51662 Fields Estate,New York,New York,United States,04978,CRM
AUS01201,7492 Garcia Landing Apt. 953,New York,New York,United States,56746,CRM
AUS01202,3442 Erik Circles,Los Angeles,California,United States,46933,CRM
AUS01203,35745 Huber Street,Phoenix,Arizona,United States,54488,CRM
AUS01204,607 Murphy Lock,New York,New York,United States,49272,CRM
AUS01205,5663 James Highway,Los Angeles,California,United States,29909,CRM
AUS01206,857 Jeffrey Oval,Los Angeles,California,United States,10157,CRM
AUS01207,6066 Benjamin Station Suite 434,New York,New York,United States,05422,CRM
AUS01208,341 Knox Junctions,New York,New York,United States,07705,CRM
AUS01209,486 Carla Ramp,Houston,Texas,United States,08993,CRM
AUS01210,53653 Matthew Junctions Apt. 059,Phoenix,Arizona,United States,40770,CRM
AUS01211,59187 Erica Meadows Suite 758,Los Angeles,California,United States,04314,CRM
AUS01212,62434 Gross Throughway Suite 218,Houston,Texas,United States,31086,CRM
AUS01213,94525 Little Passage Suite 968,Phoenix,Arizona,United States,29272,CRM
AUS01214,6550 Julia Junctions,New York,New York,United States,37245,CRM
AUS01215,10079 Barnes Wells Suite 951,Chicago,Illinois,United States,15107,CRM
AUS01216,276 Rodney Court Suite 283,Phoenix,Arizona,United States,16437,CRM
AUS01217,846 Jennifer Loop,Chicago,Illinois,United States,63267,CRM
AUS01218,182 Ruth Estate,Phoenix,Arizona,United States,51718,CRM
AUS01219,58126 Michael Court Suite 725,Phoenix,Arizona,United States,86565,CRM
AUS01220,36950 Matthew Cliff Suite 657,Houston,Texas,United States,33655,CRM
AUS01221,488 John Falls Apt. 714,Phoenix,Arizona,United States,57806,CRM
AUS01222,3101 Crystal Rapids Apt. 554,New York,New York,United States,53631,CRM
AUS01223,8385 Alyssa Burgs Apt. 171,Los Angeles,California,United States,23898,CRM
AUS01224,076 Hester Station Suite 948,Houston,Texas,United States,32996,CRM
AUS01225,555 Ray Oval Apt. 660,Houston,Texas,United States,37427,CRM
AUS01226,4099 Ramsey Branch,Phoenix,Arizona,United States,35615,CRM
AUS01227,59291 Barton Lane Suite 287,Los Angeles,California,United States,36668,CRM
AUS01228,6104 Anderson Inlet,Chicago,Illinois,United States,93163,CRM
AUS01229,411 Vega Forge Apt. 638,New York,New York,United States,04485,CRM
AUS01230,23694 Cunningham Drive,Los Angeles,California,United States,47446,CRM
AUS01231,598 Miller Inlet Apt. 639,New York,New York,United States,58882,CRM
AUS01232,8251 Holly Stravenue,Los Angeles,California,United States,06206,CRM
AUS01233,74110 Tanner Lane Apt. 349,New York,New York,United States,24152,CRM
AUS01234,582 Solis Estate,New York,New York,United States,52645,CRM
AUS01235,10891 Fisher Mission,Chicago,Illinois,United States,74594,CRM
AUS01236,5467 Elizabeth Plains Suite 745,New York,New York,United States,42792,CRM
AUS01237,8396 Kelsey Village,Houston,Texas,United States,67243,CRM
AUS01238,19869 Walker Flats,Los Angeles,California,United States,30142,CRM
AUS01239,98432 Jesus Freeway Apt. 812,Houston,Texas,United States,27863,CRM
AUS01240,0997 Jones Plaza,Los Angeles,California,United States,72638,CRM
AUS01241,04345 Clayton Prairie,Los Angeles,California,United States,06180,CRM
AUS01242,9584 Adams Road Apt. 318,Los Angeles,California,United States,82818,CRM
AUS01243,066 James Circle,Chicago,Illinois,United States,22219,CRM
AUS01244,521 Linda Turnpike,New York,New York,United States,78425,CRM
AUS01245,91765 Flores Estate,Los Angeles,California,United States,29291,CRM
AUS01246,877 Bradley Station,New York,New York,United States,48579,CRM
AUS01247,27146 Compton Passage,Los Angeles,California,United States,41437,CRM
AUS01248,77400 Crystal Extension,Chicago,Illinois,United States,58588,CRM
AUS01249,74519 Davis Pike Suite 184,Phoenix,Arizona,United States,95053,CRM
AUS01250,7360 Jackson Green Apt. 592,Houston,Texas,United States,85191,CRM
AUS01251,865 Taylor Ridges,New York,New York,United States,23728,CRM
AUS01252,750 Stone Flat Apt. 828,Los Angeles,California,United States,76791,CRM
AUS01253,8268 Joshua Fork,Phoenix,Arizona,United States,22501,CRM
AUS01254,0134 Lewis View,New York,New York,United States,40801,CRM
AUS01255,42268 Norris Pines,Los Angeles,California,United States,96079,CRM
AUS01256,52763 David Pine,Los Angeles,California,United States,35498,CRM
AUS01257,124 Ward Spur Suite 570,Los Angeles,California,United States,33516,CRM
AUS01258,20183 Johnston Alley,Houston,Texas,United States,53435,CRM
AUS01259,0488 Baird Green,Phoenix,Arizona,United States,93000,CRM
AUS01260,39211 Michael Expressway,New York,New York,United States,08323,CRM
AUS01261,2017 Kenneth Tunnel,New York,New York,United States,42086,CRM
AUS01262,2873 Richard Parkway Apt. 339,Phoenix,Arizona,United States,14364,CRM
AUS01263,9111 Williams Bridge,Phoenix,Arizona,United States,96932,CRM
AUS01264,0180 Flores Knoll Suite 257,New York,New York,United States,72458,CRM
AUS01265,785 Lawrence Dam Apt. 897,Los Angeles,California,United States,78604,CRM
AUS01266,821 Ryan Flats Suite 653,Phoenix,Arizona,United States,92309,CRM
AUS01267,7795 Valerie Drive Suite 677,Los Angeles,California,United States,28610,CRM
AUS01268,42713 Zoe Spring,Phoenix,Arizona,United States,68066,CRM
AUS01269,480 Colin Point Suite 444,Chicago,Illinois,United States,87266,CRM
AUS01270,815 Bradley Loop,Houston,Texas,United States,92275,CRM
AUS01271,27159 Sheppard Drive Apt. 735,Phoenix,Arizona,United States,20998,CRM
AUS01272,7198 Karl Street,Los Angeles,California,United States,52987,CRM
AUS01273,507 Taylor Falls Suite 959,New York,New York,United States,05041,CRM
AUS01274,00809 Kemp Greens,Los Angeles,California,United States,84818,CRM
AUS01275,19790 Riley Islands,Phoenix,Arizona,United States,35344,CRM
AUS01276,79064 Jose Spurs Suite 807,Los Angeles,California,United States,31865,CRM
AUS01277,44171 Howard Trail,Los Angeles,California,United States,31948,CRM
AUS01278,81911 Fields Groves Apt. 288,Los Angeles,California,United States,03033,CRM
AUS01279,7503 Antonio Lock Apt. 857,Houston,Texas,United States,52464,CRM
AUS01280,347 Stephanie Square,Phoenix,Arizona,United States,46124,CRM
AUS01281,92514 Samuel Square Suite 128,Los Angeles,California,United States,09640,CRM
AUS01282,566 Powers Oval,New York,New York,United States,65380,CRM
AUS01283,4131 Moore Prairie,Phoenix,Arizona,United States,98024,CRM
AUS01284,5512 Christopher Wall,Chicago,Illinois,United States,81226,CRM
AUS01285,19418 Kenneth Groves,New York,New York,United States,65077,CRM
AUS01286,2857 Jensen Roads Suite 388,Houston,Texas,United States,55960,CRM
AUS01287,392 Shane Flats,Chicago,Illinois,United States,77270,CRM
AUS01288,567 Kim Mount,Houston,Texas,United States,93582,CRM
AUS01289,25713 Herrera Crescent Apt. 745,Los Angeles,California,United States,20909,CRM
AUS01290,7927 Erica Locks,New York,New York,United States,86626,CRM
AUS01291,5612 Maldonado Ferry,New York,New York,United States,05301,CRM
AUS01292,084 Patel Manors,Houston,Texas,United States,35808,CRM
AUS01293,1111 Monica Wells Apt. 809,New York,New York,United States,28681,CRM
AUS01294,011 Rhonda Valleys Suite 648,Phoenix,Arizona,United States,93892,CRM
AUS01295,3403 Dakota Overpass Suite 632,Chicago,Illinois,United States,63335,CRM
AUS01296,836 Hobbs Roads,Los Angeles,California,United States,93847,CRM
AUS01297,68763 Julie Path,Los Angeles,California,United States,62271,CRM
AUS01298,455 Matthew Road,Houston,Texas,United States,06389,CRM
AUS01299,8364 Angela Corners,Chicago,Illinois,United States,73426,CRM
AUS01300,1684 Kelsey Lane,Los Angeles,California,United States,41393,CRM
AUS01301,45490 Everett Circle,Los Angeles,California,United States,17756,CRM
AUS01302,40921 Edwin Light,New York,New York,United States,63170,CRM
AUS01303,1393 Holly Club Apt. 672,Chicago,Illinois,United States,21011,CRM
AUS01304,689 Jones Road Apt. 890,Houston,Texas,United States,77569,CRM
AUS01305,66501 Thompson Orchard,Chicago,Illinois,United States,72637,CRM
AUS01306,360 Vincent Pike,New York,New York,United States,89536,CRM
AUS01307,492 Margaret Row Suite 853,Houston,Texas,United States,75403,CRM
AUS01308,942 Carol Tunnel Suite 369,Los Angeles,California,United States,12326,CRM
AUS01309,982 Pitts Fort Suite 002,Houston,Texas,United States,01319,CRM
AUS01310,5450 Frederick Rue,Phoenix,Arizona,United States,94143,CRM
AUS01311,174 Anthony Track Suite 723,Houston,Texas,United States,61869,CRM
AUS01312,61996 Timothy Forest,Phoenix,Arizona,United States,76735,CRM
AUS01313,7631 Rachel Center,Phoenix,Arizona,United States,22879,CRM
AUS01314,4374 Johnson Lake,Los Angeles,California,United States,23239,CRM
AUS01315,58114 Johnston Road Suite 586,Los Angeles,California,United States,35522,CRM
AUS01316,55198 Bradford Run,New York,New York,United States,11837,CRM
AUS01317,9078 Torres Lane,Phoenix,Arizona,United States,22908,CRM
AUS01318,4122 Amanda Fords,Houston,Texas,United States,30475,CRM
AUS01319,5404 Warren View Suite 162,New York,New York,United States,10029,CRM
AUS01320,9325 Cheryl Course,New York,New York,United States,16081,CRM
AUS01321,94738 Alan Cape,Chicago,Illinois,United States,29199,CRM
AUS01322,6419 Samuel Fort Suite 727,New York,New York,United States,82639,CRM
AUS01323,894 Wells Circle,New York,New York,United States,59156,CRM
AUS01324,30204 Porter Valley,Los Angeles,California,United States,08276,CRM
AUS01325,73530 Steven Trace,Los Angeles,California,United States,62345,CRM
AUS01326,45338 Snyder Crescent Apt. 695,New York,New York,United States,94328,CRM
AUS01327,0117 Veronica Walks Suite 921,Houston,Texas,United States,98506,CRM
AUS01328,9072 Meyer Field,Chicago,Illinois,United States,80891,CRM
AUS01329,147 Richards Loop Suite 137,Houston,Texas,United States,33442,CRM
AUS01330,28262 Jeremy Mission Apt. 537,Phoenix,Arizona,United States,64286,CRM
AUS01331,3396 Bowers Knolls Apt. 813,Chicago,Illinois,United States,24697,CRM
AUS01332,218 Kelley Camp Suite 393,Phoenix,Arizona,United States,81093,CRM
AUS01333,5018 Jordan Forges,Phoenix,Arizona,United States,03148,CRM
AUS01334,20814 Kidd Views Suite 826,Phoenix,Arizona,United States,14097,CRM
AUS01335,7944 Lauren Well,Phoenix,Arizona,United States,45487,CRM
AUS01336,64868 Karen Ridge Apt. 013,Phoenix,Arizona,United States,57819,CRM
AUS01337,0041 Gonzalez Falls,Chicago,Illinois,United States,08254,CRM
AUS01338,35990 Jones Port,Phoenix,Arizona,United States,23954,CRM
AUS01339,317 Erin River Apt. 903,Los Angeles,California,United States,73345,CRM
AUS01340,3245 Tracy Roads Suite 249,Houston,Texas,United States,34208,CRM
AUS01341,442 Klein Squares,Chicago,Illinois,United States,51421,CRM
AUS01342,2249 Timothy Forges,Chicago,Illinois,United States,99275,CRM
AUS01343,7562 Karen Springs Apt. 428,Chicago,Illinois,United States,92746,CRM
AUS01344,367 Kelly Parks Suite 954,Los Angeles,California,United States,48653,CRM
AUS01345,5729 Elizabeth Ridges,New York,New York,United States,73384,CRM
AUS01346,817 Green Locks,Los Angeles,California,United States,92152,CRM
AUS01347,22825 Elizabeth Valley Suite 450,Phoenix,Arizona,United States,87075,CRM
AUS01348,35785 Jennifer Rapids,Los Angeles,California,United States,76098,CRM
AUS01349,832 Brown Flats Apt. 319,Phoenix,Arizona,United States,24057,CRM
AUS01350,08888 Lee Forks Suite 213,New York,New York,United States,85758,CRM
AUS01351,42669 Robertson Heights,Los Angeles,California,United States,01263,CRM
AUS01352,76648 Brown Knolls,Houston,Texas,United States,70140,CRM
AUS01353,6948 Zachary Light Suite 505,Houston,Texas,United States,98053,CRM
AUS01354,1213 Moore Expressway,Phoenix,Arizona,United States,23592,CRM
AUS01355,648 Lee Glen Suite 833,Los Angeles,California,United States,41257,CRM
AUS01356,690 Lindsey Parks,Houston,Texas,United States,19298,CRM
AUS01357,26285 Evans River Suite 077,Houston,Texas,United States,94197,CRM
AUS01358,372 Michael Expressway,Los Angeles,California,United States,58354,CRM
AUS01359,890 Garcia Mountain Suite 761,Phoenix,Arizona,United States,65137,CRM
AUS01360,544 Miller Squares,Houston,Texas,United States,55881,CRM
AUS01361,880 Thomas Creek Suite 701,Chicago,Illinois,United States,67086,CRM
AUS01362,81445 Michelle Harbor,Chicago,Illinois,United States,13751,CRM
AUS01363,5922 Leslie Haven,Los Angeles,California,United States,22172,CRM
AUS01364,81911 Derrick Neck,Los Angeles,California,United States,30378,CRM
AUS01365,485 Brett Hills Apt. 567,Houston,Texas,United States,66915,CRM
AUS01366,710 Moss Union,Chicago,Illinois,United States,29595,CRM
AUS01367,6184 Page Key,Houston,Texas,United States,86580,CRM
AUS01368,5315 Cummings Junctions Suite 843,Phoenix,Arizona,United States,62056,CRM
AUS01369,2579 Michael Flat,Houston,Texas,United States,23422,CRM
AUS01370,20572 Michael Row,Chicago,Illinois,United States,74379,CRM
AUS01371,62876 Walter Summit,New York,New York,United States,23356,CRM
AUS01372,1959 Harris Trafficway,Phoenix,Arizona,United States,25359,CRM
AUS01373,31424 Bennett Village Apt. 073,Houston,Texas,United States,78631,CRM
AUS01374,6158 Jessica Estate Apt. 593,Houston,Texas,United States,86204,CRM
AUS01375,93964 Rebecca Mill Suite 719,Houston,Texas,United States,96491,CRM
AUS01376,22677 Gilbert Turnpike Apt. 053,Chicago,Illinois,United States,86473,CRM
AUS01377,617 Hines Villages Apt. 038,New York,New York,United States,63053,CRM
AUS01378,08102 Adams Creek,Chicago,Illinois,United States,26061,CRM
AUS01379,4970 Graham Trail,Houston,Texas,United States,17762,CRM
AUS01380,866 Russell Camp Apt. 214,New York,New York,United States,58128,CRM
AUS01381,320 Dennis Street Apt. 111,New York,New York,United States,78927,CRM
AUS01382,9177 Finley Drives Suite 701,Phoenix,Arizona,United States,08604,CRM
AUS01383,67964 Herrera Causeway,Los Angeles,California,United States,31548,CRM
AUS01384,1079 Michael Bypass Apt. 774,Houston,Texas,United States,53308,CRM
AUS01385,86309 Sierra Plains Apt. 176,Los Angeles,California,United States,23913,CRM
AUS01386,80370 Olsen Isle,New York,New York,United States,13425,CRM
AUS01387,63508 Ballard Squares,Houston,Texas,United States,57363,CRM
AUS01388,5608 Jennifer Port,Houston,Texas,United States,28533,CRM
AUS01389,607 Jeffrey Squares Apt. 130,Los Angeles,California,United States,19138,CRM
AUS01390,028 Sara Junction Suite 688,Phoenix,Arizona,United States,28770,CRM
AUS01391,96074 Moore Springs Suite 486,Phoenix,Arizona,United States,93861,CRM
AUS01392,338 Johnson Heights,Houston,Texas,United States,66234,CRM
AUS01393,423 Lee Crest,Chicago,Illinois,United States,07949,CRM
AUS01394,0751 Lawson Islands,Los Angeles,California,United States,32361,CRM
AUS01395,76816 Joel Plaza Apt. 602,New York,New York,United States,28356,CRM
AUS01396,90416 Melinda Cove Suite 046,Los Angeles,California,United States,94712,CRM
AUS01397,33633 Palmer Ridges Apt. 945,Chicago,Illinois,United States,36725,CRM
AUS01398,9608 Jasmine Divide Apt. 368,Chicago,Illinois,United States,65090,CRM
AUS01399,83651 John Knoll Suite 824,Houston,Texas,United States,85583,CRM
AUS01400,721 Brock Views Apt. 094,New York,New York,United States,59287,CRM
AUS01401,2716 Sara Trail,New York,New York,United States,02326,CRM
AUS01402,627 Michelle Fords Suite 325,Los Angeles,California,United States,48985,CRM
AUS01403,061 Jason Ways,Los Angeles,California,United States,08155,CRM
AUS01404,9614 Moore Lakes Suite 193,New York,New York,United States,68517,CRM
AUS01405,18713 Daniel Coves,Phoenix,Arizona,United States,12993,CRM
AUS01406,7331 Miller Lights Suite 178,Phoenix,Arizona,United States,22516,CRM
AUS01407,82035 Lang Radial,Phoenix,Arizona,United States,26437,CRM
AUS01408,9511 Ramirez Route Suite 657,Houston,Texas,United States,17039,CRM
AUS01409,78749 Ashley Mission,Los Angeles,California,United States,96383,CRM
AUS01410,68638 Olson Light,Los Angeles,California,United States,20603,CRM
AUS01411,41580 Pena Lights,New York,New York,United States,70190,CRM
AUS01412,300 Pratt Road Suite 751,New York,New York,United States,02082,CRM
AUS01413,51847 Robert Bypass,Phoenix,Arizona,United States,34099,CRM
AUS01414,5373 Farmer Lock Apt. 819,Houston,Texas,United States,90821,CRM
AUS01415,0818 Jose Gardens,New York,New York,United States,07664,CRM
AUS01416,87531 Diaz Valley,New York,New York,United States,20473,CRM
AUS01417,771 Johnson Roads,New York,New York,United States,74411,CRM
AUS01418,5554 Marcus Mountains,New York,New York,United States,66222,CRM
AUS01419,9236 Kimberly Street Apt. 128,Houston,Texas,United States,43456,CRM
AUS01420,6144 Amanda Fields Apt. 558,Houston,Texas,United States,36568,CRM
AUS01421,433 Craig Crossroad,Chicago,Illinois,United States,99803,CRM
AUS01422,5529 Perez River,Houston,Texas,United States,64432,CRM
AUS01423,97093 Dakota Island,Phoenix,Arizona,United States,98329,CRM
AUS01424,40198 Stephen Pike,Phoenix,Arizona,United States,24118,CRM
AUS01425,4386 Michael Shoal,Houston,Texas,United States,52063,CRM
AUS01426,449 Christopher Circle,Phoenix,Arizona,United States,20487,CRM
AUS01427,8881 Gail Path Apt. 326,Los Angeles,California,United States,37787,CRM
AUS01428,911 Andrea Meadows Apt. 008,Houston,Texas,United States,90733,CRM
AUS01429,001 Jake Point,Phoenix,Arizona,United States,86037,CRM
AUS01430,779 Edwards Cliffs,Los Angeles,California,United States,45143,CRM
AUS01431,26259 James Lodge,Houston,Texas,United States,00977,CRM
AUS01432,8799 Shannon Corner Suite 775,Chicago,Illinois,United States,59795,CRM
AUS01433,49335 Stewart Canyon Suite 992,Los Angeles,California,United States,55229,CRM
AUS01434,2838 Virginia Junctions Suite 889,New York,New York,United States,37882,CRM
AUS01435,46908 Johnson Trail Apt. 550,Chicago,Illinois,United States,75977,CRM
AUS01436,0870 Edward Gardens,Los Angeles,California,United States,92906,CRM
AUS01437,1842 Reed Burg,Chicago,Illinois,United States,46468,CRM
AUS01438,840 Robinson Field,Phoenix,Arizona,United States,01826,CRM
AUS01439,81280 Roger Crossing Apt. 240,Los Angeles,California,United States,26851,CRM
AUS01440,1700 Richard Club,Chicago,Illinois,United States,88062,CRM
AUS01441,753 Charlotte Lock,New York,New York,United States,44382,CRM
AUS01442,9929 Luis Plaza Suite 034,Phoenix,Arizona,United States,34356,CRM
AUS01443,9627 Rachel Ports,Chicago,Illinois,United States,95721,CRM
AUS01444,878 Jeffrey Mall,Chicago,Illinois,United States,86913,CRM
AUS01445,26281 Michael Shore,Phoenix,Arizona,United States,15450,CRM
AUS01446,06117 Diane Ridges,New York,New York,United States,87811,CRM
AUS01447,455 Sexton Ferry Apt. 019,Chicago,Illinois,United States,04156,CRM
AUS01448,92214 Smith Center Apt. 332,Phoenix,Arizona,United States,15458,CRM
AUS01449,14722 Megan Mill Suite 983,Los Angeles,California,United States,30704,CRM
AUS01450,731 Charles Brook Apt. 687,Phoenix,Arizona,United States,26435,CRM
AUS01451,07374 Richmond Oval,Los Angeles,California,United States,94349,CRM
AUS01452,9152 Washington Port Apt. 467,Chicago,Illinois,United States,41082,CRM
AUS01453,2241 Brian Parks Apt. 750,New York,New York,United States,01149,CRM
AUS01454,4033 Atkinson Union,Chicago,Illinois,United States,43461,CRM
AUS01455,88850 Crystal Inlet,Chicago,Illinois,United States,28438,CRM
AUS01456,73578 Wilson Overpass Apt. 326,Phoenix,Arizona,United States,42304,CRM
AUS01457,8428 Heather Inlet,Houston,Texas,United States,46492,CRM
AUS01458,345 Butler Corner,Houston,Texas,United States,79837,CRM
AUS01459,202 Mcgrath Ridges,Chicago,Illinois,United States,62544,CRM
AUS01460,51507 John Path Apt. 100,Houston,Texas,United States,93316,CRM
AUS01461,67530 Stewart Road Suite 925,Phoenix,Arizona,United States,19186,CRM
AUS01462,915 Alyssa Estates,Chicago,Illinois,United States,25595,CRM
AUS01463,3962 Judith Meadow Suite 437,New York,New York,United States,39001,CRM
AUS01464,261 Williams Walks,New York,New York,United States,89159,CRM
AUS01465,4340 Anderson Inlet,Los Angeles,California,United States,63677,CRM
AUS01466,668 Dylan Mills,Chicago,Illinois,United States,70878,CRM
AUS01467,99219 Ryan Stravenue Apt. 436,New York,New York,United States,06297,CRM
AUS01468,97345 Levine Cliffs Apt. 483,New York,New York,United States,27641,CRM
AUS01469,755 Bailey Run Suite 761,Phoenix,Arizona,United States,72247,CRM
AUS01470,2026 Miller Tunnel,Chicago,Illinois,United States,18559,CRM
AUS01471,7991 Anthony Views,Phoenix,Arizona,United States,08787,CRM
AUS01472,777 Douglas Parkway Suite 758,Houston,Texas,United States,28321,CRM
AUS01473,5164 Jennifer Stream,Los Angeles,California,United States,32552,CRM
AUS01474,1994 Soto Freeway,Houston,Texas,United States,11649,CRM
AUS01475,3049 Lee Spur,Chicago,Illinois,United States,56633,CRM
AUS01476,03649 Summers Avenue,Houston,Texas,United States,91421,CRM
AUS01477,698 Hailey Plain Suite 374,New York,New York,United States,38742,CRM
AUS01478,798 Sullivan Station,Houston,Texas,United States,00670,CRM
AUS01479,5609 Brittany Path Apt. 744,New York,New York,United States,83143,CRM
AUS01480,270 Hardy Mission,Los Angeles,California,United States,21834,CRM
AUS01481,66399 Arnold Gateway Apt. 042,Houston,Texas,United States,10895,CRM
AUS01482,81589 Graham Flats Suite 461,New York,New York,United States,74923,CRM
AUS01483,4505 Smith Drives,Phoenix,Arizona,United States,95210,CRM
AUS01484,295 Dominic Brook,Phoenix,Arizona,United States,24910,CRM
AUS01485,1125 Moody Lane Apt. 794,Phoenix,Arizona,United States,83971,CRM
AUS01486,178 Cindy Station Apt. 755,Houston,Texas,United States,55016,CRM
AUS01487,0270 Williams Pine Apt. 234,Phoenix,Arizona,United States,88928,CRM
AUS01488,613 James Crossing Suite 002,Chicago,Illinois,United States,01670,CRM
AUS01489,37927 Amanda Gateway,New York,New York,United States,67997,CRM
AUS01490,8147 David Expressway,Phoenix,Arizona,United States,34729,CRM
AUS01491,194 Lewis Dam,Phoenix,Arizona,United States,90442,CRM
AUS01492,376 West Rue,Houston,Texas,United States,10318,CRM
AUS01493,0771 Savage Viaduct Suite 381,Los Angeles,California,United States,86808,CRM
AUS01494,41615 Davis Brook,Houston,Texas,United States,28516,CRM
AUS01495,9736 Christopher Village Suite 684,Phoenix,Arizona,United States,45400,CRM
AUS01496,41984 Edwards Pass,New York,New York,United States,24169,CRM
AUS01497,50764 Cheryl Village,Chicago,Illinois,United States,81161,CRM
AUS01498,09841 Elizabeth Key Suite 302,New York,New York,United States,62357,CRM
AUS01499,4916 Charles Causeway Suite 323,New York,New York,United States,81515,CRM
AUS01500,181 Tina Lakes Apt. 619,Los Angeles,California,United States,03055,CRM
AUS01501,630 Page Island Suite 623,New York,New York,United States,15612,CRM
AUS01502,3926 Jose Mountains Suite 731,Phoenix,Arizona,United States,24562,CRM
AUS01503,93561 Henry Mews,Houston,Texas,United States,63297,CRM
AUS01504,68841 Garcia Route,Phoenix,Arizona,United States,78803,CRM
AUS01505,30314 Hess Haven Apt. 976,Chicago,Illinois,United States,14786,CRM
AUS01506,321 Phillips Spurs,Chicago,Illinois,United States,13393,CRM
AUS01507,31080 Greg Passage,Chicago,Illinois,United States,78914,CRM
AUS01508,86321 Johnson Mount,Phoenix,Arizona,United States,05289,CRM
AUS01509,1001 Fox Cliff Apt. 538,Houston,Texas,United States,77173,CRM
AUS01510,8458 Robert Overpass Apt. 635,New York,New York,United States,03195,CRM
AUS01511,684 Burgess Plaza Suite 122,Houston,Texas,United States,67281,CRM
AUS01512,116 April Prairie,Los Angeles,California,United States,98442,CRM
AUS01513,464 Vaughn Squares Apt. 669,Chicago,Illinois,United States,68308,CRM
AUS01514,482 Haney Greens,Los Angeles,California,United States,92503,CRM
AUS01515,5274 Wanda Lodge Suite 419,Los Angeles,California,United States,73692,CRM
AUS01516,7539 Ellis Throughway,New York,New York,United States,71778,CRM
AUS01517,8665 Terrell Landing Suite 511,New York,New York,United States,91558,CRM
AUS01518,03912 Robinson Port Suite 688,New York,New York,United States,83693,CRM
AUS01519,26038 Tracy Track,New York,New York,United States,00501,CRM
AUS01520,1939 Reyes Estates Suite 682,Houston,Texas,United States,74754,CRM
AUS01521,9226 Harrison Underpass,Houston,Texas,United States,85374,CRM
AUS01522,46203 Belinda Shoal,Chicago,Illinois,United States,72799,CRM
AUS01523,8835 Jennings Rapid Apt. 988,New York,New York,United States,46317,CRM
AUS01524,0135 Parks Trace,Chicago,Illinois,United States,22627,CRM
AUS01525,8415 Hannah Crossing Suite 977,New York,New York,United States,60435,CRM
AUS01526,06300 Jackson Rapids Suite 900,Phoenix,Arizona,United States,92040,CRM
AUS01527,000 Mills Islands,New York,New York,United States,18536,CRM
AUS01528,958 Ramirez Rapid,Phoenix,Arizona,United States,29425,CRM
AUS01529,2744 Tammy Valley,New York,New York,United States,57846,CRM
AUS01530,20874 Brown Row Suite 641,Los Angeles,California,United States,78395,CRM
AUS01531,9992 Stuart Alley Suite 289,Phoenix,Arizona,United States,30561,CRM
AUS01532,020 Hannah Islands,Houston,Texas,United States,26477,CRM
AUS01533,4158 Melissa Route,Houston,Texas,United States,71314,CRM
AUS01534,3588 Brown Stravenue,Houston,Texas,United States,46108,CRM
AUS01535,5534 Thompson Haven,Chicago,Illinois,United States,39927,CRM
AUS01536,017 Bell Landing,Chicago,Illinois,United States,84339,CRM
AUS01537,398 Barnes Estates Suite 848,Phoenix,Arizona,United States,20109,CRM
AUS01538,6561 Moreno Expressway,Houston,Texas,United States,93203,CRM
AUS01539,448 Li Plaza Apt. 080,Phoenix,Arizona,United States,66615,CRM
AUS01540,776 Adams Estates Suite 471,Los Angeles,California,United States,07885,CRM
AUS01541,86616 Sherry Roads,Chicago,Illinois,United States,78188,CRM
AUS01542,5907 Sydney Flat,Los Angeles,California,United States,56263,CRM
AUS01543,1624 Julie Estates,Phoenix,Arizona,United States,32098,CRM
AUS01544,40032 Tracy Parkways,Chicago,Illinois,United States,85166,CRM
AUS01545,16599 Anderson Flat,Chicago,Illinois,United States,07643,CRM
AUS01546,59495 Kathleen Stravenue,Los Angeles,California,United States,07569,CRM
AUS01547,099 Ballard Light Suite 397,New York,New York,United States,25236,CRM
AUS01548,83535 Shane Station Suite 924,Chicago,Illinois,United States,32931,CRM
AUS01549,838 Reeves Key Suite 645,Los Angeles,California,United States,30861,CRM
AUS01550,94763 Kathryn Crescent,Phoenix,Arizona,United States,28250,CRM
AUS01551,08952 Ann Extension Suite 362,Houston,Texas,United States,55110,CRM
AUS01552,8367 Smith River,Phoenix,Arizona,United States,04303,CRM
AUS01553,895 Holder Throughway Apt. 115,Houston,Texas,United States,96536,CRM
AUS01554,00293 James Parkways Apt. 800,Chicago,Illinois,United States,04669,CRM
AUS01555,298 Jones Row Suite 244,Chicago,Illinois,United States,74401,CRM
AUS01556,657 Scott Divide,New York,New York,United States,72001,CRM
AUS01557,181 Timothy Extension,Los Angeles,California,United States,17979,CRM
AUS01558,654 Bailey Forges,New York,New York,United States,93375,CRM
AUS01559,7729 Gregory Causeway,Phoenix,Arizona,United States,68072,CRM
AUS01560,7789 Nancy Road Apt. 474,Houston,Texas,United States,01105,CRM
AUS01561,66981 Anthony Ville,Houston,Texas,United States,12094,CRM
AUS01562,830 Smith Flat Suite 292,Los Angeles,California,United States,65318,CRM
AUS01563,210 Barbara Passage,Los Angeles,California,United States,71100,CRM
AUS01564,6353 Obrien Cape,New York,New York,United States,05922,CRM
AUS01565,634 Sarah Inlet,Chicago,Illinois,United States,13312,CRM
AUS01566,4673 Scott Isle,Los Angeles,California,United States,18655,CRM
AUS01567,2168 Spencer Greens,New York,New York,United States,32536,CRM
AUS01568,02522 Robert Land,Los Angeles,California,United States,29610,CRM
AUS01569,5331 Amber Estate Apt. 968,New York,New York,United States,80990,CRM
AUS01570,01061 Wilson Route Apt. 002,Houston,Texas,United States,83599,CRM
AUS01571,4888 Laura Lake,Los Angeles,California,United States,36589,CRM
AUS01572,665 Alan Heights Suite 913,Chicago,Illinois,United States,39795,CRM
AUS01573,616 Wagner Port,Houston,Texas,United States,88566,CRM
AUS01574,131 Kenneth Landing,Houston,Texas,United States,16277,CRM
AUS01575,987 Alicia Fort Suite 529,Chicago,Illinois,United States,90807,CRM
AUS01576,7270 Scott Locks Apt. 167,Chicago,Illinois,United States,43549,CRM
AUS01577,9453 Antonio Hills,Chicago,Illinois,United States,20956,CRM
AUS01578,9192 Jessica Green Suite 289,New York,New York,United States,81451,CRM
AUS01579,20803 Craig Road,Chicago,Illinois,United States,95921,CRM
AUS01580,8442 Williams Junction,Phoenix,Arizona,United States,57587,CRM
AUS01581,6427 King Causeway,Houston,Texas,United States,20445,CRM
AUS01582,0496 Taylor Lock,Los Angeles,California,United States,17902,CRM
AUS01583,876 Davis Spur Apt. 614,New York,New York,United States,44396,CRM
AUS01584,10571 Hampton Junction Apt. 952,Los Angeles,California,United States,00573,CRM
AUS01585,27881 Pruitt Brooks,Phoenix,Arizona,United States,53670,CRM
AUS01586,9105 Willie Crescent Apt. 273,Chicago,Illinois,United States,95941,CRM
AUS01587,023 Thompson Heights Suite 239,Phoenix,Arizona,United States,87463,CRM
AUS01588,102 Stanley Cliff Suite 534,Los Angeles,California,United States,28861,CRM
AUS01589,52004 Crystal Ford Apt. 460,New York,New York,United States,60914,CRM
AUS01590,2150 David Pine Suite 962,Phoenix,Arizona,United States,68663,CRM
AUS01591,708 Henderson Key Apt. 023,Phoenix,Arizona,United States,01696,CRM
AUS01592,10294 Natalie Neck,Chicago,Illinois,United States,79795,CRM
AUS01593,1844 Margaret Crescent,New York,New York,United States,74108,CRM
AUS01594,439 Frederick Corner,Phoenix,Arizona,United States,95760,CRM
AUS01595,2528 Ochoa Forks,Chicago,Illinois,United States,23571,CRM
AUS01596,9135 Tara Turnpike,Houston,Texas,United States,18596,CRM
AUS01597,253 Livingston Camp,Chicago,Illinois,United States,96554,CRM
AUS01598,605 John Mount,Phoenix,Arizona,United States,49652,CRM
AUS01599,23248 Matthew Circles,Phoenix,Arizona,United States,75573,CRM
AUS01600,0782 Felicia Square Suite 664,Los Angeles,California,United States,47236,CRM
AUS01601,6553 Carolyn Prairie,New York,New York,United States,45481,CRM
AUS01602,022 Tiffany Court Suite 025,Houston,Texas,United States,65240,CRM
AUS01603,913 Shelton Pike,Houston,Texas,United States,38646,CRM
AUS01604,92745 Montgomery Isle,Houston,Texas,United States,12592,CRM
AUS01605,043 Ramsey Road,Chicago,Illinois,United States,25172,CRM
AUS01606,20313 Clark Mews,Chicago,Illinois,United States,20428,CRM
AUS01607,85428 Hunter Cape,Phoenix,Arizona,United States,57590,CRM
AUS01608,2755 Hess Forks Apt. 794,Chicago,Illinois,United States,75026,CRM
AUS01609,515 Little Green Suite 068,Chicago,Illinois,United States,64750,CRM
AUS01610,81144 Ronald Mountain,Phoenix,Arizona,United States,97544,CRM
AUS01611,17901 Lee Lights,Chicago,Illinois,United States,13823,CRM
AUS01612,72557 Moore Lakes,New York,New York,United States,12623,CRM
AUS01613,1335 Lee Burgs,Los Angeles,California,United States,76226,CRM
AUS01614,322 Taylor Crest,Chicago,Illinois,United States,58820,CRM
AUS01615,29185 Anthony Junction,New York,New York,United States,04676,CRM
AUS01616,679 Bradford Landing,Los Angeles,California,United States,85519,CRM
AUS01617,67612 Williams Glen Suite 744,Los Angeles,California,United States,37984,CRM
AUS01618,574 Tiffany Groves,Chicago,Illinois,United States,84100,CRM
AUS01619,390 Smith Harbors,Phoenix,Arizona,United States,48924,CRM
AUS01620,54045 Stokes Corner,Houston,Texas,United States,50948,CRM
AUS01621,608 Mcintyre Lodge,Chicago,Illinois,United States,40678,CRM
AUS01622,81225 Sims Neck,Los Angeles,California,United States,06404,CRM
AUS01623,0166 Jensen Gateway Suite 077,Chicago,Illinois,United States,56427,CRM
AUS01624,40648 John Fall,Chicago,Illinois,United States,72761,CRM
AUS01625,5898 Cole Road,Phoenix,Arizona,United States,48805,CRM
AUS01626,194 Katherine Junction Apt. 951,Los Angeles,California,United States,60814,CRM
AUS01627,58808 Jamie Fort Suite 780,Los Angeles,California,United States,70864,CRM
AUS01628,93923 Mcdaniel Course,Chicago,Illinois,United States,51965,CRM
AUS01629,52177 Justin Trail,New York,New York,United States,52134,CRM
AUS01630,747 Bryant Pine Suite 684,Los Angeles,California,United States,62251,CRM
AUS01631,3879 Frank Field,Houston,Texas,United States,26442,CRM
AUS01632,3817 Mosley Islands,New York,New York,United States,01670,CRM
AUS01633,152 Rogers Skyway,Phoenix,Arizona,United States,72667,CRM
AUS01634,952 Meredith Orchard Apt. 404,Chicago,Illinois,United States,12120,CRM
AUS01635,71713 Smith Road,Los Angeles,California,United States,14054,CRM
AUS01636,712 Sanders Light,Phoenix,Arizona,United States,58620,CRM
AUS01637,75813 Mcdonald Motorway,Phoenix,Arizona,United States,15441,CRM
AUS01638,75776 Jones Mount,New York,New York,United States,98288,CRM
AUS01639,416 Jessica Way Apt. 440,New York,New York,United States,24395,CRM
AUS01640,99710 Raymond Junction Suite 533,Phoenix,Arizona,United States,18781,CRM
AUS01641,73393 Jones Station,Houston,Texas,United States,32998,CRM
AUS01642,60415 Levine Squares,Chicago,Illinois,United States,53547,CRM
AUS01643,846 Miller Key Apt. 661,Houston,Texas,United States,56054,CRM
AUS01644,010 James Passage Suite 656,New York,New York,United States,10936,CRM
AUS01645,97465 Ali Walks Apt. 323,New York,New York,United States,41965,CRM
AUS01646,11194 Stephen Shore,Phoenix,Arizona,United States,18189,CRM
AUS01647,573 Alicia Keys,New York,New York,United States,95964,CRM
AUS01648,3560 Chavez Circles Suite 078,Houston,Texas,United States,33407,CRM
AUS01649,76380 Valerie Corner Suite 700,Houston,Texas,United States,67407,CRM
AUS01650,9517 Ortiz Vista Suite 413,Phoenix,Arizona,United States,68158,CRM
AUS01651,0635 Robert Inlet Apt. 866,Chicago,Illinois,United States,39953,CRM
AUS01652,5327 Bates Shores Apt. 191,New York,New York,United States,84046,CRM
AUS01653,8619 Johnson Village Apt. 664,Los Angeles,California,United States,61487,CRM
AUS01654,263 Duane Track,Houston,Texas,United States,21646,CRM
AUS01655,467 Sparks Junction Apt. 123,Phoenix,Arizona,United States,63169,CRM
AUS01656,040 Harris Falls Suite 059,Houston,Texas,United States,26277,CRM
AUS01657,755 Madison Lodge Apt. 595,Phoenix,Arizona,United States,12697,CRM
AUS01658,811 Brandy Isle Suite 022,Houston,Texas,United States,81516,CRM
AUS01659,515 Leah Harbors Apt. 189,New York,New York,United States,80346,CRM
AUS01660,33287 Johnson Mountain Apt. 304,New York,New York,United States,47041,CRM
AUS01661,31220 Amanda Springs Suite 638,Chicago,Illinois,United States,20120,CRM
AUS01662,7256 Shelley Lock Suite 342,New York,New York,United States,51152,CRM
AUS01663,00101 Craig Groves,Chicago,Illinois,United States,07425,CRM
AUS01664,7856 Martin View Suite 265,Houston,Texas,United States,41459,CRM
AUS01665,045 Gordon Crescent Suite 040,Chicago,Illinois,United States,96739,CRM
AUS01666,661 Melissa Plaza Suite 184,Phoenix,Arizona,United States,93694,CRM
AUS01667,07736 Craig Prairie Suite 122,Phoenix,Arizona,United States,73974,CRM
AUS01668,6281 Benjamin Island Suite 398,Houston,Texas,United States,19841,CRM
AUS01669,50884 Todd Spur Apt. 485,Chicago,Illinois,United States,83261,CRM
AUS01670,93765 Stark Pine,Phoenix,Arizona,United States,35522,CRM
AUS01671,522 Maureen Mills,Chicago,Illinois,United States,27726,CRM
AUS01672,536 Pennington Rapids,Los Angeles,California,United States,19869,CRM
AUS01673,26087 Thomas Mount Suite 057,Los Angeles,California,United States,85683,CRM
AUS01674,77571 Daniels Pike Apt. 786,Phoenix,Arizona,United States,43563,CRM
AUS01675,142 Joseph Mall,Houston,Texas,United States,50985,CRM
AUS01676,414 Beth Views,New York,New York,United States,20747,CRM
AUS01677,786 Lowe Mountains,Houston,Texas,United States,52270,CRM
AUS01678,60297 Cunningham Well Suite 394,Chicago,Illinois,United States,06137,CRM
AUS01679,5201 Sanchez Center Suite 355,New York,New York,United States,50846,CRM
AUS01680,80624 Steven Common,Los Angeles,California,United States,47167,CRM
AUS01681,93805 Keith Pines Apt. 812,Houston,Texas,United States,21346,CRM
AUS01682,19348 Coleman Courts Suite 044,Houston,Texas,United States,05557,CRM
AUS01683,7231 Rhodes Shores Suite 442,Houston,Texas,United States,56365,CRM
AUS01684,7457 Robertson Prairie,Houston,Texas,United States,53806,CRM
AUS01685,68544 Vasquez Branch Apt. 292,Chicago,Illinois,United States,57523,CRM
AUS01686,2922 Torres Cove,Chicago,Illinois,United States,67882,CRM
AUS01687,8521 Ryan Burg Apt. 698,Los Angeles,California,United States,38673,CRM
AUS01688,62319 Thompson Expressway Suite 465,Phoenix,Arizona,United States,52478,CRM
AUS01689,8671 Waters Manor,Los Angeles,California,United States,49748,CRM
AUS01690,65168 Diane Mission,Houston,Texas,United States,59997,CRM
AUS01691,64899 Brandy Fork Suite 759,Houston,Texas,United States,21420,CRM
AUS01692,19378 Nelson Radial Suite 639,Phoenix,Arizona,United States,81025,CRM
AUS01693,97565 Darrell Mount Apt. 519,Los Angeles,California,United States,50386,CRM
AUS01694,003 Sierra Knolls,New York,New York,United States,46523,CRM
AUS01695,12034 Justin Highway Apt. 581,New York,New York,United States,16368,CRM
AUS01696,8591 Amber Roads Apt. 581,Los Angeles,California,United States,47199,CRM
AUS01697,16167 Glass Divide,Los Angeles,California,United States,38785,CRM
AUS01698,5203 Richard Isle Suite 295,Houston,Texas,United States,18246,CRM
AUS01699,4624 Amy Hollow,Chicago,Illinois,United States,22638,CRM
AUS01700,863 Reynolds Viaduct Apt. 128,New York,New York,United States,34289,CRM
AUS01701,207 Fernandez Overpass,Houston,Texas,United States,78063,CRM
AUS01702,569 Jacqueline Valley Suite 672,Phoenix,Arizona,United States,32136,CRM
AUS01703,66367 Oneal Summit,New York,New York,United States,69641,CRM
AUS01704,131 Goodman Hollow,Houston,Texas,United States,82096,CRM
AUS01705,274 Anthony Prairie,Chicago,Illinois,United States,16470,CRM
AUS01706,900 Randall Island,Los Angeles,California,United States,81773,CRM
AUS01707,7314 Bridges Tunnel Apt. 866,Houston,Texas,United States,97057,CRM
AUS01708,274 Mitchell Drive,Phoenix,Arizona,United States,34143,CRM
AUS01709,728 Antonio Way,Phoenix,Arizona,United States,95335,CRM
AUS01710,0961 Walker Union Suite 452,New York,New York,United States,75564,CRM
AUS01711,960 Nicole Village,Los Angeles,California,United States,88817,CRM
AUS01712,247 Haas Track Apt. 971,New York,New York,United States,52025,CRM
AUS01713,87980 Alyssa Knolls,Phoenix,Arizona,United States,65604,CRM
AUS01714,44708 Parker Ramp,Chicago,Illinois,United States,84781,CRM
AUS01715,73694 Bethany Drive,Phoenix,Arizona,United States,27972,CRM
AUS01716,5161 Melinda Garden,Houston,Texas,United States,32047,CRM
AUS01717,023 David Greens,New York,New York,United States,35856,CRM
AUS01718,05353 Tyler Mountain,New York,New York,United States,50693,CRM
AUS01719,8396 Natalie Plaza,Phoenix,Arizona,United States,11784,CRM
AUS01720,035 Gaines Viaduct Suite 076,Phoenix,Arizona,United States,55243,CRM
AUS01721,03222 Tina Station,Houston,Texas,United States,53282,CRM
AUS01722,4751 Sanders Well Suite 993,Chicago,Illinois,United States,37852,CRM
AUS01723,193 Tiffany Ways,Chicago,Illinois,United States,55272,CRM
AUS01724,68065 Matthew Creek,New York,New York,United States,64942,CRM
AUS01725,230 Adams Lock Apt. 251,Phoenix,Arizona,United States,71496,CRM
AUS01726,6977 Angela Coves,New York,New York,United States,09060,CRM
AUS01727,33616 Fox Courts Apt. 794,Chicago,Illinois,United States,92216,CRM
AUS01728,54479 Carl Isle Suite 171,New York,New York,United States,01397,CRM
AUS01729,8088 Thomas Mews Suite 065,Phoenix,Arizona,United States,99158,CRM
AUS01730,9307 Daniel Prairie Apt. 706,Chicago,Illinois,United States,56577,CRM
AUS01731,08781 Catherine Street Apt. 618,Houston,Texas,United States,26795,CRM
AUS01732,195 James Gateway Suite 902,Los Angeles,California,United States,78051,CRM
AUS01733,814 Theresa Parks Apt. 797,Chicago,Illinois,United States,30933,CRM
AUS01734,952 Hunter Alley,New York,New York,United States,68894,CRM
AUS01735,079 Thomas Hollow Suite 120,Phoenix,Arizona,United States,53921,CRM
AUS01736,73826 Julie Station,Los Angeles,California,United States,61290,CRM
AUS01737,31102 Briggs Mountain Apt. 566,Chicago,Illinois,United States,66132,CRM
AUS01738,320 Connor Ford Suite 481,Los Angeles,California,United States,09137,CRM
AUS01739,28026 Castillo Forest,Chicago,Illinois,United States,10230,CRM
AUS01740,35599 Megan Lakes,Phoenix,Arizona,United States,69598,CRM
AUS01741,131 Rocha Dam Suite 345,Los Angeles,California,United States,76004,CRM
AUS01742,00139 Dalton Mount Apt. 612,New York,New York,United States,94534,CRM
AUS01743,2805 Jackson Camp Suite 857,New York,New York,United States,49690,CRM
AUS01744,89711 Martinez Villages Apt. 166,Houston,Texas,United States,62990,CRM
AUS01745,137 Philip Harbors,New York,New York,United States,47401,CRM
AUS01746,6858 Joseph Passage Suite 978,Los Angeles,California,United States,38405,CRM
AUS01747,9248 Daniel Forest,Phoenix,Arizona,United States,14419,CRM
AUS01748,1120 Jennifer Cape Apt. 612,Chicago,Illinois,United States,48528,CRM
AUS01749,14977 Ashley Lakes Suite 910,New York,New York,United States,04931,CRM
AUS01750,48632 Knight Knoll Apt. 909,Houston,Texas,United States,63142,CRM
AUS01751,509 Andrew Stravenue,Chicago,Illinois,United States,87847,CRM
AUS01752,979 Brandy Turnpike Apt. 825,Los Angeles,California,United States,49281,CRM
AUS01753,64955 James Locks Apt. 238,Chicago,Illinois,United States,66580,CRM
AUS01754,87283 Cooper Ports,New York,New York,United States,11473,CRM
AUS01755,64770 Wright Station,Houston,Texas,United States,06463,CRM
AUS01756,9832 Troy Summit,New York,New York,United States,65810,CRM
AUS01757,63208 Wells Key Suite 144,Houston,Texas,United States,39480,CRM
AUS01758,974 Nancy Heights Apt. 525,Phoenix,Arizona,United States,78791,CRM
AUS01759,82131 Hannah Track Suite 634,Houston,Texas,United States,49569,CRM
AUS01760,956 Murillo Mountain,Chicago,Illinois,United States,47874,CRM
AUS01761,417 Kimberly Cape,Phoenix,Arizona,United States,31950,CRM
AUS01762,610 Kyle Wall Apt. 779,Los Angeles,California,United States,84526,CRM
AUS01763,313 Kimberly Dale Suite 780,Chicago,Illinois,United States,71404,CRM
AUS01764,7727 Rodriguez Bypass,New York,New York,United States,00829,CRM
AUS01765,741 Dominguez Roads,Chicago,Illinois,United States,56239,CRM
AUS01766,2428 Reynolds Street,New York,New York,United States,96603,CRM
AUS01767,537 Susan Stravenue Suite 508,Houston,Texas,United States,42962,CRM
AUS01768,55446 Brendan Mountains Apt. 135,Los Angeles,California,United States,98439,CRM
AUS01769,2294 Edwards Ways,New York,New York,United States,69486,CRM
AUS01770,1894 Christina Turnpike Suite 065,Phoenix,Arizona,United States,39016,CRM
AUS01771,412 Robinson Manor,Los Angeles,California,United States,61396,CRM
AUS01772,31025 Patricia Lake Apt. 788,Phoenix,Arizona,United States,03878,CRM
AUS01773,61583 Tyler Creek,Los Angeles,California,United States,22079,CRM
AUS01774,89390 Ralph Village,Chicago,Illinois,United States,62337,CRM
AUS01775,2137 Clayton Loaf Apt. 293,Phoenix,Arizona,United States,44494,CRM
AUS01776,376 Green Court,Los Angeles,California,United States,27902,CRM
AUS01777,26073 Phillips Inlet,Chicago,Illinois,United States,76028,CRM
AUS01778,49113 David Coves Apt. 737,New York,New York,United States,29259,CRM
AUS01779,3281 Baldwin Parks Suite 246,Chicago,Illinois,United States,55048,CRM
AUS01780,96379 Jacqueline Rapid Suite 162,New York,New York,United States,90377,CRM
AUS01781,5810 Jacobs Junction,Chicago,Illinois,United States,68465,CRM
AUS01782,396 Morgan Corners,Houston,Texas,United States,81889,CRM
AUS01783,6123 Patrick Parkways Suite 417,Chicago,Illinois,United States,83418,CRM
AUS01784,3893 Riley Port Apt. 042,Houston,Texas,United States,15412,CRM
AUS01785,10883 Diaz Wells,Phoenix,Arizona,United States,10884,CRM
AUS01786,3006 Evan Greens,Phoenix,Arizona,United States,60553,CRM
AUS01787,96596 Chavez Passage,Phoenix,Arizona,United States,67791,CRM
AUS01788,225 Riggs Bridge Suite 908,New York,New York,United States,57494,CRM
AUS01789,0575 Bennett Expressway Apt. 365,Los Angeles,California,United States,14838,CRM
AUS01790,170 Catherine Terrace,Phoenix,Arizona,United States,16334,CRM
AUS01791,7560 Hatfield Mountains,New York,New York,United States,69807,CRM
AUS01792,18632 Sonia Mount Suite 521,Phoenix,Arizona,United States,91897,CRM
AUS01793,1164 Scott Hills Apt. 548,Los Angeles,California,United States,01420,CRM
AUS01794,98473 Michael Row,New York,New York,United States,90882,CRM
AUS01795,430 Andrews Mountains,Houston,Texas,United States,82591,CRM
AUS01796,831 Anderson Trail,Los Angeles,California,United States,20718,CRM
AUS01797,73852 Harris Knolls Suite 397,Phoenix,Arizona,United States,33838,CRM
AUS01798,005 Jodi Fork Apt. 958,Chicago,Illinois,United States,58180,CRM
AUS01799,34748 Greg Brook Suite 886,Houston,Texas,United States,00548,CRM
AUS01800,722 Edwards Dale Apt. 005,New York,New York,United States,04888,CRM
AUS01801,656 Morales Parkway,Phoenix,Arizona,United States,18759,CRM
AUS01802,517 Davis Canyon Apt. 194,Chicago,Illinois,United States,62012,CRM
AUS01803,6107 Kenneth Center,Phoenix,Arizona,United States,46458,CRM
AUS01804,96184 Washington Route Suite 280,Houston,Texas,United States,14046,CRM
AUS01805,0413 Stacy Track,Houston,Texas,United States,87396,CRM
AUS01806,835 James Gateway Suite 677,Los Angeles,California,United States,96295,CRM
AUS01807,6751 Stokes Mall,Los Angeles,California,United States,10066,CRM
AUS01808,35099 Shawn Road Apt. 933,Houston,Texas,United States,02439,CRM
AUS01809,2206 Gutierrez Mount Apt. 667,Houston,Texas,United States,75197,CRM
AUS01810,93525 Moody Curve Apt. 258,Phoenix,Arizona,United States,58266,CRM
AUS01811,3831 Kelly Courts,Phoenix,Arizona,United States,48955,CRM
AUS01812,023 Zachary Meadow,Phoenix,Arizona,United States,48453,CRM
AUS01813,749 Cox Well,Los Angeles,California,United States,98251,CRM
AUS01814,83366 Summer Point Suite 338,Chicago,Illinois,United States,34600,CRM
AUS01815,73900 Patricia Terrace,Phoenix,Arizona,United States,21603,CRM
AUS01816,62618 Hernandez Roads Suite 800,Houston,Texas,United States,34387,CRM
AUS01817,891 Conrad Fork Suite 244,Phoenix,Arizona,United States,27132,CRM
AUS01818,92140 John Crossing Apt. 801,Los Angeles,California,United States,36738,CRM
AUS01819,17584 David Ramp,Los Angeles,California,United States,19533,CRM
AUS01820,232 James Mill,Houston,Texas,United States,15295,CRM
AUS01821,883 Jeremy Pike,Houston,Texas,United States,46246,CRM
AUS01822,5806 Darren Port Apt. 233,Chicago,Illinois,United States,34732,CRM
AUS01823,9006 Gonzales Centers,Phoenix,Arizona,United States,45543,CRM
AUS01824,0141 Mason Mill Apt. 789,Phoenix,Arizona,United States,05281,CRM
AUS01825,91522 Alicia Forks,Phoenix,Arizona,United States,55722,CRM
AUS01826,769 Johnathan Freeway Suite 624,Los Angeles,California,United States,14091,CRM
AUS01827,7048 Mark Alley,Phoenix,Arizona,United States,88462,CRM
AUS01828,630 Edwards Tunnel Apt. 977,Los Angeles,California,United States,69151,CRM
AUS01829,1769 Chad Hill,Phoenix,Arizona,United States,31294,CRM
AUS01830,250 West Fort,Los Angeles,California,United States,43452,CRM
AUS01831,179 Bennett Fields,Chicago,Illinois,United States,62757,CRM
AUS01832,46042 Morse Bridge Apt. 655,Los Angeles,California,United States,67014,CRM
AUS01833,9999 Amy Wall Suite 993,New York,New York,United States,60723,CRM
AUS01834,1815 Kelley Plain Apt. 036,Phoenix,Arizona,United States,20245,CRM
AUS01835,1740 Kevin Rest Apt. 409,New York,New York,United States,76557,CRM
AUS01836,42662 Oliver Ferry Apt. 407,Houston,Texas,United States,38514,CRM
AUS01837,83584 Bell Landing Apt. 079,Chicago,Illinois,United States,53703,CRM
AUS01838,155 Kayla Valley Apt. 040,New York,New York,United States,95100,CRM
AUS01839,807 Alejandro Village Suite 179,Chicago,Illinois,United States,06855,CRM
AUS01840,3088 Gavin Circle,Phoenix,Arizona,United States,04122,CRM
AUS01841,0940 Lewis Landing Apt. 548,Chicago,Illinois,United States,98091,CRM
AUS01842,673 Richardson Crossing,Houston,Texas,United States,08641,CRM
AUS01843,96429 Nicholson Avenue,New York,New York,United States,36365,CRM
AUS01844,966 Pennington Skyway Suite 377,Los Angeles,California,United States,72342,CRM
AUS01845,6588 Thomas Extension,New York,New York,United States,56482,CRM
AUS01846,354 Christopher Course,Phoenix,Arizona,United States,03939,CRM
AUS01847,721 Clark Radial Apt. 768,Houston,Texas,United States,90037,CRM
AUS01848,476 Williams Inlet,Houston,Texas,United States,77796,CRM
AUS01849,30190 Laura Ville Apt. 659,New York,New York,United States,78501,CRM
AUS01850,898 Matthew View Suite 424,Chicago,Illinois,United States,35062,CRM
AUS01851,054 Esparza Fields Suite 418,Phoenix,Arizona,United States,96621,CRM
AUS01852,6369 Butler Lane,Phoenix,Arizona,United States,87643,CRM
AUS01853,24751 Calhoun Coves Suite 892,Chicago,Illinois,United States,16400,CRM
AUS01854,36260 Pace River,Phoenix,Arizona,United States,26068,CRM
AUS01855,371 Brian Motorway Apt. 203,Los Angeles,California,United States,60313,CRM
AUS01856,9401 Katherine Fields,Phoenix,Arizona,United States,89709,CRM
AUS01857,76310 Morris Street Suite 903,Houston,Texas,United States,85595,CRM
AUS01858,631 Cruz Gardens,New York,New York,United States,09446,CRM
AUS01859,191 Gray Path,Houston,Texas,United States,58634,CRM
AUS01860,724 Kelly Park Suite 279,Phoenix,Arizona,United States,24240,CRM
AUS01861,7987 Mario Fork Apt. 688,Chicago,Illinois,United States,03073,CRM
AUS01862,326 Jeremiah Street Suite 156,New York,New York,United States,46065,CRM
AUS01863,422 Ali Junctions Suite 252,Chicago,Illinois,United States,39462,CRM
AUS01864,3687 Michael Village,New York,New York,United States,45562,CRM
AUS01865,41426 Miller Trail,New York,New York,United States,48145,CRM
AUS01866,64736 Heather Hills Suite 595,Phoenix,Arizona,United States,24293,CRM
AUS01867,5163 Robin Wells Suite 503,Phoenix,Arizona,United States,99500,CRM
AUS01868,509 Katherine Rapids Suite 187,Houston,Texas,United States,37589,CRM
AUS01869,893 George Ways Suite 332,New York,New York,United States,02349,CRM
AUS01870,907 Lee Cove,Phoenix,Arizona,United States,48323,CRM
AUS01871,05801 Rose Route Apt. 918,Houston,Texas,United States,62387,CRM
AUS01872,5649 Ferguson Park Apt. 759,Phoenix,Arizona,United States,77004,CRM
AUS01873,18557 Kelsey Court,Chicago,Illinois,United States,71721,CRM
AUS01874,520 Eric Crescent,New York,New York,United States,68189,CRM
AUS01875,9455 Kari Plaza Suite 509,Chicago,Illinois,United States,94445,CRM
AUS01876,24864 Richard Island,Houston,Texas,United States,20533,CRM
AUS01877,529 Stout Manor Suite 334,New York,New York,United States,99086,CRM
AUS01878,9814 Wells Loop,Houston,Texas,United States,20149,CRM
AUS01879,925 Michelle Green Apt. 408,Houston,Texas,United States,37571,CRM
AUS01880,80352 Robert Well,New York,New York,United States,04539,CRM
AUS01881,0450 Nichols Fort Suite 475,Houston,Texas,United States,80142,CRM
AUS01882,880 Daniel Cliffs,Los Angeles,California,United States,99050,CRM
AUS01883,224 Darren Landing,New York,New York,United States,55294,CRM
AUS01884,559 Joanne Radial,Chicago,Illinois,United States,63805,CRM
AUS01885,55183 Barbara Circle,Houston,Texas,United States,45717,CRM
AUS01886,251 Burke Vista,Houston,Texas,United States,97498,CRM
AUS01887,187 Moss Grove,Phoenix,Arizona,United States,06061,CRM
AUS01888,10953 Lopez Tunnel Suite 731,Phoenix,Arizona,United States,60700,CRM
AUS01889,8218 Brady Land,Houston,Texas,United States,55921,CRM
AUS01890,8686 Cardenas Meadow,Chicago,Illinois,United States,38886,CRM
AUS01891,6869 Arthur Gardens Suite 197,Chicago,Illinois,United States,98332,CRM
AUS01892,476 Jeffrey Pike Apt. 676,Phoenix,Arizona,United States,48017,CRM
AUS01893,926 Haley Plain,Phoenix,Arizona,United States,74509,CRM
AUS01894,9596 Jenny Forest Suite 488,New York,New York,United States,95909,CRM
AUS01895,331 Miller Islands Suite 119,Houston,Texas,United States,82657,CRM
AUS01896,13894 Mccall Viaduct Suite 332,Houston,Texas,United States,34886,CRM
AUS01897,604 Sean Islands,Chicago,Illinois,United States,82252,CRM
AUS01898,4209 Karla Square Apt. 034,Chicago,Illinois,United States,96628,CRM
AUS01899,970 Kerry Turnpike,New York,New York,United States,94013,CRM
AUS01900,822 James Inlet Suite 647,Chicago,Illinois,United States,66718,CRM
AUS01901,81634 White Divide Apt. 844,Phoenix,Arizona,United States,26737,CRM
AUS01902,5770 Carter Field Apt. 754,Chicago,Illinois,United States,68575,CRM
AUS01903,891 Ann Ports Apt. 917,Phoenix,Arizona,United States,85019,CRM
AUS01904,7256 Nicole Causeway Apt. 146,Chicago,Illinois,United States,71379,CRM
AUS01905,25317 William Islands Apt. 008,Chicago,Illinois,United States,70246,CRM
AUS01906,09931 Nancy Motorway Suite 130,Chicago,Illinois,United States,69514,CRM
AUS01907,52541 Anderson Spurs Apt. 338,Phoenix,Arizona,United States,86738,CRM
AUS01908,41263 Edward Views,New York,New York,United States,74635,CRM
AUS01909,8407 Angel Crest,New York,New York,United States,79667,CRM
AUS01910,3702 Jackson Roads,New York,New York,United States,09829,CRM
AUS01911,81306 Fernandez Avenue,Chicago,Illinois,United States,90637,CRM
AUS01912,20359 Price Ville,Phoenix,Arizona,United States,34101,CRM
AUS01913,168 Jacobs Club Suite 498,Houston,Texas,United States,42618,CRM
AUS01914,65522 Bryant Club Suite 284,Houston,Texas,United States,78437,CRM
AUS01915,8516 Moore Drive,Los Angeles,California,United States,03560,CRM
AUS01916,9193 Jessica Route Suite 687,Chicago,Illinois,United States,55150,CRM
AUS01917,976 Jessica Forks,Phoenix,Arizona,United States,84485,CRM
AUS01918,2509 Lori Mall Apt. 661,Chicago,Illinois,United States,10595,CRM
AUS01919,1783 Liu Tunnel Apt. 379,Los Angeles,California,United States,07213,CRM
AUS01920,399 Santana Stream,New York,New York,United States,61791,CRM
AUS01921,4765 Joshua Drive Suite 068,New York,New York,United States,90946,CRM
AUS01922,05319 Knox Parks,New York,New York,United States,51156,CRM
AUS01923,978 Jean Pine,Chicago,Illinois,United States,29274,CRM
AUS01924,31664 Jeremy Estate Apt. 763,Houston,Texas,United States,03180,CRM
AUS01925,5462 Michael Summit Apt. 980,Phoenix,Arizona,United States,57305,CRM
AUS01926,7563 Charlotte Plaza,Houston,Texas,United States,35402,CRM
AUS01927,4770 White Valley,Chicago,Illinois,United States,03259,CRM
AUS01928,867 Williams Divide,Los Angeles,California,United States,46727,CRM
AUS01929,1551 Dustin Courts,Phoenix,Arizona,United States,80039,CRM
AUS01930,4225 George Parkway Apt. 617,Chicago,Illinois,United States,81671,CRM
AUS01931,40643 Christina Vista Apt. 740,Los Angeles,California,United States,78316,CRM
AUS01932,48669 Carolyn Fields Apt. 213,Phoenix,Arizona,United States,76575,CRM
AUS01933,965 Ricardo Village Apt. 348,Houston,Texas,United States,29461,CRM
AUS01934,487 Jeanette Brooks Suite 999,Phoenix,Arizona,United States,06800,CRM
AUS01935,29972 Michael Branch,Chicago,Illinois,United States,53863,CRM
AUS01936,224 Alisha Mount,Phoenix,Arizona,United States,42399,CRM
AUS01937,683 Hughes Mount,Los Angeles,California,United States,86127,CRM
AUS01938,995 Brown Wall Apt. 709,Phoenix,Arizona,United States,14026,CRM
AUS01939,449 Stewart Curve Suite 374,New York,New York,United States,55044,CRM
AUS01940,842 Chandler Ville Apt. 195,Chicago,Illinois,United States,48085,CRM
AUS01941,1258 John Rest Suite 951,New York,New York,United States,23055,CRM
AUS01942,71015 Mathew Freeway,Houston,Texas,United States,72467,CRM
AUS01943,7515 Hill Fall Suite 888,Houston,Texas,United States,61572,CRM
AUS01944,054 Hannah Brooks Suite 855,New York,New York,United States,01569,CRM
AUS01945,5620 Rebecca Road,Los Angeles,California,United States,48534,CRM
AUS01946,911 Robinson Mews,New York,New York,United States,78305,CRM
AUS01947,26569 Martinez Meadows Suite 557,New York,New York,United States,30818,CRM
AUS01948,9111 Davis Run Suite 522,Los Angeles,California,United States,44120,CRM
AUS01949,66506 Andrea Valleys,Phoenix,Arizona,United States,55413,CRM
AUS01950,6947 Thomas Springs Suite 988,Phoenix,Arizona,United States,43615,CRM
AUS01951,84533 Misty Drive,Houston,Texas,United States,13524,CRM
AUS01952,490 Harris Circle Apt. 876,Phoenix,Arizona,United States,15490,CRM
AUS01953,54079 Howard Neck Suite 623,Chicago,Illinois,United States,72989,CRM
AUS01954,0769 Ashley Bypass,New York,New York,United States,79774,CRM
AUS01955,0282 Brown Parks,Phoenix,Arizona,United States,68433,CRM
AUS01956,853 Williams Tunnel Apt. 482,Los Angeles,California,United States,05768,CRM
AUS01957,78704 Holly Square Apt. 309,Houston,Texas,United States,64662,CRM
AUS01958,355 Tanner Isle Apt. 885,Phoenix,Arizona,United States,48098,CRM
AUS01959,13046 Cummings Throughway,New York,New York,United States,90410,CRM
AUS01960,6297 Patel Valleys Suite 903,Chicago,Illinois,United States,10346,CRM
AUS01961,946 Erica Groves,Los Angeles,California,United States,80969,CRM
AUS01962,0293 Jane Locks Apt. 941,Los Angeles,California,United States,72034,CRM
AUS01963,923 Cindy Ports Apt. 785,Houston,Texas,United States,37837,CRM
AUS01964,967 Harris Vista Apt. 086,Chicago,Illinois,United States,93402,CRM
AUS01965,1655 Taylor Crossroad,Chicago,Illinois,United States,49907,CRM
AUS01966,6195 Thomas Overpass,Chicago,Illinois,United States,45006,CRM
AUS01967,994 Morris Forges Suite 864,Chicago,Illinois,United States,15703,CRM
AUS01968,54069 Pena Forge Suite 199,New York,New York,United States,39732,CRM
AUS01969,38611 Jacob Drive,New York,New York,United States,04513,CRM
AUS01970,9762 Lopez Burg,Chicago,Illinois,United States,28302,CRM
AUS01971,03844 Stone Roads,Los Angeles,California,United States,55706,CRM
AUS01972,1164 Amber Port,Chicago,Illinois,United States,69577,CRM
AUS01973,39541 Harrison Camp,Los Angeles,California,United States,08305,CRM
AUS01974,041 Yang Spur Apt. 307,Phoenix,Arizona,United States,86100,CRM
AUS01975,9085 Adams Meadows Suite 968,Houston,Texas,United States,50662,CRM
AUS01976,58768 Scott Streets Suite 988,New York,New York,United States,96454,CRM
AUS01977,915 Carrie Plains,Chicago,Illinois,United States,94180,CRM
AUS01978,32341 Alice Track Suite 407,Phoenix,Arizona,United States,07273,CRM
AUS01979,71994 Newman Course Suite 593,Houston,Texas,United States,07202,CRM
AUS01980,1108 Steven Tunnel,Chicago,Illinois,United States,31593,CRM
AUS01981,69677 Adam Mountain,Phoenix,Arizona,United States,80007,CRM
AUS01982,0810 Joseph Motorway Suite 520,Los Angeles,California,United States,06860,CRM
AUS01983,7569 Eric Ports Apt. 555,Houston,Texas,United States,50782,CRM
AUS01984,752 Brenda Shores Suite 915,Los Angeles,California,United States,11671,CRM
AUS01985,655 Jonathan Forge,Los Angeles,California,United States,05460,CRM
AUS01986,74754 Hess Cape Suite 169,Houston,Texas,United States,28411,CRM
AUS01987,764 Karen Rapid,Los Angeles,California,United States,14865,CRM
AUS01988,5577 Tammy Bypass,Phoenix,Arizona,United States,10621,CRM
AUS01989,5486 Christine Valleys Apt. 098,Phoenix,Arizona,United States,69230,CRM
AUS01990,8194 Andrew Inlet Suite 980,Los Angeles,California,United States,16355,CRM
AUS01991,745 Johnson Fords Apt. 832,Chicago,Illinois,United States,01575,CRM
AUS01992,36939 Sean Inlet Apt. 636,Los Angeles,California,United States,97615,CRM
AUS01993,97344 Megan Stream,Chicago,Illinois,United States,74250,CRM
AUS01994,00252 John Villages Apt. 269,Los Angeles,California,United States,81453,CRM
AUS01995,8864 John Rapid,Phoenix,Arizona,United States,85066,CRM
AUS01996,259 Kelly Land Suite 145,Los Angeles,California,United States,63240,CRM
AUS01997,833 Michael Corner Apt. 575,New York,New York,United States,25765,CRM
AUS01998,1495 Andrew Track Suite 508,Chicago,Illinois,United States,31727,CRM
AUS01999,1186 Joseph Manor Suite 403,Chicago,Illinois,United States,25273,CRM
AUS02000,45961 Wood Landing Suite 136,Chicago,Illinois,United States,77806,CRM
AUS02001,0516 Rogers Glen,New York,New York,United States,03124,CRM
AUS02002,227 Scott Fort,Chicago,Illinois,United States,22324,CRM
AUS02003,633 Brianna Pines Suite 188,Chicago,Illinois,United States,42360,CRM
AUS02004,9305 Garcia Highway Apt. 212,New York,New York,United States,52012,CRM
AUS02005,716 Benjamin Trail,New York,New York,United States,45322,CRM
AUS02006,495 Larry Court Apt. 822,New York,New York,United States,86663,CRM
AUS02007,36986 Smith Run,Houston,Texas,United States,90636,CRM
AUS02008,93857 Gonzalez Roads,New York,New York,United States,29160,CRM
AUS02009,1728 Thomas Lodge Suite 548,Phoenix,Arizona,United States,94818,CRM
AUS02010,522 Case Crest,New York,New York,United States,45862,CRM
AUS02011,506 Kristopher Ramp Suite 322,Houston,Texas,United States,76805,CRM
AUS02012,3547 Jenkins Prairie,Chicago,Illinois,United States,60482,CRM
AUS02013,17976 Rachael Harbors,Chicago,Illinois,United States,37278,CRM
AUS02014,4214 Burns Stravenue,Los Angeles,California,United States,59474,CRM
AUS02015,1285 Stephanie Divide Apt. 297,Houston,Texas,United States,14822,CRM
AUS02016,2268 Bennett Light,Phoenix,Arizona,United States,85722,CRM
AUS02017,26002 Cameron Haven Apt. 002,Houston,Texas,United States,08643,CRM
AUS02018,10505 Vasquez Dam Suite 222,Chicago,Illinois,United States,81576,CRM
AUS02019,15133 Philip Locks,Phoenix,Arizona,United States,67692,CRM
AUS02020,884 Juan Path,Houston,Texas,United States,19877,CRM
AUS02021,98276 Parker Gateway,Houston,Texas,United States,38465,CRM
AUS02022,662 Douglas Meadows,Phoenix,Arizona,United States,93818,CRM
AUS02023,8218 Richard Crescent Suite 966,New York,New York,United States,07576,CRM
AUS02024,78957 Meghan Glen Suite 640,New York,New York,United States,10939,CRM
AUS02025,255 Elizabeth Circles,New York,New York,United States,51066,CRM
AUS02026,866 Anderson Trail Apt. 505,Los Angeles,California,United States,16400,CRM
AUS02027,29369 Johnson Meadows,Houston,Texas,United States,65932,CRM
AUS02028,9250 Kim Overpass Suite 920,Phoenix,Arizona,United States,59269,CRM
AUS02029,4728 Bean Ridge,Los Angeles,California,United States,76757,CRM
AUS02030,0680 Dustin Squares,New York,New York,United States,24355,CRM
AUS02031,649 Lang Mall Apt. 866,New York,New York,United States,97391,CRM
AUS02032,66016 Monica Ville,Phoenix,Arizona,United States,54817,CRM
AUS02033,168 Hancock Brooks,New York,New York,United States,64924,CRM
AUS02034,145 Sparks Locks,New York,New York,United States,96500,CRM
AUS02035,048 Scott Station Apt. 989,Phoenix,Arizona,United States,69291,CRM
AUS02036,558 Gray Point,New York,New York,United States,20020,CRM
AUS02037,62461 Craig Isle,Chicago,Illinois,United States,58491,CRM
AUS02038,711 Charles Throughway Apt. 543,Los Angeles,California,United States,62226,CRM
AUS02039,71064 Donna Crest Suite 502,Phoenix,Arizona,United States,19901,CRM
AUS02040,4507 Vargas Fords,Chicago,Illinois,United States,09098,CRM
AUS02041,087 Fox Greens,New York,New York,United States,49398,CRM
AUS02042,57624 Amanda Flats,New York,New York,United States,35714,CRM
AUS02043,642 Harris Points Apt. 181,Los Angeles,California,United States,42960,CRM
AUS02044,60369 Kyle Fields,Los Angeles,California,United States,38017,CRM
AUS02045,3608 Hodge Ridge,Los Angeles,California,United States,86444,CRM
AUS02046,262 Moyer Plains,Chicago,Illinois,United States,24099,CRM
AUS02047,83955 Perry Glens,Phoenix,Arizona,United States,31972,CRM
AUS02048,0268 Smith Loop Apt. 142,Phoenix,Arizona,United States,23638,CRM
AUS02049,467 Garza Hill Apt. 119,Chicago,Illinois,United States,20187,CRM
AUS02050,38479 Gregory Shoals Apt. 252,Phoenix,Arizona,United States,23241,CRM
AUS02051,43592 Matthew Turnpike Suite 426,Phoenix,Arizona,United States,25228,CRM
AUS02052,850 Lauren Vista,Chicago,Illinois,United States,91025,CRM
AUS02053,155 Ralph Crossroad,Los Angeles,California,United States,22616,CRM
AUS02054,84085 Donald Station Suite 387,New York,New York,United States,37773,CRM
AUS02055,659 Ashley Lodge Apt. 450,Los Angeles,California,United States,14847,CRM
AUS02056,141 Diane Mountain,Houston,Texas,United States,42501,CRM
AUS02057,456 Michael Ways Suite 324,Los Angeles,California,United States,14767,CRM
AUS02058,656 Wong Springs Suite 667,Phoenix,Arizona,United States,45173,CRM
AUS02059,2555 Golden Villages Suite 870,Chicago,Illinois,United States,53582,CRM
AUS02060,81282 James Viaduct Apt. 934,New York,New York,United States,73531,CRM
AUS02061,716 Rogers Passage Suite 856,Houston,Texas,United States,95095,CRM
AUS02062,6001 Holmes Villages,Houston,Texas,United States,22074,CRM
AUS02063,16226 Daniels Stream,Chicago,Illinois,United States,01001,CRM
AUS02064,2540 Cantrell Via,Houston,Texas,United States,40288,CRM
AUS02065,156 Mary Harbor Apt. 839,Houston,Texas,United States,31892,CRM
AUS02066,5256 Jessica Ranch,Houston,Texas,United States,81440,CRM
AUS02067,1346 John Field Apt. 679,Los Angeles,California,United States,53760,CRM
AUS02068,2136 Miller Estate Apt. 995,Chicago,Illinois,United States,02519,CRM
AUS02069,593 Howard Lane Apt. 754,Phoenix,Arizona,United States,92889,CRM
AUS02070,4530 Veronica Wall Suite 474,Los Angeles,California,United States,09170,CRM
AUS02071,51451 Susan Place,New York,New York,United States,90444,CRM
AUS02072,860 Rachel Mountain,New York,New York,United States,91910,CRM
AUS02073,4441 Donald Lakes Suite 903,Phoenix,Arizona,United States,10176,CRM
AUS02074,2652 Branch Terrace,New York,New York,United States,65100,CRM
AUS02075,25508 David Fall Apt. 912,Phoenix,Arizona,United States,01746,CRM
AUS02076,52798 Harris Station Apt. 870,Houston,Texas,United States,77798,CRM
AUS02077,02747 Ray Forge Suite 867,Los Angeles,California,United States,29507,CRM
AUS02078,756 Cook Islands,Houston,Texas,United States,35799,CRM
AUS02079,7503 Pearson Tunnel Suite 738,Phoenix,Arizona,United States,06028,CRM
AUS02080,1266 Jeffery Loop Apt. 681,Phoenix,Arizona,United States,85958,CRM
AUS02081,0697 Andrew Oval,Chicago,Illinois,United States,92201,CRM
AUS02082,020 Mccall Ranch Suite 727,Los Angeles,California,United States,80813,CRM
AUS02083,184 Alexander Mountain Apt. 133,New York,New York,United States,40367,CRM
AUS02084,7854 Joshua Greens Apt. 588,Chicago,Illinois,United States,85431,CRM
AUS02085,07649 Desiree Ramp Suite 030,Houston,Texas,United States,62005,CRM
AUS02086,6012 Luis Shoal Suite 470,Chicago,Illinois,United States,08354,CRM
AUS02087,41348 Fernandez Plains,New York,New York,United States,57269,CRM
AUS02088,2568 Clark Points,Chicago,Illinois,United States,94363,CRM
AUS02089,34998 Black Ports,Chicago,Illinois,United States,92096,CRM
AUS02090,0126 Katie Walks Apt. 842,Los Angeles,California,United States,85514,CRM
AUS02091,0134 William Prairie Apt. 605,Phoenix,Arizona,United States,70792,CRM
AUS02092,650 Heather Islands,Houston,Texas,United States,93383,CRM
AUS02093,3997 Jackson Gardens,Houston,Texas,United States,15263,CRM
AUS02094,3560 Allison Haven,Phoenix,Arizona,United States,64513,CRM
AUS02095,07556 Janice Plains Apt. 189,Phoenix,Arizona,United States,71607,CRM
AUS02096,283 Hines Island Suite 042,Chicago,Illinois,United States,06444,CRM
AUS02097,85901 Danielle Via,Houston,Texas,United States,03102,CRM
AUS02098,30494 Rasmussen Heights Apt. 343,Chicago,Illinois,United States,66857,CRM
AUS02099,5934 Williams Alley,New York,New York,United States,37046,CRM
AUS02100,17111 Hale Harbors Suite 326,Chicago,Illinois,United States,71197,CRM
AUS02101,079 David Fields,Phoenix,Arizona,United States,20706,CRM
AUS02102,632 Alvarado Coves,New York,New York,United States,01482,CRM
AUS02103,069 Samantha Lakes Apt. 972,Houston,Texas,United States,70693,CRM
AUS02104,4637 Ashley Crossing,Houston,Texas,United States,54261,CRM
AUS02105,979 Michael Park,Houston,Texas,United States,16411,CRM
AUS02106,4774 Jill Cove,Houston,Texas,United States,28692,CRM
AUS02107,692 Johnson Fort,Chicago,Illinois,United States,21400,CRM
AUS02108,664 Green Mall Apt. 647,Phoenix,Arizona,United States,11400,CRM
AUS02109,028 Richardson Mall Apt. 040,Houston,Texas,United States,78608,CRM
AUS02110,8338 Jennifer Haven,Chicago,Illinois,United States,18729,CRM
AUS02111,3884 Hall Views Apt. 284,Los Angeles,California,United States,82724,CRM
AUS02112,3067 Snyder Field,Los Angeles,California,United States,86493,CRM
AUS02113,090 Park Plaza,Chicago,Illinois,United States,09195,CRM
AUS02114,307 Robert Walk,Chicago,Illinois,United States,18261,CRM
AUS02115,1063 Eric Isle,Los Angeles,California,United States,12970,CRM
AUS02116,1674 Johnston Mount Suite 153,New York,New York,United States,15304,CRM
AUS02117,71353 Darren Views,Houston,Texas,United States,77602,CRM
AUS02118,6684 Joseph Place,New York,New York,United States,35291,CRM
AUS02119,8363 Timothy Ramp,Houston,Texas,United States,75308,CRM
AUS02120,8307 Brenda Heights,Los Angeles,California,United States,28753,CRM
AUS02121,2870 Ruiz Street,Los Angeles,California,United States,95220,CRM
AUS02122,585 Alexandria Circle,Los Angeles,California,United States,43107,CRM
AUS02123,90942 Grant Mission Apt. 876,Los Angeles,California,United States,94797,CRM
AUS02124,0442 Boone Crest Suite 920,Houston,Texas,United States,52839,CRM
AUS02125,308 Kelli Overpass,Houston,Texas,United States,48664,CRM
AUS02126,3126 Chambers Islands,Chicago,Illinois,United States,87079,CRM
AUS02127,344 Freeman Flat,Chicago,Illinois,United States,39148,CRM
AUS02128,990 Jones Stream Apt. 854,Phoenix,Arizona,United States,30079,CRM
AUS02129,3362 Jordan Keys,Phoenix,Arizona,United States,70007,CRM
AUS02130,53177 Kelly Bypass,Houston,Texas,United States,48265,CRM
AUS02131,8281 Steven Extension,Chicago,Illinois,United States,08213,CRM
AUS02132,63817 Brittany Bypass Apt. 956,Houston,Texas,United States,73858,CRM
AUS02133,15351 Trujillo Mills Apt. 237,Los Angeles,California,United States,59767,CRM
AUS02134,8666 Weaver Mountains,Phoenix,Arizona,United States,20638,CRM
AUS02135,2777 Moore Fords,Los Angeles,California,United States,16430,CRM
AUS02136,825 Andrew Lights Apt. 071,Chicago,Illinois,United States,70698,CRM
AUS02137,698 Lisa Garden Suite 956,Los Angeles,California,United States,63988,CRM
AUS02138,79224 Stout Grove Suite 245,Phoenix,Arizona,United States,70171,CRM
AUS02139,395 Allison Mountain Apt. 819,Los Angeles,California,United States,94892,CRM
AUS02140,935 Davila Trace Suite 193,Phoenix,Arizona,United States,69319,CRM
AUS02141,2246 Jason Lodge,New York,New York,United States,48933,CRM
AUS02142,60330 Christopher Trail Apt. 138,New York,New York,United States,95065,CRM
AUS02143,862 George Square,New York,New York,United States,69590,CRM
AUS02144,6548 Mary Fork Suite 189,New York,New York,United States,02245,CRM
AUS02145,6869 Perez Haven,Phoenix,Arizona,United States,32275,CRM
AUS02146,8259 Richard Lock,Chicago,Illinois,United States,30473,CRM
AUS02147,221 Steven Union Suite 512,Chicago,Illinois,United States,69631,CRM
AUS02148,300 Kevin Courts Apt. 147,Houston,Texas,United States,30215,CRM
AUS02149,173 Donald Flats Suite 568,New York,New York,United States,60149,CRM
AUS02150,0209 Sherri Station,Chicago,Illinois,United States,96202,CRM
AUS02151,9672 Elizabeth Station,Phoenix,Arizona,United States,18014,CRM
AUS02152,13732 James Dale Apt. 925,New York,New York,United States,37471,CRM
AUS02153,3523 Mark Bridge,Los Angeles,California,United States,82796,CRM
AUS02154,0097 Gibson Crossroad,New York,New York,United States,23341,CRM
AUS02155,85723 Dustin Courts,New York,New York,United States,29377,CRM
AUS02156,1762 Brown Estates,Houston,Texas,United States,20819,CRM
AUS02157,32559 Charles Flat Suite 664,Phoenix,Arizona,United States,21314,CRM
AUS02158,1628 Gloria Camp Suite 090,Phoenix,Arizona,United States,03979,CRM
AUS02159,216 Paul Plains Apt. 087,Chicago,Illinois,United States,00734,CRM
AUS02160,419 Leon Camp Apt. 256,Phoenix,Arizona,United States,13656,CRM
AUS02161,93807 Joseph Overpass,Chicago,Illinois,United States,81445,CRM
AUS02162,673 Stephanie Ridge,Phoenix,Arizona,United States,31836,CRM
AUS02163,095 Jessica Square Apt. 154,Phoenix,Arizona,United States,67970,CRM
AUS02164,850 Robert Landing Apt. 482,Los Angeles,California,United States,91173,CRM
AUS02165,6588 Olivia Gateway,New York,New York,United States,05762,CRM
AUS02166,540 Johnson Branch Suite 235,Houston,Texas,United States,24382,CRM
AUS02167,7663 Daniel Mountain Apt. 473,Chicago,Illinois,United States,50745,CRM
AUS02168,81863 Susan Junctions Suite 301,Houston,Texas,United States,91000,CRM
AUS02169,441 Cummings Circle,Chicago,Illinois,United States,84050,CRM
AUS02170,9132 Matthew Stream,Chicago,Illinois,United States,40205,CRM
AUS02171,14949 Kevin Club,New York,New York,United States,55418,CRM
AUS02172,88558 John Crossroad,Houston,Texas,United States,57601,CRM
AUS02173,28368 Taylor Spring,Phoenix,Arizona,United States,12492,CRM
AUS02174,876 Michele Street Suite 005,New York,New York,United States,85549,CRM
AUS02175,96847 Webster Curve,Los Angeles,California,United States,29138,CRM
AUS02176,074 Heather Gardens,Phoenix,Arizona,United States,97005,CRM
AUS02177,3460 Brenda Wall Suite 312,New York,New York,United States,62985,CRM
AUS02178,81732 Taylor Via Suite 105,New York,New York,United States,02411,CRM
AUS02179,154 Duffy Stream Suite 369,Phoenix,Arizona,United States,13281,CRM
AUS02180,2086 Jesse Extensions,Chicago,Illinois,United States,41751,CRM
AUS02181,5554 Leslie Courts Suite 630,Houston,Texas,United States,45373,CRM
AUS02182,70512 Jared Brook Suite 720,New York,New York,United States,83279,CRM
AUS02183,55529 Carey Forks,Chicago,Illinois,United States,40463,CRM
AUS02184,2444 Michael Fall Suite 281,Houston,Texas,United States,64331,CRM
AUS02185,802 Sharon Mount Suite 974,Chicago,Illinois,United States,29794,CRM
AUS02186,78220 Campbell Ways Apt. 777,New York,New York,United States,27560,CRM
AUS02187,8149 Edwards Grove Apt. 071,Phoenix,Arizona,United States,33027,CRM
AUS02188,5087 Mary Villages,Houston,Texas,United States,12042,CRM
AUS02189,317 Christopher Roads,Houston,Texas,United States,73467,CRM
AUS02190,604 Cortez Throughway,Los Angeles,California,United States,36875,CRM
AUS02191,431 Samantha Extension,Houston,Texas,United States,24121,CRM
AUS02192,8806 Miranda Estate,Los Angeles,California,United States,51637,CRM
AUS02193,5954 Bailey Glens Apt. 253,New York,New York,United States,43705,CRM
AUS02194,039 Jessica Lodge,Chicago,Illinois,United States,33938,CRM
AUS02195,82696 Oliver Islands Suite 409,Chicago,Illinois,United States,59966,CRM
AUS02196,3469 Shannon Crossroad Apt. 045,Los Angeles,California,United States,46938,CRM
AUS02197,416 Charles Vista Suite 704,New York,New York,United States,84756,CRM
AUS02198,8345 Owen Causeway,Phoenix,Arizona,United States,33023,CRM
AUS02199,2375 Samuel Drive Suite 213,Los Angeles,California,United States,85271,CRM
AUS02200,504 Conway Meadow,Los Angeles,California,United States,45607,CRM
AUS02201,85378 Kenneth Forges Apt. 621,Los Angeles,California,United States,94152,CRM
AUS02202,63955 Hernandez Canyon Apt. 076,Los Angeles,California,United States,89353,CRM
AUS02203,804 Kayla Stravenue Apt. 988,Phoenix,Arizona,United States,70335,CRM
AUS02204,742 Poole Expressway Apt. 784,Phoenix,Arizona,United States,53698,CRM
AUS02205,5203 Jacqueline Prairie,Chicago,Illinois,United States,18672,CRM
AUS02206,3284 Garcia Stream,Los Angeles,California,United States,28289,CRM
AUS02207,9357 Huber Mountains,Los Angeles,California,United States,25574,CRM
AUS02208,41842 Andrew Mountain,Houston,Texas,United States,60239,CRM
AUS02209,811 Natasha Oval Apt. 779,Phoenix,Arizona,United States,96438,CRM
AUS02210,07457 Carol Branch Suite 479,New York,New York,United States,52450,CRM
AUS02211,81891 Douglas Prairie,Phoenix,Arizona,United States,58889,CRM
AUS02212,0677 Jesse Shore Suite 867,Los Angeles,California,United States,90987,CRM
AUS02213,5135 Kimberly Forest Suite 723,Phoenix,Arizona,United States,55744,CRM
AUS02214,90454 Victor Ville,Houston,Texas,United States,23380,CRM
AUS02215,33691 Judith Wall,Phoenix,Arizona,United States,50986,CRM
AUS02216,6261 Mcdonald Trace Apt. 371,Houston,Texas,United States,27492,CRM
AUS02217,033 Larry Fort Apt. 883,Los Angeles,California,United States,42474,CRM
AUS02218,7553 White Turnpike,Chicago,Illinois,United States,56140,CRM
AUS02219,079 Lucas Cliff,Los Angeles,California,United States,61667,CRM
AUS02220,14773 Denise Via Apt. 953,New York,New York,United States,06693,CRM
AUS02221,41694 Rasmussen Brook Apt. 075,Chicago,Illinois,United States,33924,CRM
AUS02222,198 Kelly Green Apt. 767,Phoenix,Arizona,United States,93857,CRM
AUS02223,38109 Daniels Skyway,Los Angeles,California,United States,12595,CRM
AUS02224,115 Thompson Glen,Houston,Texas,United States,76321,CRM
AUS02225,48399 Luis Park Suite 741,Chicago,Illinois,United States,53568,CRM
AUS02226,42367 Harris Motorway,Houston,Texas,United States,63571,CRM
AUS02227,85829 Kristen Course,New York,New York,United States,86108,CRM
AUS02228,1009 Kent Forest,New York,New York,United States,19065,CRM
AUS02229,7134 Bryan Viaduct,Los Angeles,California,United States,60601,CRM
AUS02230,86691 Jones Inlet Suite 846,Phoenix,Arizona,United States,67484,CRM
AUS02231,87302 Laura Track,Houston,Texas,United States,13291,CRM
AUS02232,2393 John Summit Apt. 006,Phoenix,Arizona,United States,38362,CRM
AUS02233,8839 Potter Freeway Suite 434,New York,New York,United States,73288,CRM
AUS02234,4542 Destiny Ferry Apt. 407,Los Angeles,California,United States,02875,CRM
AUS02235,01817 Renee Circle,Los Angeles,California,United States,26622,CRM
AUS02236,1580 Daniel Club Apt. 587,Phoenix,Arizona,United States,48027,CRM
AUS02237,2876 Amy Court Suite 549,New York,New York,United States,16820,CRM
AUS02238,7058 Steven Forest,Chicago,Illinois,United States,97168,CRM
AUS02239,913 Christopher Hollow Apt. 416,Chicago,Illinois,United States,22363,CRM
AUS02240,9817 Robert Spring Suite 781,Chicago,Illinois,United States,58817,CRM
AUS02241,387 Amanda Motorway,New York,New York,United States,85646,CRM
AUS02242,520 Rodney Lakes,Phoenix,Arizona,United States,53513,CRM
AUS02243,3798 Lopez Fields,Houston,Texas,United States,89056,CRM
AUS02244,7253 Taylor Lodge,Chicago,Illinois,United States,78093,CRM
AUS02245,2397 Holly Route,Chicago,Illinois,United States,88567,CRM
AUS02246,156 Melissa Radial,Chicago,Illinois,United States,21496,CRM
AUS02247,721 Michael Rue Apt. 105,Phoenix,Arizona,United States,04612,CRM
AUS02248,3098 Williams Harbors Apt. 759,Phoenix,Arizona,United States,24729,CRM
AUS02249,8189 Mcfarland Stravenue Apt. 122,Chicago,Illinois,United States,98807,CRM
AUS02250,7289 Clark Garden Apt. 461,Phoenix,Arizona,United States,50625,CRM
AUS02251,320 Caleb Shores Suite 116,New York,New York,United States,63313,CRM
AUS02252,375 Wolfe Canyon Suite 618,Houston,Texas,United States,24980,CRM
AUS02253,399 Owens Burgs,New York,New York,United States,46634,CRM
AUS02254,95286 Brian Spring Suite 060,Phoenix,Arizona,United States,43015,CRM
AUS02255,94970 Ryan Parks,Houston,Texas,United States,60588,CRM
AUS02256,900 Hayes Junction,Phoenix,Arizona,United States,54821,CRM
AUS02257,88658 Snyder Cape,Los Angeles,California,United States,54138,CRM
AUS02258,72545 Brad Club Suite 823,Phoenix,Arizona,United States,11750,CRM
AUS02259,03536 Jacob Knoll,Chicago,Illinois,United States,54173,CRM
AUS02260,4750 Edwards Freeway,Houston,Texas,United States,43810,CRM
AUS02261,345 Charles Road,Chicago,Illinois,United States,46369,CRM
AUS02262,9563 Terrell Rest Suite 736,Phoenix,Arizona,United States,55899,CRM
AUS02263,2016 Jeffrey Field,Phoenix,Arizona,United States,76610,CRM
AUS02264,775 Salas Extension Apt. 932,Chicago,Illinois,United States,45209,CRM
AUS02265,3418 Lindsey Underpass Suite 060,New York,New York,United States,34822,CRM
AUS02266,08666 Clark Mountains Suite 123,New York,New York,United States,91037,CRM
AUS02267,209 Knight Summit Apt. 346,Houston,Texas,United States,20921,CRM
AUS02268,3804 James Manors,New York,New York,United States,56843,CRM
AUS02269,03914 Carmen Stravenue,Phoenix,Arizona,United States,39921,CRM
AUS02270,804 Jennifer Shoals Apt. 096,Houston,Texas,United States,53155,CRM
AUS02271,68045 Santos Wall,Houston,Texas,United States,77920,CRM
AUS02272,0772 Matthew Spurs,Chicago,Illinois,United States,75744,CRM
AUS02273,44745 Gregory Street Suite 137,Chicago,Illinois,United States,73619,CRM
AUS02274,95499 Rachel Freeway Suite 705,Los Angeles,California,United States,01803,CRM
AUS02275,36787 Jenkins Union Suite 838,Houston,Texas,United States,23648,CRM
AUS02276,128 Perry Overpass Apt. 718,Houston,Texas,United States,32193,CRM
AUS02277,9163 Cynthia Ranch Suite 086,New York,New York,United States,64653,CRM
AUS02278,268 Sheila Via Apt. 514,Los Angeles,California,United States,91053,CRM
AUS02279,04997 Jennifer Route,New York,New York,United States,36584,CRM
AUS02280,917 Mendez Manors,Chicago,Illinois,United States,75932,CRM
AUS02281,3142 Moore River,Houston,Texas,United States,39295,CRM
AUS02282,0309 Bridges Roads Apt. 804,Los Angeles,California,United States,40410,CRM
AUS02283,3700 Mike Flat Suite 513,Phoenix,Arizona,United States,88666,CRM
AUS02284,47780 Terry Park Apt. 922,Houston,Texas,United States,78906,CRM
AUS02285,663 Thomas View,New York,New York,United States,63841,CRM
AUS02286,163 Nelson Square Suite 646,Houston,Texas,United States,76358,CRM
AUS02287,69888 Ritter Lights Suite 676,Houston,Texas,United States,33881,CRM
AUS02288,24432 Lisa Terrace,Phoenix,Arizona,United States,09748,CRM
AUS02289,62704 Kristy Harbor Apt. 614,Chicago,Illinois,United States,84971,CRM
AUS02290,91882 Bryant Islands Apt. 519,Phoenix,Arizona,United States,14801,CRM
AUS02291,010 Sarah Forest,Los Angeles,California,United States,64724,CRM
AUS02292,845 Richards Manors,Chicago,Illinois,United States,60881,CRM
AUS02293,58241 Schmidt Port,Houston,Texas,United States,32577,CRM
AUS02294,9134 Davis Valley Suite 379,Chicago,Illinois,United States,07006,CRM
AUS02295,7749 Jeffrey Pines,Houston,Texas,United States,75007,CRM
AUS02296,48940 Robinson Flats,Chicago,Illinois,United States,38800,CRM
AUS02297,114 Sarah Villages Suite 788,Los Angeles,California,United States,02737,CRM
AUS02298,1329 Smith Wells,Los Angeles,California,United States,09993,CRM
AUS02299,64536 Richard Harbors Suite 343,Houston,Texas,United States,21475,CRM
AUS02300,6478 Lopez Village Suite 517,Houston,Texas,United States,91534,CRM
AUS02301,988 Evelyn Light,Los Angeles,California,United States,63710,CRM
AUS02302,477 Bauer Mall Apt. 626,New York,New York,United States,75833,CRM
AUS02303,6951 Henry Stravenue,New York,New York,United States,73861,CRM
AUS02304,3939 Allen Pass,Phoenix,Arizona,United States,70848,CRM
AUS02305,51952 Miles Bridge Apt. 704,New York,New York,United States,82824,CRM
AUS02306,27044 Scott Shoal,Houston,Texas,United States,01247,CRM
AUS02307,9584 Christopher Shores Suite 997,Chicago,Illinois,United States,96010,CRM
AUS02308,7775 Crystal Cliffs Suite 348,New York,New York,United States,48402,CRM
AUS02309,66036 Moore Mews Suite 234,Phoenix,Arizona,United States,69231,CRM
AUS02310,767 Nelson Wells,Chicago,Illinois,United States,63457,CRM
AUS02311,81950 Valenzuela Plaza Suite 624,Chicago,Illinois,United States,01333,CRM
AUS02312,63386 Jordan Lock Apt. 134,Houston,Texas,United States,10565,CRM
AUS02313,0883 Andrews Alley,Phoenix,Arizona,United States,45011,CRM
AUS02314,7102 Anderson Park Apt. 935,Phoenix,Arizona,United States,80420,CRM
AUS02315,1786 Jordan Courts Apt. 305,Phoenix,Arizona,United States,48572,CRM
AUS02316,0901 Fuentes Cove Suite 677,Houston,Texas,United States,31156,CRM
AUS02317,76668 Gomez Burg Apt. 940,Los Angeles,California,United States,93600,CRM
AUS02318,2720 Miranda Forks,New York,New York,United States,61318,CRM
AUS02319,8880 Erickson Street Apt. 243,Los Angeles,California,United States,28087,CRM
AUS02320,01216 Gray Overpass Suite 742,Houston,Texas,United States,06146,CRM
AUS02321,48894 Stephanie Summit,Houston,Texas,United States,91526,CRM
AUS02322,236 Gregory Brook Apt. 848,New York,New York,United States,21365,CRM
AUS02323,072 Miles Rue Suite 448,New York,New York,United States,57958,CRM
AUS02324,07700 Cox Union,Phoenix,Arizona,United States,59878,CRM
AUS02325,993 Davis Spurs,Houston,Texas,United States,32707,CRM
AUS02326,468 Elizabeth Station,Phoenix,Arizona,United States,63208,CRM
AUS02327,172 Andrew Gateway Suite 482,Los Angeles,California,United States,69305,CRM
AUS02328,776 Smith Village Suite 361,Phoenix,Arizona,United States,72362,CRM
AUS02329,989 Mitchell Center,Chicago,Illinois,United States,56940,CRM
AUS02330,95912 Matthew Court,New York,New York,United States,75073,CRM
AUS02331,223 Thomas Club,New York,New York,United States,82282,CRM
AUS02332,5875 Nathaniel Rapid Apt. 631,Houston,Texas,United States,22774,CRM
AUS02333,16261 Diane Mountain Apt. 115,Phoenix,Arizona,United States,84214,CRM
AUS02334,555 Gregory Shoals Suite 389,Phoenix,Arizona,United States,18939,CRM
AUS02335,56716 Robertson Estates,New York,New York,United States,47390,CRM
AUS02336,5267 Scott Plaza,New York,New York,United States,74118,CRM
AUS02337,66885 Glen Club,Phoenix,Arizona,United States,20340,CRM
AUS02338,1526 Gregory Freeway Suite 045,Phoenix,Arizona,United States,33873,CRM
AUS02339,71720 Thomas Branch,Phoenix,Arizona,United States,10205,CRM
AUS02340,9922 Smith Squares,Los Angeles,California,United States,72510,CRM
AUS02341,48553 Fox Squares,Houston,Texas,United States,99325,CRM
AUS02342,33702 Kelly Parks Apt. 758,Phoenix,Arizona,United States,44907,CRM
AUS02343,9329 Mooney Plains Apt. 827,Phoenix,Arizona,United States,63358,CRM
AUS02344,582 Kevin Village Suite 411,Chicago,Illinois,United States,32971,CRM
AUS02345,3066 Tina Flat Apt. 456,Houston,Texas,United States,86335,CRM
AUS02346,360 Steven Points,Chicago,Illinois,United States,43298,CRM
AUS02347,1647 Webster Circles,Chicago,Illinois,United States,05148,CRM
AUS02348,1230 Chapman Trace Apt. 768,New York,New York,United States,82769,CRM
AUS02349,39640 Smith Lake,Phoenix,Arizona,United States,57926,CRM
AUS02350,059 Christina Rapid Suite 313,Houston,Texas,United States,17463,CRM
AUS02351,30106 Vargas Union,Houston,Texas,United States,27290,CRM
AUS02352,79427 Lane Mews Apt. 650,Chicago,Illinois,United States,36425,CRM
AUS02353,972 Andrew Hills,Los Angeles,California,United States,96075,CRM
AUS02354,23172 Blake Flats Suite 063,Houston,Texas,United States,42956,CRM
AUS02355,1071 James Manor Suite 391,Houston,Texas,United States,80203,CRM
AUS02356,79428 Brenda Unions,Chicago,Illinois,United States,79936,CRM
AUS02357,02382 Clark Point,Chicago,Illinois,United States,99011,CRM
AUS02358,91116 Ronald Fork Suite 311,Phoenix,Arizona,United States,19005,CRM
AUS02359,58016 Sanders Mission,Chicago,Illinois,United States,43435,CRM
AUS02360,453 Lori Locks,Phoenix,Arizona,United States,60409,CRM
AUS02361,4175 Smith Meadows,Houston,Texas,United States,79480,CRM
AUS02362,8312 Massey Estates,Houston,Texas,United States,78419,CRM
AUS02363,159 Anna Path Suite 520,Houston,Texas,United States,36875,CRM
AUS02364,7076 Angela Isle,New York,New York,United States,82327,CRM
AUS02365,859 Mcneil Mill,Houston,Texas,United States,28534,CRM
AUS02366,6121 Miller Inlet,New York,New York,United States,78541,CRM
AUS02367,14506 Emma Mountains Apt. 905,New York,New York,United States,32407,CRM
AUS02368,338 Troy Mills Apt. 276,Houston,Texas,United States,16283,CRM
AUS02369,9341 Elizabeth Light,New York,New York,United States,64849,CRM
AUS02370,4805 Luis Turnpike,Los Angeles,California,United States,93156,CRM
AUS02371,77383 Barber Court Suite 155,Chicago,Illinois,United States,46661,CRM
AUS02372,9058 Monica Knoll Apt. 904,Houston,Texas,United States,03549,CRM
AUS02373,95697 Robinson Walk Apt. 739,Phoenix,Arizona,United States,89888,CRM
AUS02374,479 Jeffrey Place,Phoenix,Arizona,United States,77844,CRM
AUS02375,7237 Ball Street Suite 292,Houston,Texas,United States,30861,CRM
AUS02376,2518 Dustin Row Suite 119,Chicago,Illinois,United States,43029,CRM
AUS02377,226 Mathew Cape Suite 320,New York,New York,United States,63144,CRM
AUS02378,43318 Patricia Tunnel Apt. 587,Houston,Texas,United States,43166,CRM
AUS02379,53662 Mary Squares Suite 299,New York,New York,United States,84981,CRM
AUS02380,48123 Jenkins Plaza,Los Angeles,California,United States,36064,CRM
AUS02381,3871 Thomas Cape Suite 041,New York,New York,United States,14003,CRM
AUS02382,665 Johnston Ferry,Houston,Texas,United States,50223,CRM
AUS02383,77757 Margaret Center,Houston,Texas,United States,67659,CRM
AUS02384,920 Veronica Parkways Suite 816,Phoenix,Arizona,United States,74033,CRM
AUS02385,79317 Tina Street,New York,New York,United States,03925,CRM
AUS02386,22068 Sharon Well,Los Angeles,California,United States,39661,CRM
AUS02387,4493 Troy Extensions Suite 277,New York,New York,United States,22979,CRM
AUS02388,493 Alicia Springs,Los Angeles,California,United States,81277,CRM
AUS02389,13041 Jessica Brooks,Chicago,Illinois,United States,33649,CRM
AUS02390,830 Gonzalez Loop Suite 412,Phoenix,Arizona,United States,61863,CRM
AUS02391,34179 Cody Spurs Apt. 013,Chicago,Illinois,United States,59817,CRM
AUS02392,2447 Patel Motorway Apt. 546,Chicago,Illinois,United States,86285,CRM
AUS02393,9761 Tyler Brook,Los Angeles,California,United States,32598,CRM
AUS02394,9699 James Ramp Suite 884,New York,New York,United States,51155,CRM
AUS02395,677 Kurt Circle,New York,New York,United States,67605,CRM
AUS02396,4257 Diana Forges,New York,New York,United States,24847,CRM
AUS02397,0636 Lopez Square,Los Angeles,California,United States,44691,CRM
AUS02398,8018 Anne Ports,Phoenix,Arizona,United States,97143,CRM
AUS02399,78695 Richard Loaf,Chicago,Illinois,United States,92631,CRM
AUS02400,818 Barker View Apt. 288,Phoenix,Arizona,United States,34864,CRM
AUS02401,7175 Julie Valley,Phoenix,Arizona,United States,71124,CRM
AUS02402,577 Singh Falls Apt. 622,New York,New York,United States,98578,CRM
AUS02403,17496 Kevin Throughway Suite 033,Houston,Texas,United States,19133,CRM
AUS02404,0054 Anderson Lane,Phoenix,Arizona,United States,94342,CRM
AUS02405,4521 Thomas Lights Apt. 512,Los Angeles,California,United States,59183,CRM
AUS02406,96110 Brown Streets Apt. 896,Los Angeles,California,United States,85847,CRM
AUS02407,6412 White Track Suite 352,Chicago,Illinois,United States,95902,CRM
AUS02408,648 Baker Fall Suite 163,Houston,Texas,United States,83619,CRM
AUS02409,626 Sean Terrace,Phoenix,Arizona,United States,51731,CRM
AUS02410,26268 Tucker Forest,Chicago,Illinois,United States,45517,CRM
AUS02411,999 Wells Springs,Phoenix,Arizona,United States,88630,CRM
AUS02412,09175 Yolanda Road Apt. 704,Phoenix,Arizona,United States,36640,CRM
AUS02413,18894 Kimberly Underpass Apt. 941,Chicago,Illinois,United States,50692,CRM
AUS02414,017 Joshua Cove,Houston,Texas,United States,10683,CRM
AUS02415,9612 Terrell Harbors Apt. 300,Houston,Texas,United States,33871,CRM
AUS02416,699 James Place Apt. 525,Los Angeles,California,United States,17591,CRM
AUS02417,54134 Kristin Park,Houston,Texas,United States,81497,CRM
AUS02418,08901 Harper Extension,Houston,Texas,United States,05018,CRM
AUS02419,3038 Chavez Trace,Houston,Texas,United States,27319,CRM
AUS02420,92291 Brown Locks Apt. 545,Houston,Texas,United States,85965,CRM
AUS02421,76944 Michelle Highway,Houston,Texas,United States,78268,CRM
AUS02422,9162 Keith Keys,Chicago,Illinois,United States,96896,CRM
AUS02423,6707 Young Highway Apt. 695,New York,New York,United States,03438,CRM
AUS02424,95905 Kimberly Island,Phoenix,Arizona,United States,28200,CRM
AUS02425,8239 Nguyen Common,Houston,Texas,United States,19763,CRM
AUS02426,8776 Russell Curve,Chicago,Illinois,United States,82356,CRM
AUS02427,469 Paul Parkway Apt. 246,Houston,Texas,United States,61346,CRM
AUS02428,9592 April Wall Apt. 425,Phoenix,Arizona,United States,84834,CRM
AUS02429,73202 Murphy Stream Suite 521,Los Angeles,California,United States,61817,CRM
AUS02430,88820 Justin Inlet Suite 296,Phoenix,Arizona,United States,76654,CRM
AUS02431,101 Kristine Street Suite 054,Chicago,Illinois,United States,91824,CRM
AUS02432,6538 Sean Course,Houston,Texas,United States,94980,CRM
AUS02433,9948 Lopez Stream,New York,New York,United States,14694,CRM
AUS02434,77635 Ann Trafficway Suite 590,Los Angeles,California,United States,91363,CRM
AUS02435,2397 Patrick Island Suite 575,Houston,Texas,United States,24239,CRM
AUS02436,8147 Harvey Station,Houston,Texas,United States,94095,CRM
AUS02437,46673 Victor Lock Suite 165,New York,New York,United States,04131,CRM
AUS02438,271 Mary Lodge,New York,New York,United States,48035,CRM
AUS02439,473 Black Gardens,Houston,Texas,United States,74210,CRM
AUS02440,03125 Maddox Rapids,Los Angeles,California,United States,33641,CRM
AUS02441,38945 Kyle Club,Los Angeles,California,United States,86369,CRM
AUS02442,13617 Rebecca Manor,Phoenix,Arizona,United States,60070,CRM
AUS02443,48820 Cain Fields,Chicago,Illinois,United States,82369,CRM
AUS02444,433 William Ways Apt. 526,Phoenix,Arizona,United States,38773,CRM
AUS02445,14328 Allen Tunnel Apt. 377,Los Angeles,California,United States,10808,CRM
AUS02446,3615 Donna Centers,New York,New York,United States,41582,CRM
AUS02447,9758 Angela Drive,Chicago,Illinois,United States,01801,CRM
AUS02448,968 Brenda Green,New York,New York,United States,55928,CRM
AUS02449,74023 Kimberly Lane Suite 019,Chicago,Illinois,United States,18964,CRM
AUS02450,46982 Copeland Squares,Phoenix,Arizona,United States,46889,CRM
AUS02451,0414 Reed Spring,Los Angeles,California,United States,13454,CRM
AUS02452,4296 Copeland Rest Apt. 456,Chicago,Illinois,United States,32231,CRM
AUS02453,312 Evelyn Lakes,Los Angeles,California,United States,80720,CRM
AUS02454,94350 Maria Mill Apt. 072,Phoenix,Arizona,United States,75144,CRM
AUS02455,83950 Greene Shoal Apt. 473,New York,New York,United States,74383,CRM
AUS02456,270 Douglas Green,New York,New York,United States,83276,CRM
AUS02457,029 Rasmussen Inlet,Houston,Texas,United States,27713,CRM
AUS02458,7270 Harold Fork Suite 512,Los Angeles,California,United States,56690,CRM
AUS02459,5598 Williams Port,Chicago,Illinois,United States,07744,CRM
AUS02460,65614 Matthew Trace Apt. 368,New York,New York,United States,52431,CRM
AUS02461,41193 Kendra Row Suite 879,Chicago,Illinois,United States,42824,CRM
AUS02462,85363 Brown Courts Apt. 043,New York,New York,United States,45059,CRM
AUS02463,52246 Wright Well,New York,New York,United States,90550,CRM
AUS02464,939 Adam Plaza,New York,New York,United States,13899,CRM
AUS02465,9154 Riley Mountains,New York,New York,United States,29898,CRM
AUS02466,032 Miller Greens,New York,New York,United States,89721,CRM
AUS02467,0466 Perry Shore Suite 413,Phoenix,Arizona,United States,39331,CRM
AUS02468,89812 Peter Track Apt. 800,Houston,Texas,United States,85805,CRM
AUS02469,258 Richard Trafficway Apt. 099,Los Angeles,California,United States,07133,CRM
AUS02470,542 Taylor Grove,Chicago,Illinois,United States,27229,CRM
AUS02471,8601 Rodriguez Crest,Chicago,Illinois,United States,56343,CRM
AUS02472,7549 Wells Squares Suite 293,Houston,Texas,United States,91455,CRM
AUS02473,9721 Molly Corners Suite 542,Los Angeles,California,United States,82797,CRM
AUS02474,415 Frye Freeway Apt. 884,Houston,Texas,United States,14732,CRM
AUS02475,8652 Eric Lodge Apt. 900,Houston,Texas,United States,07001,CRM
AUS02476,234 Carrie Forge Suite 700,New York,New York,United States,74804,CRM
AUS02477,031 Hernandez Plaza,Phoenix,Arizona,United States,62100,CRM
AUS02478,367 Kyle Courts,Los Angeles,California,United States,13107,CRM
AUS02479,87860 Jones Oval Suite 753,Phoenix,Arizona,United States,46067,CRM
AUS02480,6318 Anderson Lakes,New York,New York,United States,45002,CRM
AUS02481,9208 Wagner Springs,Phoenix,Arizona,United States,28477,CRM
AUS02482,699 Nelson Walk Apt. 388,Chicago,Illinois,United States,80994,CRM
AUS02483,02905 Diane Ports Suite 177,New York,New York,United States,84541,CRM
AUS02484,667 Johnston Run Apt. 958,Chicago,Illinois,United States,13677,CRM
AUS02485,9525 William Canyon,Phoenix,Arizona,United States,58298,CRM
AUS02486,68940 Russell Forks,New York,New York,United States,18328,CRM
AUS02487,4998 Warner Port,Phoenix,Arizona,United States,95762,CRM
AUS02488,538 Rhodes Loop,Chicago,Illinois,United States,90719,CRM
AUS02489,67579 Harper Shoals Suite 365,Los Angeles,California,United States,67632,CRM
AUS02490,8442 Martin Course Suite 006,Houston,Texas,United States,68754,CRM
AUS02491,6895 Sarah Glen Suite 725,Los Angeles,California,United States,17198,CRM
AUS02492,5637 Elizabeth Squares,Phoenix,Arizona,United States,67762,CRM
AUS02493,647 Nguyen Port Apt. 220,Los Angeles,California,United States,06926,CRM
AUS02494,66158 Andrew Hill,Phoenix,Arizona,United States,67883,CRM
AUS02495,019 Mccall Loaf Apt. 108,Los Angeles,California,United States,71825,CRM
AUS02496,152 Mark Landing,Houston,Texas,United States,71558,CRM
AUS02497,43008 Berg Inlet Suite 593,Chicago,Illinois,United States,97934,CRM
AUS02498,8786 Love Gateway,Phoenix,Arizona,United States,69505,CRM
AUS02499,748 White Path,Los Angeles,California,United States,46347,CRM
AUS02500,0964 Duke Unions Apt. 415,Chicago,Illinois,United States,07606,CRM
AUS02501,496 Walton Well,Chicago,Illinois,United States,76550,CRM
AUS02502,23152 Gordon Avenue Apt. 692,Los Angeles,California,United States,78524,CRM
AUS02503,23267 Fernandez Harbors,Houston,Texas,United States,52482,CRM
AUS02504,015 Tamara Plains,Phoenix,Arizona,United States,96888,CRM
AUS02505,6340 Miguel Street Apt. 289,Phoenix,Arizona,United States,70861,CRM
AUS02506,543 Michael Junctions,Chicago,Illinois,United States,61566,CRM
AUS02507,7552 Robert Cliff,Los Angeles,California,United States,26121,CRM
AUS02508,980 Gallegos Divide,Los Angeles,California,United States,73779,CRM
AUS02509,067 Lindsay Drives,Los Angeles,California,United States,02136,CRM
AUS02510,776 Paige Dam Apt. 424,Houston,Texas,United States,11856,CRM
AUS02511,9942 Heather Corners Suite 576,Phoenix,Arizona,United States,63224,CRM
AUS02512,49383 Joanna Highway,Houston,Texas,United States,29116,CRM
AUS02513,1145 Nelson Rue Apt. 109,Houston,Texas,United States,16359,CRM
AUS02514,06269 Patrick Drive Apt. 218,Chicago,Illinois,United States,83880,CRM
AUS02515,63147 Raven View Apt. 240,Los Angeles,California,United States,21572,CRM
AUS02516,3552 Bush Bypass,Houston,Texas,United States,54440,CRM
AUS02517,3506 Melissa Village,Chicago,Illinois,United States,22324,CRM
AUS02518,672 Lewis Trace Apt. 181,Phoenix,Arizona,United States,88863,CRM
AUS02519,8535 Lindsay Valley Apt. 794,New York,New York,United States,82993,CRM
AUS02520,38220 Jill Meadow Apt. 094,New York,New York,United States,94828,CRM
AUS02521,7082 Angela Prairie,Chicago,Illinois,United States,75641,CRM
AUS02522,63432 Anthony Rapids Apt. 933,Phoenix,Arizona,United States,83519,CRM
AUS02523,7127 Cheryl Avenue,New York,New York,United States,23907,CRM
AUS02524,702 Amy Rue Suite 768,Los Angeles,California,United States,69525,CRM
AUS02525,8529 Barrett Keys Suite 030,Houston,Texas,United States,85280,CRM
AUS02526,642 Nicole Crossing,Chicago,Illinois,United States,03584,CRM
AUS02527,5163 Joshua Meadows,New York,New York,United States,55074,CRM
AUS02528,954 Horton Ferry,New York,New York,United States,13284,CRM
AUS02529,251 David Light Suite 615,Los Angeles,California,United States,95914,CRM
AUS02530,0844 Richardson Ville,New York,New York,United States,97345,CRM
AUS02531,82327 Jennifer Keys,Chicago,Illinois,United States,99388,CRM
AUS02532,695 Michael Lodge Suite 525,Phoenix,Arizona,United States,98891,CRM
AUS02533,786 Butler Landing Suite 378,Phoenix,Arizona,United States,24091,CRM
AUS02534,57934 Valdez Rue,Houston,Texas,United States,18986,CRM
AUS02535,2617 Adams Mills Suite 851,Phoenix,Arizona,United States,30583,CRM
AUS02536,226 Morgan Fields,New York,New York,United States,49016,CRM
AUS02537,815 Jennifer Stream Apt. 157,Houston,Texas,United States,30040,CRM
AUS02538,85592 Reed Lane Apt. 843,Chicago,Illinois,United States,65008,CRM
AUS02539,6392 Alvarez Rapid Apt. 303,Los Angeles,California,United States,20143,CRM
AUS02540,7909 Mitchell Greens,New York,New York,United States,31067,CRM
AUS02541,01467 Eduardo Motorway Apt. 454,Phoenix,Arizona,United States,55836,CRM
AUS02542,23755 Small Cape Apt. 789,New York,New York,United States,34596,CRM
AUS02543,02769 Gregory Mountain,Phoenix,Arizona,United States,04125,CRM
AUS02544,6292 Andrew Club,Los Angeles,California,United States,63522,CRM
AUS02545,4635 Reeves Bypass Suite 962,New York,New York,United States,99559,CRM
AUS02546,2448 Palmer Center Apt. 354,Houston,Texas,United States,69737,CRM
AUS02547,77689 Rocha Overpass Apt. 981,Los Angeles,California,United States,23306,CRM
AUS02548,3783 Moses Course,Los Angeles,California,United States,19590,CRM
AUS02549,2462 David Ridges Suite 530,Chicago,Illinois,United States,92187,CRM
AUS02550,5248 Nicole Motorway Apt. 133,Chicago,Illinois,United States,10804,CRM
AUS02551,39866 Carlos Corners,Phoenix,Arizona,United States,76992,CRM
AUS02552,4897 Matthew Shoals,Phoenix,Arizona,United States,49607,CRM
AUS02553,1793 Grant Trafficway Suite 012,New York,New York,United States,22132,CRM
AUS02554,089 Escobar Divide,Chicago,Illinois,United States,33968,CRM
AUS02555,3875 Brewer Pine Suite 576,Chicago,Illinois,United States,10134,CRM
AUS02556,669 Cardenas Neck Apt. 097,New York,New York,United States,85212,CRM
AUS02557,198 Cynthia Wall Apt. 402,Los Angeles,California,United States,19511,CRM
AUS02558,46447 Michelle Overpass,Phoenix,Arizona,United States,28398,CRM
AUS02559,07539 Becky Knoll,Los Angeles,California,United States,67330,CRM
AUS02560,4508 Chan Views Apt. 759,Chicago,Illinois,United States,47154,CRM
AUS02561,4302 Nathan Meadows,Houston,Texas,United States,55488,CRM
AUS02562,49176 Dean Gateway,Houston,Texas,United States,56689,CRM
AUS02563,51802 Michelle Prairie,Los Angeles,California,United States,03031,CRM
AUS02564,502 Nicole Parks,Houston,Texas,United States,32524,CRM
AUS02565,4668 Renee Forge Apt. 577,Houston,Texas,United States,96649,CRM
AUS02566,055 Franco Forest Apt. 394,New York,New York,United States,35174,CRM
AUS02567,960 Calhoun Mountains,New York,New York,United States,91759,CRM
AUS02568,573 Rodriguez Mountains,Houston,Texas,United States,69772,CRM
AUS02569,63876 Cummings Lodge Suite 880,Phoenix,Arizona,United States,03214,CRM
AUS02570,4553 James Fork,Phoenix,Arizona,United States,23095,CRM
AUS02571,9823 Jones Freeway Suite 039,Los Angeles,California,United States,06641,CRM
AUS02572,91280 Christina Row,Phoenix,Arizona,United States,78265,CRM
AUS02573,6614 Levine Curve,Los Angeles,California,United States,79987,CRM
AUS02574,73625 Richard Locks Apt. 307,Houston,Texas,United States,46123,CRM
AUS02575,618 Christine Fork,Houston,Texas,United States,39544,CRM
AUS02576,0373 Graham Stream,Los Angeles,California,United States,39921,CRM
AUS02577,11155 Hernandez Manors Suite 537,Los Angeles,California,United States,51716,CRM
AUS02578,67059 Boyle Spurs,Phoenix,Arizona,United States,38245,CRM
AUS02579,008 Charles View Apt. 554,Chicago,Illinois,United States,32321,CRM
AUS02580,8483 Fowler Island,New York,New York,United States,79619,CRM
AUS02581,18623 Smith Alley Apt. 850,Los Angeles,California,United States,65965,CRM
AUS02582,22902 Harris Locks Suite 228,Chicago,Illinois,United States,52814,CRM
AUS02583,7177 Carol Knolls,Chicago,Illinois,United States,31462,CRM
AUS02584,835 Garcia Harbors Suite 215,Houston,Texas,United States,25214,CRM
AUS02585,299 Marcus Pike,Phoenix,Arizona,United States,24252,CRM
AUS02586,98717 Vanessa Shoals Suite 574,Phoenix,Arizona,United States,37870,CRM
AUS02587,728 Delgado Skyway,Los Angeles,California,United States,59497,CRM
AUS02588,49574 Matthew Valley Suite 206,New York,New York,United States,20210,CRM
AUS02589,60705 Nguyen Trail Suite 078,Phoenix,Arizona,United States,79142,CRM
AUS02590,54870 Christopher Springs,Chicago,Illinois,United States,87999,CRM
AUS02591,542 Devin Curve,Chicago,Illinois,United States,38903,CRM
AUS02592,304 Thompson Throughway Apt. 391,Houston,Texas,United States,34153,CRM
AUS02593,0604 Berry Meadow Suite 967,Houston,Texas,United States,44252,CRM
AUS02594,81140 Scott Roads,Phoenix,Arizona,United States,74228,CRM
AUS02595,45023 Anthony Turnpike,New York,New York,United States,15095,CRM
AUS02596,74087 Cory Corners,Houston,Texas,United States,53136,CRM
AUS02597,38334 Bentley Gardens Apt. 421,Chicago,Illinois,United States,10844,CRM
AUS02598,988 Sloan Circle Apt. 065,Houston,Texas,United States,85262,CRM
AUS02599,9750 Benjamin Tunnel Suite 756,Los Angeles,California,United States,98615,CRM
AUS02600,3609 Lawson Coves Suite 726,Chicago,Illinois,United States,29860,CRM
AUS02601,049 Ronald Overpass Suite 477,Phoenix,Arizona,United States,61852,CRM
AUS02602,7800 Schneider Corners,Houston,Texas,United States,11268,CRM
AUS02603,86822 Samantha Springs,Los Angeles,California,United States,16526,CRM
AUS02604,437 Phillips Well,New York,New York,United States,67309,CRM
AUS02605,001 Lopez Junction Apt. 133,Chicago,Illinois,United States,91657,CRM
AUS02606,14350 Pope Rapid Apt. 226,Los Angeles,California,United States,55256,CRM
AUS02607,440 Mariah Vista Apt. 589,Chicago,Illinois,United States,12079,CRM
AUS02608,64219 Smith Run,New York,New York,United States,46187,CRM
AUS02609,15261 Claudia Plaza Suite 755,Houston,Texas,United States,45720,CRM
AUS02610,79116 Justin Parks Apt. 879,Houston,Texas,United States,03499,CRM
AUS02611,524 Ryan Plains,Houston,Texas,United States,88928,CRM
AUS02612,83559 James Ways Apt. 528,New York,New York,United States,38023,CRM
AUS02613,11255 Saunders Vista,New York,New York,United States,59239,CRM
AUS02614,159 Michele Prairie,Los Angeles,California,United States,08506,CRM
AUS02615,0724 Richards Lock,Chicago,Illinois,United States,03248,CRM
AUS02616,62958 Roberts Wells Apt. 513,New York,New York,United States,18194,CRM
AUS02617,37528 Timothy Oval,Los Angeles,California,United States,27844,CRM
AUS02618,33278 Clarence Roads Apt. 843,Houston,Texas,United States,45835,CRM
AUS02619,8006 Christopher Extensions,Chicago,Illinois,United States,94613,CRM
AUS02620,00826 Dustin Extension Apt. 328,Chicago,Illinois,United States,64630,CRM
AUS02621,8194 Kevin Meadows Suite 172,New York,New York,United States,95373,CRM
AUS02622,94191 Davis Common Apt. 959,Phoenix,Arizona,United States,84839,CRM
AUS02623,737 Pamela Keys,Chicago,Illinois,United States,87435,CRM
AUS02624,581 Newman Turnpike Apt. 121,New York,New York,United States,28895,CRM
AUS02625,0602 Davidson Heights,Phoenix,Arizona,United States,36183,CRM
AUS02626,680 Lopez Crossing Suite 472,Phoenix,Arizona,United States,59275,CRM
AUS02627,73713 Isaac Junctions Suite 894,New York,New York,United States,87003,CRM
AUS02628,381 Liu Springs Suite 247,Phoenix,Arizona,United States,79969,CRM
AUS02629,463 King Plains Apt. 748,Los Angeles,California,United States,97231,CRM
AUS02630,4057 Emma Harbors Suite 683,Los Angeles,California,United States,54896,CRM
AUS02631,775 John Forge,New York,New York,United States,97738,CRM
AUS02632,99248 Steven Ridge,Los Angeles,California,United States,18304,CRM
AUS02633,5577 Peter Club,Houston,Texas,United States,77648,CRM
AUS02634,050 Laura Motorway Suite 656,Los Angeles,California,United States,60038,CRM
AUS02635,865 Elizabeth Bypass Suite 180,Los Angeles,California,United States,41005,CRM
AUS02636,857 Robinson Square Suite 536,Los Angeles,California,United States,06223,CRM
AUS02637,62789 Hutchinson Plains,New York,New York,United States,03861,CRM
AUS02638,17969 Natalie Inlet,New York,New York,United States,85406,CRM
AUS02639,096 Lawrence Lakes,Phoenix,Arizona,United States,91014,CRM
AUS02640,6110 Richard River Suite 078,Houston,Texas,United States,97509,CRM
AUS02641,6394 Robert Roads Suite 398,Houston,Texas,United States,13443,CRM
AUS02642,959 Micheal Parks Suite 869,Houston,Texas,United States,34186,CRM
AUS02643,623 Rebecca Square Apt. 047,New York,New York,United States,08181,CRM
AUS02644,019 Michelle View,Houston,Texas,United States,38197,CRM
AUS02645,688 Tiffany Flats,Chicago,Illinois,United States,43978,CRM
AUS02646,33309 Daniel Burgs,Chicago,Illinois,United States,63973,CRM
AUS02647,516 Pamela Crescent,New York,New York,United States,49951,CRM
AUS02648,390 Moses Underpass Apt. 586,Houston,Texas,United States,09773,CRM
AUS02649,9763 Michelle Burgs,Los Angeles,California,United States,32514,CRM
AUS02650,28320 Perez Meadow Apt. 549,New York,New York,United States,48276,CRM
AUS02651,70528 Kathryn View,Chicago,Illinois,United States,10815,CRM
AUS02652,1681 Robert Dam Suite 674,New York,New York,United States,22128,CRM
AUS02653,531 Owens Mill,Los Angeles,California,United States,91261,CRM
AUS02654,109 Willis Flat Suite 161,Houston,Texas,United States,33856,CRM
AUS02655,88040 Hernandez Point,Chicago,Illinois,United States,88835,CRM
AUS02656,1140 Cruz Street,New York,New York,United States,64022,CRM
AUS02657,868 Clay Views,Los Angeles,California,United States,89522,CRM
AUS02658,3165 Owens Garden,Phoenix,Arizona,United States,85399,CRM
AUS02659,6069 Denise Roads Apt. 045,Los Angeles,California,United States,74826,CRM
AUS02660,696 Brandon Alley,Phoenix,Arizona,United States,86960,CRM
AUS02661,6148 Mary Street Suite 092,New York,New York,United States,31684,CRM
AUS02662,954 Ramos Creek Apt. 107,New York,New York,United States,64371,CRM
AUS02663,5543 Richard Heights Suite 143,Houston,Texas,United States,77142,CRM
AUS02664,8774 Miller Alley Suite 272,Phoenix,Arizona,United States,54417,CRM
AUS02665,740 Rowland Harbors,Chicago,Illinois,United States,36814,CRM
AUS02666,624 Johnson Dam Suite 897,New York,New York,United States,85489,CRM
AUS02667,7203 Monroe Shore Suite 084,Los Angeles,California,United States,24117,CRM
AUS02668,5281 Amber Hollow Suite 682,Chicago,Illinois,United States,54912,CRM
AUS02669,927 Hall Manor Apt. 527,Los Angeles,California,United States,82604,CRM
AUS02670,3473 Dennis Shore Suite 690,Los Angeles,California,United States,28789,CRM
AUS02671,81379 Jonathan Trail Apt. 464,New York,New York,United States,68218,CRM
AUS02672,726 Taylor Forks Suite 487,New York,New York,United States,15941,CRM
AUS02673,7641 Edward Pine Suite 358,Los Angeles,California,United States,22797,CRM
AUS02674,1654 Smith Canyon,Los Angeles,California,United States,59582,CRM
AUS02675,803 Christopher Squares,New York,New York,United States,46194,CRM
AUS02676,73578 Mathews Bypass,Houston,Texas,United States,39964,CRM
AUS02677,5065 Thompson Ridges Apt. 508,Phoenix,Arizona,United States,35253,CRM
AUS02678,239 John Curve,New York,New York,United States,24605,CRM
AUS02679,31413 Benton Junctions,Chicago,Illinois,United States,91326,CRM
AUS02680,7492 Rivera Lights Apt. 694,New York,New York,United States,17934,CRM
AUS02681,042 Caldwell Course Apt. 242,New York,New York,United States,29362,CRM
AUS02682,7165 Patrick Freeway Suite 383,Chicago,Illinois,United States,51576,CRM
AUS02683,688 Joshua Corner,Houston,Texas,United States,33110,CRM
AUS02684,73980 Alan Mountain Suite 399,New York,New York,United States,35981,CRM
AUS02685,518 Ross View Apt. 820,Houston,Texas,United States,99108,CRM
AUS02686,735 Mills Prairie,New York,New York,United States,20645,CRM
AUS02687,62737 Anthony Mission,Chicago,Illinois,United States,27336,CRM
AUS02688,41025 Kenneth River,Los Angeles,California,United States,99387,CRM
AUS02689,4116 Dudley Islands,Houston,Texas,United States,44888,CRM
AUS02690,7142 Carey Road Suite 522,Houston,Texas,United States,13302,CRM
AUS02691,820 Martin Parks Apt. 517,Chicago,Illinois,United States,59084,CRM
AUS02692,118 Alan Crossroad,Los Angeles,California,United States,75632,CRM
AUS02693,9876 Jones Place Apt. 656,Los Angeles,California,United States,28314,CRM
AUS02694,8073 Bennett Camp,Houston,Texas,United States,34911,CRM
AUS02695,815 Tasha Drive Suite 920,Phoenix,Arizona,United States,36717,CRM
AUS02696,7449 Gomez Pine Apt. 653,New York,New York,United States,99353,CRM
AUS02697,006 Hopkins Light Suite 075,Los Angeles,California,United States,58884,CRM
AUS02698,4298 Sullivan Common Apt. 970,Los Angeles,California,United States,21733,CRM
AUS02699,1970 Torres Light Apt. 188,Houston,Texas,United States,04776,CRM
AUS02700,8085 Ashley Mountains Apt. 731,Los Angeles,California,United States,89539,CRM
AUS02701,33642 Samuel Greens Suite 552,Phoenix,Arizona,United States,95423,CRM
AUS02702,292 Torres Summit,Chicago,Illinois,United States,96869,CRM
AUS02703,316 Angela Springs,Chicago,Illinois,United States,48699,CRM
AUS02704,230 Riley Unions,Los Angeles,California,United States,66493,CRM
AUS02705,93049 Weeks Mills,New York,New York,United States,67485,CRM
AUS02706,82067 Hamilton Ville,Chicago,Illinois,United States,55478,CRM
AUS02707,258 Misty Track Apt. 628,Houston,Texas,United States,87047,CRM
AUS02708,0617 Kevin Valley Apt. 193,Phoenix,Arizona,United States,05760,CRM
AUS02709,7544 Scott Well Suite 689,New York,New York,United States,88630,CRM
AUS02710,673 Shannon Court Apt. 585,Phoenix,Arizona,United States,12819,CRM
AUS02711,75561 Patterson Trail Suite 545,Houston,Texas,United States,35768,CRM
AUS02712,6469 Shawn Spur,Houston,Texas,United States,55356,CRM
AUS02713,136 Villanueva Pass,Phoenix,Arizona,United States,53926,CRM
AUS02714,7171 Carney Orchard Suite 756,Phoenix,Arizona,United States,61521,CRM
AUS02715,48233 Gray Springs,New York,New York,United States,80399,CRM
AUS02716,05708 Jefferson Mountains Apt. 388,Houston,Texas,United States,45859,CRM
AUS02717,36589 Hopkins Throughway,Chicago,Illinois,United States,78801,CRM
AUS02718,653 Garner Union Apt. 302,Phoenix,Arizona,United States,83591,CRM
AUS02719,295 Saunders Vista Suite 825,Phoenix,Arizona,United States,78214,CRM
AUS02720,76242 Collins Oval Apt. 874,Houston,Texas,United States,61325,CRM
AUS02721,17314 Roger Mission Apt. 199,Los Angeles,California,United States,62559,CRM
AUS02722,0338 Cunningham Forges,Phoenix,Arizona,United States,20974,CRM
AUS02723,423 Amanda Island Suite 195,Chicago,Illinois,United States,76755,CRM
AUS02724,445 Rita Alley Apt. 144,Phoenix,Arizona,United States,41935,CRM
AUS02725,605 Ruiz Inlet Apt. 912,Los Angeles,California,United States,70228,CRM
AUS02726,20626 Gonzalez Courts,Houston,Texas,United States,44185,CRM
AUS02727,36918 Nelson Fords,New York,New York,United States,70314,CRM
AUS02728,1510 Swanson Union Suite 314,Houston,Texas,United States,97277,CRM
AUS02729,384 Rhonda Trafficway,Phoenix,Arizona,United States,83948,CRM
AUS02730,949 Debra Manor,Houston,Texas,United States,20821,CRM
AUS02731,1302 Wright Mission Apt. 140,Los Angeles,California,United States,91440,CRM
AUS02732,2294 Cannon Locks Suite 900,Houston,Texas,United States,07290,CRM
AUS02733,0737 Elizabeth Shoals,Phoenix,Arizona,United States,78558,CRM
AUS02734,040 Brian Extension,New York,New York,United States,16108,CRM
AUS02735,38068 Jasmine Island,Phoenix,Arizona,United States,71031,CRM
AUS02736,0128 Peterson Islands,Phoenix,Arizona,United States,81928,CRM
AUS02737,1360 Kathleen Highway Apt. 860,Phoenix,Arizona,United States,38741,CRM
AUS02738,618 Stanley Loaf Suite 477,Phoenix,Arizona,United States,82503,CRM
AUS02739,2653 Todd Squares Apt. 243,New York,New York,United States,01019,CRM
AUS02740,0688 Hines Street Suite 510,Chicago,Illinois,United States,42818,CRM
AUS02741,218 Heather Hill,Los Angeles,California,United States,73551,CRM
AUS02742,84641 Alex Squares Suite 989,Los Angeles,California,United States,04015,CRM
AUS02743,4591 Adam Camp,Phoenix,Arizona,United States,00714,CRM
AUS02744,58883 Allen Plaza,Houston,Texas,United States,03058,CRM
AUS02745,693 Harold Motorway Apt. 623,Phoenix,Arizona,United States,95245,CRM
AUS02746,952 Taylor Squares,Phoenix,Arizona,United States,61717,CRM
AUS02747,531 Sanders Motorway,Houston,Texas,United States,91954,CRM
AUS02748,28596 Jonathan Stream Suite 078,New York,New York,United States,85669,CRM
AUS02749,5237 White Stravenue,Houston,Texas,United States,06768,CRM
AUS02750,976 Terrence Lights Apt. 017,New York,New York,United States,28788,CRM
AUS02751,53450 Julia Way,Los Angeles,California,United States,96695,CRM
AUS02752,857 Eugene Manor,New York,New York,United States,90455,CRM
AUS02753,2167 Poole Drives Suite 763,Chicago,Illinois,United States,80832,CRM
AUS02754,13827 Salazar Loaf Apt. 118,Houston,Texas,United States,77360,CRM
AUS02755,15649 Phelps Run Apt. 444,New York,New York,United States,13104,CRM
AUS02756,8501 Gary Heights,Houston,Texas,United States,50176,CRM
AUS02757,6323 Aaron Shore Apt. 965,Los Angeles,California,United States,41878,CRM
AUS02758,054 Karen Shores Apt. 801,Houston,Texas,United States,66982,CRM
AUS02759,22869 Jones Causeway,Los Angeles,California,United States,58921,CRM
AUS02760,036 Robert Road,Los Angeles,California,United States,19073,CRM
AUS02761,63950 Donald Roads Apt. 026,Los Angeles,California,United States,04082,CRM
AUS02762,525 Curtis Junctions,Chicago,Illinois,United States,59164,CRM
AUS02763,321 Ingram Lodge,Phoenix,Arizona,United States,90653,CRM
AUS02764,341 Mora Station Suite 836,Phoenix,Arizona,United States,52306,CRM
AUS02765,918 Daniel Prairie Apt. 908,Los Angeles,California,United States,26436,CRM
AUS02766,331 Matthew Hollow,Houston,Texas,United States,24322,CRM
AUS02767,08773 Vickie Coves Suite 779,Houston,Texas,United States,93255,CRM
AUS02768,0057 Jones Branch,Los Angeles,California,United States,92294,CRM
AUS02769,37176 Andrew Viaduct Suite 054,Houston,Texas,United States,72627,CRM
AUS02770,622 Melissa Forest,Chicago,Illinois,United States,61998,CRM
AUS02771,6344 Aaron Locks Suite 685,Phoenix,Arizona,United States,20776,CRM
AUS02772,3768 Tonya Knoll,Los Angeles,California,United States,90064,CRM
AUS02773,419 Figueroa Corners,Los Angeles,California,United States,44125,CRM
AUS02774,2627 Paul Inlet,Phoenix,Arizona,United States,11200,CRM
AUS02775,47366 Michael Place Apt. 985,Houston,Texas,United States,78575,CRM
AUS02776,0643 Bailey Islands,Houston,Texas,United States,61915,CRM
AUS02777,01131 Linda Rapid Apt. 180,Phoenix,Arizona,United States,96206,CRM
AUS02778,471 White Plain,Phoenix,Arizona,United States,84128,CRM
AUS02779,746 Tony Roads,Phoenix,Arizona,United States,76784,CRM
AUS02780,9713 Johnson Turnpike Suite 018,Phoenix,Arizona,United States,99039,CRM
AUS02781,8305 Amy Mill Apt. 785,Chicago,Illinois,United States,63483,CRM
AUS02782,2829 Brady Viaduct,Houston,Texas,United States,81111,CRM
AUS02783,3323 Arellano Loop Suite 829,Houston,Texas,United States,41839,CRM
AUS02784,553 Gomez Village,Los Angeles,California,United States,94685,CRM
AUS02785,5882 Dana Keys Apt. 545,Phoenix,Arizona,United States,31188,CRM
AUS02786,18716 Foster Pike,Los Angeles,California,United States,08088,CRM
AUS02787,626 Thomas Track,New York,New York,United States,43786,CRM
AUS02788,08339 Peck Courts,Houston,Texas,United States,41785,CRM
AUS02789,6389 Powell Glens,Los Angeles,California,United States,53959,CRM
AUS02790,515 Nguyen Via,Chicago,Illinois,United States,34383,CRM
AUS02791,07560 Frank Overpass,Houston,Texas,United States,33831,CRM
AUS02792,176 Jason Burgs Apt. 907,Houston,Texas,United States,54668,CRM
AUS02793,39103 Parks Corners Apt. 251,Chicago,Illinois,United States,18459,CRM
AUS02794,263 John Ford,Houston,Texas,United States,62209,CRM
AUS02795,48944 Joanna Garden,Los Angeles,California,United States,35725,CRM
AUS02796,624 Marcus Roads,Houston,Texas,United States,98873,CRM
AUS02797,82291 Escobar Burg Suite 938,New York,New York,United States,35292,CRM
AUS02798,140 Wise Lakes,Houston,Texas,United States,21410,CRM
AUS02799,4063 Nolan Groves Apt. 059,Phoenix,Arizona,United States,56445,CRM
AUS02800,58570 Brown Branch,New York,New York,United States,30698,CRM
AUS02801,751 William Corners Suite 477,Phoenix,Arizona,United States,05822,CRM
AUS02802,54496 Jacob Port,Houston,Texas,United States,23768,CRM
AUS02803,41338 Flores Plain,Chicago,Illinois,United States,62522,CRM
AUS02804,8993 Dennis Roads,Phoenix,Arizona,United States,47010,CRM
AUS02805,0586 Johnson Tunnel,New York,New York,United States,19886,CRM
AUS02806,31466 April Inlet Apt. 572,Chicago,Illinois,United States,69833,CRM
AUS02807,6731 Mccarthy Lodge Apt. 019,Phoenix,Arizona,United States,92307,CRM
AUS02808,98621 Dawn Springs Suite 392,Los Angeles,California,United States,43706,CRM
AUS02809,784 Jaclyn Road,Phoenix,Arizona,United States,85948,CRM
AUS02810,5059 Stewart Stravenue Apt. 960,Chicago,Illinois,United States,24650,CRM
AUS02811,52565 James Lakes Apt. 547,Houston,Texas,United States,44598,CRM
AUS02812,33821 Johnson Alley,Chicago,Illinois,United States,59462,CRM
AUS02813,8536 Mills Cliffs Suite 321,New York,New York,United States,84807,CRM
AUS02814,002 Thomas Ford Suite 977,Phoenix,Arizona,United States,75313,CRM
AUS02815,374 Gina Parkways,New York,New York,United States,92386,CRM
AUS02816,38989 Bradley Drives,New York,New York,United States,95246,CRM
AUS02817,146 Page Loop Apt. 406,New York,New York,United States,17137,CRM
AUS02818,373 Price Freeway,New York,New York,United States,81282,CRM
AUS02819,47549 John Alley,Houston,Texas,United States,15375,CRM
AUS02820,822 Clark Pines,Chicago,Illinois,United States,28930,CRM
AUS02821,2932 Robin Island Apt. 480,Phoenix,Arizona,United States,53020,CRM
AUS02822,48465 Ellen Lodge,Los Angeles,California,United States,13908,CRM
AUS02823,416 Steven Forest,Phoenix,Arizona,United States,64376,CRM
AUS02824,997 Ward Shoals,Houston,Texas,United States,11621,CRM
AUS02825,0381 Kendra Mountain,Los Angeles,California,United States,38761,CRM
AUS02826,5397 Medina Centers Apt. 606,Los Angeles,California,United States,61458,CRM
AUS02827,4929 Arthur Drive,Chicago,Illinois,United States,56455,CRM
AUS02828,27252 Robert Dale,Houston,Texas,United States,52172,CRM
AUS02829,515 Carol Isle Suite 429,Los Angeles,California,United States,34484,CRM
AUS02830,49628 Megan Valley,New York,New York,United States,68018,CRM
AUS02831,221 John Stream Suite 970,Houston,Texas,United States,34608,CRM
AUS02832,3581 Johnson Motorway Apt. 710,Phoenix,Arizona,United States,11266,CRM
AUS02833,012 Dana Burg,Phoenix,Arizona,United States,99008,CRM
AUS02834,1557 Johnny Villages Suite 020,Houston,Texas,United States,68071,CRM
AUS02835,31851 Anthony Port Apt. 759,Houston,Texas,United States,08862,CRM
AUS02836,188 Gates Trail Suite 023,New York,New York,United States,71449,CRM
AUS02837,4284 Ball River,Los Angeles,California,United States,66725,CRM
AUS02838,5914 Scott Ramp Apt. 632,Phoenix,Arizona,United States,62510,CRM
AUS02839,8319 Nicole Row Suite 862,Chicago,Illinois,United States,77925,CRM
AUS02840,25779 Johnson Loaf,Houston,Texas,United States,87996,CRM
AUS02841,037 Casey Inlet,Chicago,Illinois,United States,72683,CRM
AUS02842,984 Jamie Parkways,Houston,Texas,United States,91160,CRM
AUS02843,0705 Khan Bypass Apt. 121,Los Angeles,California,United States,64428,CRM
AUS02844,483 Amy Ramp Suite 164,New York,New York,United States,01695,CRM
AUS02845,7815 Lucas Mountains Apt. 947,Houston,Texas,United States,60115,CRM
AUS02846,504 Nicole Harbor,Los Angeles,California,United States,78370,CRM
AUS02847,2100 Richmond Trail Suite 314,Los Angeles,California,United States,36352,CRM
AUS02848,0123 Richard Mountains Suite 051,Los Angeles,California,United States,72659,CRM
AUS02849,41547 John Squares Suite 891,New York,New York,United States,57448,CRM
AUS02850,024 Michael Mall Suite 488,Los Angeles,California,United States,92462,CRM
AUS02851,7382 Amanda Mountains,Los Angeles,California,United States,61060,CRM
AUS02852,103 Williamson Locks,Phoenix,Arizona,United States,55510,CRM
AUS02853,433 Wiley Fields,Los Angeles,California,United States,71490,CRM
AUS02854,49714 Thomas Cape Apt. 175,Chicago,Illinois,United States,90724,CRM
AUS02855,892 Jenkins Garden Suite 977,Phoenix,Arizona,United States,66679,CRM
AUS02856,04049 Keith Rapid Suite 056,Houston,Texas,United States,43972,CRM
AUS02857,2516 Mark Squares,Houston,Texas,United States,10127,CRM
AUS02858,948 Francisco Burg Suite 985,Phoenix,Arizona,United States,89751,CRM
AUS02859,6097 Clark Courts,New York,New York,United States,49793,CRM
AUS02860,6981 Vincent Crossroad,Los Angeles,California,United States,83610,CRM
AUS02861,23306 Bryan Row,Houston,Texas,United States,75514,CRM
AUS02862,7806 Danielle Cliffs Apt. 290,Houston,Texas,United States,14111,CRM
AUS02863,4700 Smith Passage,Los Angeles,California,United States,46121,CRM
AUS02864,63494 Martha Springs,Los Angeles,California,United States,73839,CRM
AUS02865,348 Duke Tunnel,Chicago,Illinois,United States,91581,CRM
AUS02866,418 Taylor Divide Suite 247,Houston,Texas,United States,66249,CRM
AUS02867,508 Clarke Camp Suite 121,Chicago,Illinois,United States,16800,CRM
AUS02868,8330 Michael Glens Suite 074,Chicago,Illinois,United States,92726,CRM
AUS02869,950 Amber Grove,Los Angeles,California,United States,52832,CRM
AUS02870,938 Phyllis Terrace,Chicago,Illinois,United States,25447,CRM
AUS02871,1168 Charles Circles Suite 465,Chicago,Illinois,United States,35806,CRM
AUS02872,9072 Olson Freeway,Los Angeles,California,United States,57224,CRM
AUS02873,67043 Santiago Mount,Phoenix,Arizona,United States,53092,CRM
AUS02874,59091 Jefferson Junctions,New York,New York,United States,67692,CRM
AUS02875,35565 David Cliffs Suite 880,New York,New York,United States,92844,CRM
AUS02876,618 Joshua Overpass Suite 932,Chicago,Illinois,United States,17059,CRM
AUS02877,738 Chase Green Apt. 008,Chicago,Illinois,United States,85284,CRM
AUS02878,4002 Macdonald Crossroad,Phoenix,Arizona,United States,79229,CRM
AUS02879,07844 Long Point Suite 083,Phoenix,Arizona,United States,39132,CRM
AUS02880,39090 Thomas Mission,Phoenix,Arizona,United States,19917,CRM
AUS02881,491 Alexandra Inlet Suite 403,Los Angeles,California,United States,16235,CRM
AUS02882,9369 Kennedy Squares Apt. 708,New York,New York,United States,10961,CRM
AUS02883,73792 Larry Via Suite 918,Houston,Texas,United States,51487,CRM
AUS02884,09325 Monica Unions Apt. 327,New York,New York,United States,84278,CRM
AUS02885,4179 Holloway Union Suite 450,New York,New York,United States,12573,CRM
AUS02886,39095 Kelli Wall Apt. 030,New York,New York,United States,61303,CRM
AUS02887,0305 Raymond Rest,Phoenix,Arizona,United States,97514,CRM
AUS02888,3976 Rice Haven Suite 492,New York,New York,United States,07143,CRM
AUS02889,01692 Thomas Port,New York,New York,United States,69853,CRM
AUS02890,5519 Drake Knolls,Chicago,Illinois,United States,95413,CRM
AUS02891,78180 Romero Groves,Houston,Texas,United States,59495,CRM
AUS02892,771 Lindsey Crossing,Los Angeles,California,United States,36996,CRM
AUS02893,8331 David Corners,Los Angeles,California,United States,54174,CRM
AUS02894,9556 Bruce Vista Suite 464,New York,New York,United States,53376,CRM
AUS02895,40763 Colin Flats,Chicago,Illinois,United States,27409,CRM
AUS02896,914 Jerry Canyon,Chicago,Illinois,United States,80202,CRM
AUS02897,34265 Hannah Lock,Phoenix,Arizona,United States,05013,CRM
AUS02898,4701 Margaret Camp,Houston,Texas,United States,93748,CRM
AUS02899,28185 Brandon Spurs,Phoenix,Arizona,United States,52723,CRM
AUS02900,293 Davis Track,Chicago,Illinois,United States,35851,CRM
AUS02901,7598 Audrey Road,Houston,Texas,United States,69006,CRM
AUS02902,0431 Drake Tunnel Apt. 356,Phoenix,Arizona,United States,32654,CRM
AUS02903,588 Mcgee Glen,Phoenix,Arizona,United States,26397,CRM
AUS02904,18377 Green Wall Apt. 421,Los Angeles,California,United States,25008,CRM
AUS02905,1205 Davis Hollow,Phoenix,Arizona,United States,79222,CRM
AUS02906,653 Dixon Crossing Apt. 075,Houston,Texas,United States,23065,CRM
AUS02907,1974 Ashley Pike Apt. 711,Phoenix,Arizona,United States,05168,CRM
AUS02908,4446 Joann Orchard,New York,New York,United States,37552,CRM
AUS02909,9107 Potter Turnpike,New York,New York,United States,36946,CRM
AUS02910,150 Ashley Curve,Phoenix,Arizona,United States,80396,CRM
AUS02911,829 Casey Orchard Apt. 461,Houston,Texas,United States,22539,CRM
AUS02912,53710 Williams Trafficway Apt. 111,Chicago,Illinois,United States,92047,CRM
AUS02913,61717 Casey Camp,New York,New York,United States,66685,CRM
AUS02914,4613 Teresa Locks,New York,New York,United States,15724,CRM
AUS02915,02098 Jean Circles Suite 153,Los Angeles,California,United States,90640,CRM
AUS02916,495 Katie Pike Apt. 203,New York,New York,United States,92324,CRM
AUS02917,921 Rachel Roads,Chicago,Illinois,United States,01643,CRM
AUS02918,887 Joshua Mission,Chicago,Illinois,United States,77781,CRM
AUS02919,5795 Holly Loop,Phoenix,Arizona,United States,48905,CRM
AUS02920,97483 Frazier Orchard,Houston,Texas,United States,93375,CRM
AUS02921,155 Mathis Fall Apt. 656,Phoenix,Arizona,United States,80272,CRM
AUS02922,8106 Scott Throughway,Chicago,Illinois,United States,38110,CRM
AUS02923,068 Mack Underpass,New York,New York,United States,24383,CRM
AUS02924,65333 Brandon Plaza Apt. 547,Chicago,Illinois,United States,64940,CRM
AUS02925,41437 Garrett Mountains Apt. 533,New York,New York,United States,54738,CRM
AUS02926,58155 Thomas Mountain Apt. 468,Houston,Texas,United States,91015,CRM
AUS02927,28744 Moody Walks,New York,New York,United States,06556,CRM
AUS02928,9432 Lam Ridge Apt. 407,Houston,Texas,United States,43244,CRM
AUS02929,113 Adams Spring Apt. 914,New York,New York,United States,46681,CRM
AUS02930,1591 Pace Summit,Chicago,Illinois,United States,76112,CRM
AUS02931,3146 Steven Trafficway Apt. 143,Houston,Texas,United States,54131,CRM
AUS02932,8731 Jacqueline Lakes Suite 630,Los Angeles,California,United States,72889,CRM
AUS02933,2023 Graham Mount Apt. 415,New York,New York,United States,56139,CRM
AUS02934,4438 Lynn Divide Apt. 534,Phoenix,Arizona,United States,11909,CRM
AUS02935,1408 Maria Village,Phoenix,Arizona,United States,62368,CRM
AUS02936,81001 Morse Track,Phoenix,Arizona,United States,13716,CRM
AUS02937,9860 Schmitt Rue,Los Angeles,California,United States,63164,CRM
AUS02938,98868 Amanda Ferry Apt. 937,Chicago,Illinois,United States,76857,CRM
AUS02939,169 Kristi Flats,Houston,Texas,United States,47036,CRM
AUS02940,780 Davis Expressway,New York,New York,United States,77594,CRM
AUS02941,864 Nicole Glens,Chicago,Illinois,United States,91870,CRM
AUS02942,372 Hughes Lodge,Los Angeles,California,United States,85939,CRM
AUS02943,8136 Mike Rest,Phoenix,Arizona,United States,97212,CRM
AUS02944,824 Gonzalez Via Apt. 806,Chicago,Illinois,United States,22371,CRM
AUS02945,465 Leslie Station Apt. 841,Phoenix,Arizona,United States,49370,CRM
AUS02946,02148 Guerrero Manor Suite 549,Phoenix,Arizona,United States,45928,CRM
AUS02947,00721 Brian Club,Phoenix,Arizona,United States,83780,CRM
AUS02948,45863 Flores Manors,Phoenix,Arizona,United States,58774,CRM
AUS02949,704 Eaton Vista Apt. 903,Phoenix,Arizona,United States,22456,CRM
AUS02950,8401 Walter Forks Suite 802,Los Angeles,California,United States,38696,CRM
AUS02951,03027 Jacob Mountains,Phoenix,Arizona,United States,99223,CRM
AUS02952,146 Lang Course,Los Angeles,California,United States,54675,CRM
AUS02953,62015 Barber Inlet Apt. 054,Phoenix,Arizona,United States,80483,CRM
AUS02954,025 Nathaniel Expressway,Chicago,Illinois,United States,54112,CRM
AUS02955,68185 Owens Plains Apt. 763,Los Angeles,California,United States,01383,CRM
AUS02956,3238 Evans Landing,Phoenix,Arizona,United States,35948,CRM
AUS02957,9414 Gaines Cliffs Suite 531,Chicago,Illinois,United States,44543,CRM
AUS02958,261 Gonzalez Road,Houston,Texas,United States,64824,CRM
AUS02959,323 Ryan Dale Apt. 124,New York,New York,United States,29004,CRM
AUS02960,030 Jeffrey Parkways Apt. 450,Los Angeles,California,United States,66479,CRM
AUS02961,3916 Erika Highway,Houston,Texas,United States,47519,CRM
AUS02962,402 Smith Shoals,New York,New York,United States,00521,CRM
AUS02963,6822 Emily Avenue,Houston,Texas,United States,72847,CRM
AUS02964,427 Dalton Islands,Chicago,Illinois,United States,62767,CRM
AUS02965,91112 Campbell Streets,New York,New York,United States,98946,CRM
AUS02966,7522 Reginald Tunnel,Phoenix,Arizona,United States,33925,CRM
AUS02967,3710 Campbell Garden,Chicago,Illinois,United States,99609,CRM
AUS02968,97304 Hale Brooks,Phoenix,Arizona,United States,66124,CRM
AUS02969,624 Adam Spur,Houston,Texas,United States,20523,CRM
AUS02970,9038 Ronald Drive Apt. 522,Los Angeles,California,United States,06234,CRM
AUS02971,14189 Justin Walks,Chicago,Illinois,United States,03472,CRM
AUS02972,930 Tracey Run Apt. 466,Chicago,Illinois,United States,55867,CRM
AUS02973,0036 Brown Unions Apt. 358,Houston,Texas,United States,37199,CRM
AUS02974,970 Lamb Junction,Los Angeles,California,United States,11590,CRM
AUS02975,5468 Sims Trace Apt. 265,Chicago,Illinois,United States,14280,CRM
AUS02976,8846 Mcclure Summit Apt. 135,Houston,Texas,United States,32088,CRM
AUS02977,79514 Cassidy Coves Suite 811,New York,New York,United States,36578,CRM
AUS02978,0297 Marshall Summit,Chicago,Illinois,United States,28944,CRM
AUS02979,836 Black Brooks,Houston,Texas,United States,74365,CRM
AUS02980,00891 Davis Keys Apt. 355,Los Angeles,California,United States,58620,CRM
AUS02981,83831 Tyler Alley Apt. 345,Chicago,Illinois,United States,84429,CRM
AUS02982,8215 Manuel Ville Apt. 534,Houston,Texas,United States,55856,CRM
AUS02983,39233 Cochran Roads Suite 176,Los Angeles,California,United States,77740,CRM
AUS02984,7146 Hayes Run,Los Angeles,California,United States,87429,CRM
AUS02985,6705 Rita Plaza Apt. 199,Chicago,Illinois,United States,58762,CRM
AUS02986,90011 Julia Groves,New York,New York,United States,50188,CRM
AUS02987,75822 Bonilla Fort,Houston,Texas,United States,26860,CRM
AUS02988,8463 Nichols Points,Los Angeles,California,United States,92120,CRM
AUS02989,280 Sellers Islands Apt. 166,New York,New York,United States,74663,CRM
AUS02990,637 Dunn Viaduct Apt. 802,Phoenix,Arizona,United States,76145,CRM
AUS02991,510 Anderson Drive Suite 858,New York,New York,United States,12358,CRM
AUS02992,5653 White Squares,Chicago,Illinois,United States,28246,CRM
AUS02993,244 Cuevas Extension,Phoenix,Arizona,United States,30324,CRM
AUS02994,29185 Nathaniel Islands Suite 890,Chicago,Illinois,United States,54883,CRM
AUS02995,7570 Kennedy Fall Suite 103,Houston,Texas,United States,49271,CRM
AUS02996,604 Cole Unions,Houston,Texas,United States,08556,CRM
AUS02997,74948 Little Flats,Houston,Texas,United States,48919,CRM
AUS02998,1984 Kevin Underpass,Los Angeles,California,United States,86278,CRM
AUS02999,999 William Drives,Houston,Texas,United States,04383,CRM
AUS03000,82185 Chen Stream Apt. 436,Phoenix,Arizona,United States,13752,CRM
AUS03001,282 Green Path,Los Angeles,California,United States,13158,CRM
AUS03002,644 Matthew Row Apt. 366,Los Angeles,California,United States,88456,CRM
AUS03003,15585 Robert Oval,Phoenix,Arizona,United States,45821,CRM
AUS03004,856 Janice Estates Suite 428,New York,New York,United States,89776,CRM
AUS03005,302 Nicole Camp,Phoenix,Arizona,United States,05908,CRM
AUS03006,91177 Peter Inlet Suite 128,Chicago,Illinois,United States,65056,CRM
AUS03007,408 James Locks,New York,New York,United States,50344,CRM
AUS03008,93035 Scott Extensions Suite 381,New York,New York,United States,25064,CRM
AUS03009,7724 Sydney Crescent Apt. 430,Phoenix,Arizona,United States,21221,CRM
AUS03010,679 Ruiz Manor Suite 916,Chicago,Illinois,United States,40343,CRM
AUS03011,2019 Pearson Corner,Los Angeles,California,United States,34272,CRM
AUS03012,1272 Valencia Mill,Chicago,Illinois,United States,24548,CRM
AUS03013,716 Reed Port,Houston,Texas,United States,85850,CRM
AUS03014,93946 Davis Dam,Houston,Texas,United States,13011,CRM
AUS03015,2634 Ware Greens,Chicago,Illinois,United States,30591,CRM
AUS03016,64587 Jessica Port,Houston,Texas,United States,26026,CRM
AUS03017,49971 Mitchell Mills Apt. 576,Chicago,Illinois,United States,87617,CRM
AUS03018,252 Michelle Locks Suite 560,Houston,Texas,United States,14529,CRM
AUS03019,26827 Kathleen Loop,Houston,Texas,United States,97940,CRM
AUS03020,3786 Cruz Wells,Los Angeles,California,United States,58646,CRM
AUS03021,03870 David Terrace Suite 848,Los Angeles,California,United States,19580,CRM
AUS03022,6468 Kevin Pines Apt. 389,New York,New York,United States,00839,CRM
AUS03023,0801 Virginia Turnpike Apt. 787,Phoenix,Arizona,United States,64451,CRM
AUS03024,897 William Mews Apt. 020,Houston,Texas,United States,60830,CRM
AUS03025,423 Marshall Light,Chicago,Illinois,United States,91190,CRM
AUS03026,820 Cameron Bridge Apt. 435,Chicago,Illinois,United States,89088,CRM
AUS03027,54591 Allen Oval Suite 199,Chicago,Illinois,United States,44012,CRM
AUS03028,8352 Curtis Greens,Phoenix,Arizona,United States,15734,CRM
AUS03029,2277 Joseph Drive,Phoenix,Arizona,United States,53084,CRM
AUS03030,3282 Ryan Ferry Apt. 333,Los Angeles,California,United States,59883,CRM
AUS03031,67867 Michael Square,Phoenix,Arizona,United States,61539,CRM
AUS03032,73705 Snyder Overpass,Houston,Texas,United States,34300,CRM
AUS03033,85820 Kelly Station Apt. 532,Chicago,Illinois,United States,77719,CRM
AUS03034,264 David Lights,Chicago,Illinois,United States,11021,CRM
AUS03035,6452 John Extensions Apt. 094,New York,New York,United States,57396,CRM
AUS03036,057 Jason Extensions Suite 187,Phoenix,Arizona,United States,22500,CRM
AUS03037,8588 Strickland Passage Suite 027,Los Angeles,California,United States,12332,CRM
AUS03038,99692 Medina Villages Suite 414,Chicago,Illinois,United States,35612,CRM
AUS03039,233 Larry Plaza,Houston,Texas,United States,60125,CRM
AUS03040,88375 Flores Valley Apt. 225,New York,New York,United States,28955,CRM
AUS03041,1384 Taylor Shores,Houston,Texas,United States,44853,CRM
AUS03042,3832 Smith Shores,Houston,Texas,United States,34749,CRM
AUS03043,880 Tammy Overpass Suite 408,New York,New York,United States,83801,CRM
AUS03044,81313 Jones Stream Apt. 413,Chicago,Illinois,United States,69821,CRM
AUS03045,75744 Walker Fort Apt. 732,New York,New York,United States,92299,CRM
AUS03046,5655 Bennett Fall,Phoenix,Arizona,United States,58020,CRM
AUS03047,39102 Crawford Isle,Phoenix,Arizona,United States,66079,CRM
AUS03048,2189 Gonzalez Grove,New York,New York,United States,64722,CRM
AUS03049,594 Morgan Greens,Chicago,Illinois,United States,43401,CRM
AUS03050,8657 Kimberly Hills,Phoenix,Arizona,United States,30836,CRM
AUS03051,65150 George Ferry,Los Angeles,California,United States,73795,CRM
AUS03052,1254 Cassandra Squares,Phoenix,Arizona,United States,25301,CRM
AUS03053,13949 Stephen Shoals,New York,New York,United States,28300,CRM
AUS03054,55632 Yvonne Shoals Apt. 182,Houston,Texas,United States,50002,CRM
AUS03055,359 Alyssa Land Suite 822,New York,New York,United States,70575,CRM
AUS03056,93509 Paul Summit Apt. 241,New York,New York,United States,00975,CRM
AUS03057,01998 Lauren Fords,New York,New York,United States,45254,CRM
AUS03058,6349 King Stravenue,New York,New York,United States,52886,CRM
AUS03059,9055 Durham Station Suite 585,Houston,Texas,United States,34955,CRM
AUS03060,218 Danielle Groves Apt. 659,New York,New York,United States,97864,CRM
AUS03061,9999 Golden Fork,Houston,Texas,United States,65173,CRM
AUS03062,529 Martin Roads Suite 037,New York,New York,United States,96295,CRM
AUS03063,320 Sally Garden Apt. 071,Los Angeles,California,United States,61925,CRM
AUS03064,7968 Thornton Mill Suite 796,Chicago,Illinois,United States,88638,CRM
AUS03065,39836 Hall Drives,Los Angeles,California,United States,45058,CRM
AUS03066,181 Justin Estate,Los Angeles,California,United States,08301,CRM
AUS03067,7815 Hurst Mission,Phoenix,Arizona,United States,66811,CRM
AUS03068,10163 Clark Divide Apt. 625,Phoenix,Arizona,United States,37524,CRM
AUS03069,730 Chan Trafficway,Phoenix,Arizona,United States,13198,CRM
AUS03070,66712 Luis Extensions Suite 802,New York,New York,United States,80951,CRM
AUS03071,4340 Jake Rapids Apt. 598,Houston,Texas,United States,26658,CRM
AUS03072,1590 Gary Coves Suite 690,Phoenix,Arizona,United States,18796,CRM
AUS03073,0777 Deborah Square,Chicago,Illinois,United States,07457,CRM
AUS03074,0724 Jasmine Lodge,Los Angeles,California,United States,05594,CRM
AUS03075,613 Wanda Square Suite 142,New York,New York,United States,54710,CRM
AUS03076,5208 Patterson Knoll Apt. 643,New York,New York,United States,67821,CRM
AUS03077,0582 Joshua Drives Suite 677,Chicago,Illinois,United States,84872,CRM
AUS03078,4991 Santiago Crescent,New York,New York,United States,41236,CRM
AUS03079,7770 Park Cliffs,Houston,Texas,United States,30508,CRM
AUS03080,24087 Madison Dale,Chicago,Illinois,United States,62402,CRM
AUS03081,45222 Elizabeth Isle Suite 442,Chicago,Illinois,United States,28865,CRM
AUS03082,0073 Ashley Island,Houston,Texas,United States,94607,CRM
AUS03083,3176 Teresa Mountain Apt. 386,Los Angeles,California,United States,72802,CRM
AUS03084,6606 James Squares,Phoenix,Arizona,United States,64543,CRM
AUS03085,6144 Hensley Union Suite 735,Houston,Texas,United States,06542,CRM
AUS03086,88324 Aaron Place Suite 753,Chicago,Illinois,United States,09197,CRM
AUS03087,0030 Katelyn Haven Suite 708,Chicago,Illinois,United States,46543,CRM
AUS03088,5081 Rice Circles,Los Angeles,California,United States,46625,CRM
AUS03089,2780 Allen Lane Suite 954,Chicago,Illinois,United States,73419,CRM
AUS03090,720 Justin Spurs,New York,New York,United States,01608,CRM
AUS03091,986 Mitchell Drive Suite 681,Los Angeles,California,United States,86440,CRM
AUS03092,87976 Thomas Centers,New York,New York,United States,18161,CRM
AUS03093,045 Gonzalez Greens,Houston,Texas,United States,00578,CRM
AUS03094,8212 Martinez Street,Phoenix,Arizona,United States,72484,CRM
AUS03095,729 Ashley View,New York,New York,United States,75257,CRM
AUS03096,7541 Sandra Pike,Chicago,Illinois,United States,89715,CRM
AUS03097,61824 Ramos Knolls Apt. 342,New York,New York,United States,15736,CRM
AUS03098,9790 Sarah Lock Apt. 132,Chicago,Illinois,United States,30396,CRM
AUS03099,714 Robert Avenue Suite 248,Houston,Texas,United States,58481,CRM
AUS03100,086 Eaton Junction Apt. 569,Los Angeles,California,United States,03848,CRM
AUS03101,341 Annette Junctions,Los Angeles,California,United States,65200,CRM
AUS03102,083 Golden Mount Suite 562,New York,New York,United States,19919,CRM
AUS03103,4538 Garcia Creek,Houston,Texas,United States,05038,CRM
AUS03104,995 Roy Groves Suite 513,Houston,Texas,United States,91198,CRM
AUS03105,16962 Deborah View,Chicago,Illinois,United States,64548,CRM
AUS03106,21537 Davis Fork,Houston,Texas,United States,89446,CRM
AUS03107,014 Jessica Mountain,Chicago,Illinois,United States,33199,CRM
AUS03108,4255 Wheeler Points Apt. 129,New York,New York,United States,30099,CRM
AUS03109,670 Moran Islands,Chicago,Illinois,United States,69900,CRM
AUS03110,0580 Sanchez Lock Suite 571,Los Angeles,California,United States,17275,CRM
AUS03111,5412 Kennedy Crest Apt. 017,Chicago,Illinois,United States,95250,CRM
AUS03112,52584 Jennifer Ridges Apt. 658,New York,New York,United States,98267,CRM
AUS03113,69391 Andrew Plain Apt. 695,New York,New York,United States,31817,CRM
AUS03114,01330 Lisa Island Apt. 049,Chicago,Illinois,United States,80953,CRM
AUS03115,7916 Lewis Greens,Phoenix,Arizona,United States,04110,CRM
AUS03116,924 Susan Port Apt. 913,Chicago,Illinois,United States,23899,CRM
AUS03117,86902 Sullivan Mission Suite 034,Los Angeles,California,United States,37238,CRM
AUS03118,501 Fernandez Crest Suite 618,Phoenix,Arizona,United States,37974,CRM
AUS03119,27455 Coleman Lodge,Phoenix,Arizona,United States,99554,CRM
AUS03120,125 Derek Stream,Phoenix,Arizona,United States,27781,CRM
AUS03121,4058 Ramsey Crest,Chicago,Illinois,United States,36027,CRM
AUS03122,4159 Shawn Branch Apt. 505,Houston,Texas,United States,44153,CRM
AUS03123,29231 Jacqueline Burg,Phoenix,Arizona,United States,27474,CRM
AUS03124,5779 Stephens Forges,Phoenix,Arizona,United States,41011,CRM
AUS03125,931 Hill Mill,Phoenix,Arizona,United States,68731,CRM
AUS03126,94628 Caroline Island Apt. 393,Phoenix,Arizona,United States,77460,CRM
AUS03127,10853 Jessica Field,Houston,Texas,United States,29391,CRM
AUS03128,517 David Wells Apt. 522,New York,New York,United States,03935,CRM
AUS03129,37059 Meadows Trace,Los Angeles,California,United States,91464,CRM
AUS03130,48860 Rogers Motorway Apt. 031,Chicago,Illinois,United States,16762,CRM
AUS03131,1741 Mark Squares Apt. 153,Houston,Texas,United States,53048,CRM
AUS03132,718 Silva Prairie Suite 762,Phoenix,Arizona,United States,59977,CRM
AUS03133,290 Anna Expressway Suite 808,Phoenix,Arizona,United States,56812,CRM
AUS03134,465 Emma Track Suite 182,New York,New York,United States,34053,CRM
AUS03135,752 Gonzales Divide,Chicago,Illinois,United States,46641,CRM
AUS03136,51359 Kevin Walk Suite 570,Houston,Texas,United States,21820,CRM
AUS03137,863 Jackson Forge Apt. 577,Chicago,Illinois,United States,51046,CRM
AUS03138,942 Michael Street,New York,New York,United States,27428,CRM
AUS03139,71729 Stevens Road Apt. 218,Phoenix,Arizona,United States,91071,CRM
AUS03140,52354 Erica Meadows,Chicago,Illinois,United States,72788,CRM
AUS03141,155 Spears Corners,New York,New York,United States,02387,CRM
AUS03142,0479 Kevin Freeway,Chicago,Illinois,United States,83719,CRM
AUS03143,3206 Cynthia Via,New York,New York,United States,67699,CRM
AUS03144,51417 Larson Ridges,New York,New York,United States,36790,CRM
AUS03145,856 Nichols Ports Suite 137,Chicago,Illinois,United States,92268,CRM
AUS03146,3574 Lauren Spring,Phoenix,Arizona,United States,97131,CRM
AUS03147,2990 Kevin Streets,Houston,Texas,United States,14155,CRM
AUS03148,10374 Emily Estates,Phoenix,Arizona,United States,30984,CRM
AUS03149,15102 Hendricks Heights Apt. 514,New York,New York,United States,32431,CRM
AUS03150,47285 Garcia Turnpike Apt. 991,Los Angeles,California,United States,21356,CRM
AUS03151,487 Amy Pines,Los Angeles,California,United States,96821,CRM
AUS03152,0782 Garcia Cliffs,Chicago,Illinois,United States,24125,CRM
AUS03153,32657 Angela Viaduct,New York,New York,United States,23338,CRM
AUS03154,4344 Rhodes Greens Suite 770,Los Angeles,California,United States,92210,CRM
AUS03155,3002 Thomas Shoals,New York,New York,United States,91219,CRM
AUS03156,486 Jesse Brooks,New York,New York,United States,35349,CRM
AUS03157,58000 House Valley Suite 706,New York,New York,United States,35557,CRM
AUS03158,969 Joseph Crossing,New York,New York,United States,94697,CRM
AUS03159,0778 Robertson Plain Suite 437,Phoenix,Arizona,United States,73478,CRM
AUS03160,491 Brown Crossroad Apt. 536,Los Angeles,California,United States,11646,CRM
AUS03161,22554 Gabriella Union,Houston,Texas,United States,61434,CRM
AUS03162,153 Cox Underpass Apt. 733,Phoenix,Arizona,United States,23732,CRM
AUS03163,29097 Wilson Knoll,Phoenix,Arizona,United States,28058,CRM
AUS03164,7394 Flynn Lights Apt. 884,New York,New York,United States,99838,CRM
AUS03165,0605 Michele Island Suite 622,Houston,Texas,United States,15360,CRM
AUS03166,8287 Larson Cliffs,Phoenix,Arizona,United States,92544,CRM
AUS03167,9026 Stephanie Lakes Apt. 859,New York,New York,United States,45252,CRM
AUS03168,7298 Morgan Rapids Apt. 397,Houston,Texas,United States,72744,CRM
AUS03169,90753 Gordon Isle Apt. 325,Phoenix,Arizona,United States,72878,CRM
AUS03170,5671 Gonzalez Parkways Apt. 472,Los Angeles,California,United States,11468,CRM
AUS03171,54926 Wagner Branch,Houston,Texas,United States,60360,CRM
AUS03172,29645 Andrea Port Suite 418,Los Angeles,California,United States,28591,CRM
AUS03173,57600 Jennifer Terrace,Houston,Texas,United States,49501,CRM
AUS03174,909 Hurst Ridge,Chicago,Illinois,United States,74536,CRM
AUS03175,487 Willis Harbor Suite 113,Houston,Texas,United States,18439,CRM
AUS03176,879 John Burg Apt. 416,New York,New York,United States,89631,CRM
AUS03177,9271 Daniel Plaza Apt. 168,Phoenix,Arizona,United States,92527,CRM
AUS03178,71428 Tracy Row,New York,New York,United States,84316,CRM
AUS03179,966 Manning Burgs Suite 163,Houston,Texas,United States,21344,CRM
AUS03180,88787 Tamara Brook Apt. 845,Phoenix,Arizona,United States,87697,CRM
AUS03181,0004 Brandon Pike Apt. 172,New York,New York,United States,83166,CRM
AUS03182,498 Robinson Club,Houston,Texas,United States,70632,CRM
AUS03183,71421 White Via,Los Angeles,California,United States,18734,CRM
AUS03184,2796 Russell Crossing Suite 244,New York,New York,United States,37393,CRM
AUS03185,8175 Lori Coves,Los Angeles,California,United States,90122,CRM
AUS03186,89198 Green Mill,Phoenix,Arizona,United States,28312,CRM
AUS03187,5772 Cruz Via,New York,New York,United States,59739,CRM
AUS03188,7439 Elijah Stream Suite 059,Phoenix,Arizona,United States,75391,CRM
AUS03189,5133 Stewart Junctions Apt. 217,Phoenix,Arizona,United States,17270,CRM
AUS03190,02124 Michael Flat Apt. 385,New York,New York,United States,20576,CRM
AUS03191,3907 Mary Gateway Apt. 083,Los Angeles,California,United States,09916,CRM
AUS03192,52461 Angela Mountains,Chicago,Illinois,United States,04932,CRM
AUS03193,12966 Anthony Terrace,Chicago,Illinois,United States,69385,CRM
AUS03194,4362 Joshua Trail,Phoenix,Arizona,United States,45100,CRM
AUS03195,94240 Jason Burgs,Houston,Texas,United States,30057,CRM
AUS03196,06874 Reynolds Courts Suite 760,Los Angeles,California,United States,93291,CRM
AUS03197,339 York Trail,New York,New York,United States,82406,CRM
AUS03198,259 Lynn Turnpike,Houston,Texas,United States,80784,CRM
AUS03199,50220 Olson Flat,Houston,Texas,United States,77596,CRM
AUS03200,46982 Elizabeth Station Suite 028,New York,New York,United States,02124,CRM
AUS03201,00467 Michael Ford,Phoenix,Arizona,United States,72416,CRM
AUS03202,637 Cheryl Mountain,Chicago,Illinois,United States,33508,CRM
AUS03203,28399 Estrada Dale Apt. 136,Phoenix,Arizona,United States,40013,CRM
AUS03204,040 Jonathan Mission,Chicago,Illinois,United States,51623,CRM
AUS03205,6375 David Viaduct,Los Angeles,California,United States,16142,CRM
AUS03206,1498 Caitlin Field,Chicago,Illinois,United States,75134,CRM
AUS03207,361 Smith Plaza Suite 693,Houston,Texas,United States,43524,CRM
AUS03208,9541 Daisy Knolls Apt. 866,Chicago,Illinois,United States,36585,CRM
AUS03209,72552 Rogers Station Suite 602,New York,New York,United States,24987,CRM
AUS03210,2063 Lisa Meadow,Los Angeles,California,United States,25860,CRM
AUS03211,004 Sharon Route,Los Angeles,California,United States,70807,CRM
AUS03212,021 Lawson Port,Chicago,Illinois,United States,00936,CRM
AUS03213,614 Foster Plains,Chicago,Illinois,United States,38103,CRM
AUS03214,61371 Hill Summit,Los Angeles,California,United States,39944,CRM
AUS03215,3064 Wilson Harbor Apt. 208,Los Angeles,California,United States,21036,CRM
AUS03216,165 Robert Parkway,Chicago,Illinois,United States,66821,CRM
AUS03217,40889 Williams Row Suite 148,New York,New York,United States,97547,CRM
AUS03218,08998 Patel Stravenue,Chicago,Illinois,United States,41543,CRM
AUS03219,69113 Nelson Locks Apt. 666,Phoenix,Arizona,United States,94693,CRM
AUS03220,46742 Jones Springs,Phoenix,Arizona,United States,50301,CRM
AUS03221,452 Christopher Extension,Chicago,Illinois,United States,50328,CRM
AUS03222,941 Lewis Ports Suite 832,New York,New York,United States,78293,CRM
AUS03223,01269 Moore Lakes Suite 373,Los Angeles,California,United States,67934,CRM
AUS03224,78927 Kathryn Isle Apt. 360,Chicago,Illinois,United States,50402,CRM
AUS03225,146 Andrew Spur,Phoenix,Arizona,United States,27428,CRM
AUS03226,2524 Matthew Vista,Phoenix,Arizona,United States,43960,CRM
AUS03227,76052 Howard Centers Suite 601,Houston,Texas,United States,44037,CRM
AUS03228,0781 Donna Harbor Suite 589,Los Angeles,California,United States,18977,CRM
AUS03229,6380 Calhoun Burgs Apt. 014,Chicago,Illinois,United States,20831,CRM
AUS03230,904 Jones Estate Apt. 947,New York,New York,United States,21951,CRM
AUS03231,718 Crawford Creek,Houston,Texas,United States,10148,CRM
AUS03232,8214 Watts Corners Suite 412,Houston,Texas,United States,41842,CRM
AUS03233,4573 Alvarez Dale Suite 597,Los Angeles,California,United States,56739,CRM
AUS03234,046 Best Springs Apt. 414,Los Angeles,California,United States,16483,CRM
AUS03235,532 Garcia Drive Suite 471,Chicago,Illinois,United States,16944,CRM
AUS03236,009 Kane Mountains,New York,New York,United States,77001,CRM
AUS03237,84790 May Ridge,New York,New York,United States,31919,CRM
AUS03238,2182 Nichole Ramp Apt. 608,Los Angeles,California,United States,48239,CRM
AUS03239,601 Erin Crossing Apt. 957,New York,New York,United States,53693,CRM
AUS03240,203 Valencia Street Apt. 558,New York,New York,United States,03248,CRM
AUS03241,031 Kayla Valley Suite 298,Chicago,Illinois,United States,58957,CRM
AUS03242,713 Serrano Field Suite 695,Los Angeles,California,United States,11510,CRM
AUS03243,54505 Stephen Drives Apt. 708,Houston,Texas,United States,66441,CRM
AUS03244,993 Lewis Ford Apt. 432,Houston,Texas,United States,03674,CRM
AUS03245,5761 Jessica Wall,Houston,Texas,United States,63236,CRM
AUS03246,60442 Lopez Drive Apt. 427,Chicago,Illinois,United States,90663,CRM
AUS03247,18719 Walker Neck Suite 492,Los Angeles,California,United States,37487,CRM
AUS03248,252 Olivia Shoals,New York,New York,United States,96202,CRM
AUS03249,3970 Johnston Mount Suite 589,Phoenix,Arizona,United States,95027,CRM
AUS03250,209 Clark Camp Apt. 686,Los Angeles,California,United States,23609,CRM
AUS03251,221 Figueroa Crescent Apt. 722,Houston,Texas,United States,27931,CRM
AUS03252,05251 Williams Gardens,New York,New York,United States,13109,CRM
AUS03253,621 Hunt Causeway Suite 062,New York,New York,United States,28314,CRM
AUS03254,1767 Ferguson Mountains,Chicago,Illinois,United States,05682,CRM
AUS03255,46780 Williams Parkways,Houston,Texas,United States,69399,CRM
AUS03256,1502 Justin Haven,Chicago,Illinois,United States,04435,CRM
AUS03257,16329 Oconnell Lake Apt. 928,Los Angeles,California,United States,02120,CRM
AUS03258,835 Harris Route,Phoenix,Arizona,United States,71657,CRM
AUS03259,2557 Stephen Glens,Phoenix,Arizona,United States,40040,CRM
AUS03260,33171 Reid Drives Suite 269,Houston,Texas,United States,52916,CRM
AUS03261,49764 Williams Ramp Apt. 218,Chicago,Illinois,United States,69684,CRM
AUS03262,1509 Chen Pike Apt. 722,Phoenix,Arizona,United States,19630,CRM
AUS03263,656 Samantha Corner Apt. 343,New York,New York,United States,96771,CRM
AUS03264,731 Doyle Ranch,New York,New York,United States,93329,CRM
AUS03265,24884 David Highway Suite 653,New York,New York,United States,78775,CRM
AUS03266,13906 Lara Flats Suite 328,Los Angeles,California,United States,31266,CRM
AUS03267,70906 Garrett Branch Suite 073,Chicago,Illinois,United States,78929,CRM
AUS03268,986 Amber Skyway,New York,New York,United States,93803,CRM
AUS03269,80449 Mandy Plains Suite 546,New York,New York,United States,44957,CRM
AUS03270,5502 Joann Junctions Apt. 888,New York,New York,United States,59016,CRM
AUS03271,661 Harris Flat,Houston,Texas,United States,30149,CRM
AUS03272,741 Jeffrey Parkway Apt. 674,Los Angeles,California,United States,49571,CRM
AUS03273,025 Atkins Route,Chicago,Illinois,United States,50408,CRM
AUS03274,5866 Kelly Flat,Phoenix,Arizona,United States,10903,CRM
AUS03275,648 Madison Spurs Suite 732,Houston,Texas,United States,84445,CRM
AUS03276,02836 Paige Prairie,Los Angeles,California,United States,28065,CRM
AUS03277,974 Black Manors Suite 842,Los Angeles,California,United States,41541,CRM
AUS03278,3184 Woods Crossroad,Phoenix,Arizona,United States,97241,CRM
AUS03279,905 Darrell Expressway Apt. 154,Phoenix,Arizona,United States,19748,CRM
AUS03280,1555 Todd Courts,Phoenix,Arizona,United States,45793,CRM
AUS03281,307 Eric Bridge Apt. 303,Los Angeles,California,United States,35646,CRM
AUS03282,515 Schmidt Cliffs Suite 464,Chicago,Illinois,United States,90807,CRM
AUS03283,9250 Craig Flat,New York,New York,United States,06973,CRM
AUS03284,17685 Campbell Drive Suite 249,Los Angeles,California,United States,65833,CRM
AUS03285,4448 Fuentes Via Apt. 891,Houston,Texas,United States,26074,CRM
AUS03286,3577 Lara Fields,Los Angeles,California,United States,06418,CRM
AUS03287,518 Jessica Point,New York,New York,United States,93396,CRM
AUS03288,15727 William Turnpike,New York,New York,United States,12761,CRM
AUS03289,172 Jason Walks Suite 027,Phoenix,Arizona,United States,93050,CRM
AUS03290,08258 Joseph Shore,Phoenix,Arizona,United States,35798,CRM
AUS03291,7069 Lopez Port Apt. 225,Phoenix,Arizona,United States,78346,CRM
AUS03292,156 Chen Isle Apt. 949,Chicago,Illinois,United States,21521,CRM
AUS03293,68658 Lane Plaza Suite 247,Chicago,Illinois,United States,86255,CRM
AUS03294,9341 Munoz Mountain,New York,New York,United States,94814,CRM
AUS03295,062 Kristina Prairie,New York,New York,United States,16767,CRM
AUS03296,0575 Sarah Canyon Apt. 214,New York,New York,United States,69514,CRM
AUS03297,310 Taylor Isle Suite 624,Los Angeles,California,United States,95846,CRM
AUS03298,4422 Wayne Courts,Houston,Texas,United States,94875,CRM
AUS03299,1621 Reese Mountain,Houston,Texas,United States,64749,CRM
AUS03300,14272 Brandon Stream Apt. 885,Phoenix,Arizona,United States,10643,CRM
AUS03301,32509 Medina Roads Suite 855,Los Angeles,California,United States,04687,CRM
AUS03302,04285 Maria Junction Apt. 290,Chicago,Illinois,United States,54794,CRM
AUS03303,7016 Wilkins Crest,Houston,Texas,United States,62427,CRM
AUS03304,831 Houston Centers,Houston,Texas,United States,53002,CRM
AUS03305,4292 Harris Orchard,Los Angeles,California,United States,25741,CRM
AUS03306,6544 Franco Highway Suite 167,Chicago,Illinois,United States,10567,CRM
AUS03307,29020 Dennis Course,Houston,Texas,United States,51097,CRM
AUS03308,8017 Gardner Mill Apt. 858,Chicago,Illinois,United States,27403,CRM
AUS03309,71197 Daniel Corner Apt. 228,New York,New York,United States,13060,CRM
AUS03310,5179 Holt Bridge,Los Angeles,California,United States,74239,CRM
AUS03311,18249 Ryan Corner Apt. 213,Houston,Texas,United States,09107,CRM
AUS03312,0823 Christopher Streets,Houston,Texas,United States,67928,CRM
AUS03313,9794 Wright Mountain Suite 246,Los Angeles,California,United States,21672,CRM
AUS03314,24853 Carl Freeway Suite 046,Chicago,Illinois,United States,50792,CRM
AUS03315,5839 Joshua Fields,Los Angeles,California,United States,49687,CRM
AUS03316,008 Lewis Squares,Phoenix,Arizona,United States,20295,CRM
AUS03317,215 Steven Causeway Suite 925,New York,New York,United States,11344,CRM
AUS03318,58712 Blake Harbors Suite 628,Phoenix,Arizona,United States,11623,CRM
AUS03319,2688 Hawkins Falls Apt. 493,Los Angeles,California,United States,37647,CRM
AUS03320,687 Ramirez Road,New York,New York,United States,08588,CRM
AUS03321,608 Wilson Alley Apt. 212,Chicago,Illinois,United States,02671,CRM
AUS03322,82438 Ricky Ville,Chicago,Illinois,United States,60739,CRM
AUS03323,94608 Williams Courts,Houston,Texas,United States,07299,CRM
AUS03324,11821 Paul Branch Suite 368,New York,New York,United States,69483,CRM
AUS03325,02652 Rogers Walk,Houston,Texas,United States,25708,CRM
AUS03326,39175 Wendy Stream,Phoenix,Arizona,United States,62500,CRM
AUS03327,960 Jonathan Union,Houston,Texas,United States,44918,CRM
AUS03328,2182 Acosta Glen Apt. 331,Chicago,Illinois,United States,30051,CRM
AUS03329,31442 Sara Walks,Houston,Texas,United States,73732,CRM
AUS03330,0746 Kaylee Turnpike,Houston,Texas,United States,38174,CRM
AUS03331,826 Martinez View Suite 138,New York,New York,United States,81977,CRM
AUS03332,36801 Stacey Gardens Apt. 160,Phoenix,Arizona,United States,06218,CRM
AUS03333,405 Hale Flat,Houston,Texas,United States,72091,CRM
AUS03334,6187 Hobbs View Suite 410,Chicago,Illinois,United States,01504,CRM
AUS03335,0264 Raymond Cliff Apt. 578,Houston,Texas,United States,56100,CRM
AUS03336,1658 Cochran Circles,Chicago,Illinois,United States,73200,CRM
AUS03337,1239 Hall Lodge,New York,New York,United States,83690,CRM
AUS03338,3356 Barker Field,Los Angeles,California,United States,03543,CRM
AUS03339,42725 George Orchard Suite 485,Los Angeles,California,United States,81716,CRM
AUS03340,52563 Golden Rue,Phoenix,Arizona,United States,17815,CRM
AUS03341,13270 Francisco Garden Suite 822,Los Angeles,California,United States,86821,CRM
AUS03342,774 Timothy Springs,New York,New York,United States,12414,CRM
AUS03343,74547 Finley Green,Los Angeles,California,United States,52435,CRM
AUS03344,491 Thomas Ford,New York,New York,United States,64985,CRM
AUS03345,54671 Nathan Wall Apt. 777,Chicago,Illinois,United States,24414,CRM
AUS03346,4672 Thomas Mews Suite 984,Los Angeles,California,United States,18763,CRM
AUS03347,729 Sims View Apt. 021,Phoenix,Arizona,United States,93895,CRM
AUS03348,133 Charles Dale Suite 734,Houston,Texas,United States,33282,CRM
AUS03349,781 Frank Estate,New York,New York,United States,98147,CRM
AUS03350,685 Samantha Circles,New York,New York,United States,56146,CRM
AUS03351,282 Kevin Rapid,Houston,Texas,United States,25902,CRM
AUS03352,405 Allison Crest Suite 596,Los Angeles,California,United States,72528,CRM
AUS03353,648 Lindsey Points Suite 461,Phoenix,Arizona,United States,35558,CRM
AUS03354,9787 Christine Circles,New York,New York,United States,26914,CRM
AUS03355,93100 Daniel Springs,Phoenix,Arizona,United States,30740,CRM
AUS03356,4489 Tonya Meadow,Houston,Texas,United States,02695,CRM
AUS03357,7823 West Creek Suite 032,Chicago,Illinois,United States,72229,CRM
AUS03358,415 Haley Lakes Apt. 689,Chicago,Illinois,United States,52930,CRM
AUS03359,21581 Tiffany Route,Los Angeles,California,United States,00707,CRM
AUS03360,15432 Duran Locks,Chicago,Illinois,United States,73478,CRM
AUS03361,1414 Hood Trail Suite 659,Los Angeles,California,United States,62177,CRM
AUS03362,134 Stark Cove,Chicago,Illinois,United States,26449,CRM
AUS03363,819 Davis Crossroad,New York,New York,United States,56381,CRM
AUS03364,221 Camacho Centers,Houston,Texas,United States,97035,CRM
AUS03365,123 Norma Square,Phoenix,Arizona,United States,16554,CRM
AUS03366,12909 Cooper Way Apt. 350,New York,New York,United States,62764,CRM
AUS03367,599 Nicholas Gateway Apt. 566,Los Angeles,California,United States,46393,CRM
AUS03368,3995 Ann Curve Suite 080,New York,New York,United States,76999,CRM
AUS03369,330 May Camp,Los Angeles,California,United States,95793,CRM
AUS03370,742 Tammy Way Suite 697,Chicago,Illinois,United States,02275,CRM
AUS03371,184 Little Trail Apt. 369,Phoenix,Arizona,United States,53962,CRM
AUS03372,07842 James Tunnel Apt. 120,New York,New York,United States,86324,CRM
AUS03373,077 Mathew Neck,Chicago,Illinois,United States,07977,CRM
AUS03374,422 Bell Ports,Phoenix,Arizona,United States,02289,CRM
AUS03375,94124 Hansen Creek,Los Angeles,California,United States,12186,CRM
AUS03376,824 Michael Turnpike,Phoenix,Arizona,United States,03206,CRM
AUS03377,878 Johnson Green Apt. 063,New York,New York,United States,34049,CRM
AUS03378,996 Smith Viaduct Apt. 297,Houston,Texas,United States,58982,CRM
AUS03379,71846 Heather Pine,Phoenix,Arizona,United States,51315,CRM
AUS03380,43120 Samantha Green Suite 205,Chicago,Illinois,United States,35435,CRM
AUS03381,9568 David Ford Suite 526,New York,New York,United States,85132,CRM
AUS03382,075 Heidi Gardens Apt. 780,Houston,Texas,United States,96957,CRM
AUS03383,1473 Lori Ford,Phoenix,Arizona,United States,51155,CRM
AUS03384,1118 Amanda Dale Apt. 828,New York,New York,United States,68378,CRM
AUS03385,7057 Melissa Highway Suite 370,Chicago,Illinois,United States,63893,CRM
AUS03386,187 Allison Villages,Los Angeles,California,United States,69637,CRM
AUS03387,8016 Matthews Courts Suite 032,Houston,Texas,United States,96945,CRM
AUS03388,862 Joseph Knoll,Houston,Texas,United States,34384,CRM
AUS03389,7093 Ashley Rapids,Chicago,Illinois,United States,00871,CRM
AUS03390,48195 Emily Orchard,Los Angeles,California,United States,04778,CRM
AUS03391,452 Valentine Alley Suite 253,Chicago,Illinois,United States,27490,CRM
AUS03392,4685 Santos Valley Apt. 537,Los Angeles,California,United States,85346,CRM
AUS03393,0329 Austin Ramp Apt. 571,Los Angeles,California,United States,55821,CRM
AUS03394,9905 John Street Apt. 808,Phoenix,Arizona,United States,21155,CRM
AUS03395,468 Thompson Drives Apt. 280,Phoenix,Arizona,United States,36313,CRM
AUS03396,240 Amber Dam Apt. 607,Houston,Texas,United States,23776,CRM
AUS03397,04120 Alyssa Curve Suite 977,Chicago,Illinois,United States,74687,CRM
AUS03398,207 Roth Grove,Houston,Texas,United States,47977,CRM
AUS03399,0484 Patrick Square,Los Angeles,California,United States,21493,CRM
AUS03400,244 Hoffman Curve,Phoenix,Arizona,United States,22677,CRM
AUS03401,4745 Barrett Via Apt. 022,New York,New York,United States,43193,CRM
AUS03402,9514 Brown Spur,Chicago,Illinois,United States,61566,CRM
AUS03403,680 Baker Plain Suite 077,New York,New York,United States,80107,CRM
AUS03404,916 Strong Well,Houston,Texas,United States,05520,CRM
AUS03405,4830 Amanda Manor,Houston,Texas,United States,70499,CRM
AUS03406,199 Scott Cape,Los Angeles,California,United States,82868,CRM
AUS03407,4421 Bell Field,New York,New York,United States,65072,CRM
AUS03408,3962 Chambers View Apt. 262,Chicago,Illinois,United States,65691,CRM
AUS03409,71451 Brett Flat,Houston,Texas,United States,79219,CRM
AUS03410,486 Waters Pike Suite 276,Los Angeles,California,United States,05135,CRM
AUS03411,88902 Bradley Spurs Suite 802,Houston,Texas,United States,86502,CRM
AUS03412,2148 Austin Green,Los Angeles,California,United States,71670,CRM
AUS03413,169 Hannah Roads,Phoenix,Arizona,United States,14705,CRM
AUS03414,7667 Mccoy Way Apt. 173,Houston,Texas,United States,99259,CRM
AUS03415,32238 Rose Cliff Suite 447,Chicago,Illinois,United States,27079,CRM
AUS03416,9916 Johnson Island Suite 060,Phoenix,Arizona,United States,13064,CRM
AUS03417,20221 Jordan Vista,Phoenix,Arizona,United States,40134,CRM
AUS03418,8573 Caitlin Crescent,New York,New York,United States,17427,CRM
AUS03419,253 Boone Inlet,Houston,Texas,United States,14415,CRM
AUS03420,8719 Christy Mount Suite 732,Los Angeles,California,United States,71194,CRM
AUS03421,0636 Aimee Locks,Houston,Texas,United States,31055,CRM
AUS03422,6270 Jerome Hollow Apt. 748,Chicago,Illinois,United States,05105,CRM
AUS03423,0028 Richard Coves Suite 457,New York,New York,United States,36551,CRM
AUS03424,5240 Mary Springs Suite 890,Chicago,Illinois,United States,21701,CRM
AUS03425,2895 Gonzalez Shore Suite 837,Phoenix,Arizona,United States,88491,CRM
AUS03426,126 Graham Corners,New York,New York,United States,21396,CRM
AUS03427,3020 Tracy Walk Apt. 967,Chicago,Illinois,United States,50932,CRM
AUS03428,3229 Kelley Corner,New York,New York,United States,42268,CRM
AUS03429,634 Michelle Union,Houston,Texas,United States,47865,CRM
AUS03430,22696 Griffith Vista,Chicago,Illinois,United States,97675,CRM
AUS03431,79304 Garcia Extensions,Phoenix,Arizona,United States,21114,CRM
AUS03432,39709 Taylor Locks,Houston,Texas,United States,52563,CRM
AUS03433,74009 Jacobs Ville,Houston,Texas,United States,24307,CRM
AUS03434,85050 Pierce Freeway,Los Angeles,California,United States,16744,CRM
AUS03435,72214 Paul Rapid Apt. 504,Los Angeles,California,United States,09240,CRM
AUS03436,970 William Ridge Apt. 374,Houston,Texas,United States,05844,CRM
AUS03437,412 Miller Avenue,Houston,Texas,United States,44059,CRM
AUS03438,7436 Morris Port Suite 484,New York,New York,United States,81663,CRM
AUS03439,3531 Kristine Vista,Houston,Texas,United States,11533,CRM
AUS03440,3902 Myers Expressway,Chicago,Illinois,United States,46226,CRM
AUS03441,243 Kelly Extensions,Houston,Texas,United States,45753,CRM
AUS03442,06138 Bryant Courts Apt. 296,Phoenix,Arizona,United States,51416,CRM
AUS03443,3402 Joshua Trail,Phoenix,Arizona,United States,08547,CRM
AUS03444,020 Jordan Mews,Los Angeles,California,United States,58263,CRM
AUS03445,060 Nguyen Oval Suite 335,Houston,Texas,United States,93087,CRM
AUS03446,232 Atkins Curve Apt. 471,New York,New York,United States,47706,CRM
AUS03447,033 Brian Ford Suite 194,Houston,Texas,United States,35642,CRM
AUS03448,4911 Catherine Fields,Los Angeles,California,United States,27648,CRM
AUS03449,4238 Schaefer Plains Apt. 754,Los Angeles,California,United States,60225,CRM
AUS03450,20842 Young Mill Apt. 653,Chicago,Illinois,United States,78665,CRM
AUS03451,8182 Felicia Station Apt. 342,Chicago,Illinois,United States,10672,CRM
AUS03452,19788 Marc Harbors Suite 155,New York,New York,United States,91297,CRM
AUS03453,347 Diane Plaza,Houston,Texas,United States,23837,CRM
AUS03454,085 Robert Views Apt. 845,Los Angeles,California,United States,28169,CRM
AUS03455,92223 Coleman Rapid Apt. 912,Chicago,Illinois,United States,41685,CRM
AUS03456,80383 Amanda Square Suite 936,New York,New York,United States,95688,CRM
AUS03457,486 Shaw Harbor,Chicago,Illinois,United States,93318,CRM
AUS03458,5455 Cantrell Court,Phoenix,Arizona,United States,51132,CRM
AUS03459,91850 Alexandra Islands,Los Angeles,California,United States,25347,CRM
AUS03460,8984 Dawson Tunnel Suite 247,New York,New York,United States,43249,CRM
AUS03461,172 Bradley Glen,New York,New York,United States,73067,CRM
AUS03462,3231 Allison Alley Apt. 926,New York,New York,United States,51661,CRM
AUS03463,2986 Zachary Trail Suite 153,Phoenix,Arizona,United States,60327,CRM
AUS03464,1619 Tammy Springs Suite 014,Los Angeles,California,United States,00743,CRM
AUS03465,92078 Kara Shoals Apt. 935,Phoenix,Arizona,United States,65987,CRM
AUS03466,38701 Steven Stream Suite 820,Phoenix,Arizona,United States,70954,CRM
AUS03467,64167 Amanda Highway Suite 933,Chicago,Illinois,United States,68770,CRM
AUS03468,84630 Newman Inlet Suite 292,Chicago,Illinois,United States,66071,CRM
AUS03469,86658 Duran Parks,Phoenix,Arizona,United States,73462,CRM
AUS03470,9620 Paul Brook,New York,New York,United States,06583,CRM
AUS03471,7764 Rodriguez Estates Suite 505,Phoenix,Arizona,United States,08689,CRM
AUS03472,34265 Torres Flats Suite 948,Chicago,Illinois,United States,95057,CRM
AUS03473,5968 Andrews Green Apt. 422,Houston,Texas,United States,06301,CRM
AUS03474,5849 Eric Vista Suite 227,New York,New York,United States,66071,CRM
AUS03475,00619 Christopher Court,Phoenix,Arizona,United States,43462,CRM
AUS03476,231 Abigail Harbor Suite 930,Phoenix,Arizona,United States,56996,CRM
AUS03477,43235 Danny Fort Suite 400,New York,New York,United States,98959,CRM
AUS03478,5716 Perez Alley Suite 158,Los Angeles,California,United States,62245,CRM
AUS03479,46552 Jason Radial Apt. 757,Houston,Texas,United States,90510,CRM
AUS03480,84309 Anthony Circles,New York,New York,United States,29716,CRM
AUS03481,558 Chavez Plain,Chicago,Illinois,United States,91822,CRM
AUS03482,4472 Freeman Pike,Houston,Texas,United States,81983,CRM
AUS03483,21704 Charles Lake Suite 158,Chicago,Illinois,United States,43735,CRM
AUS03484,1048 Richardson Islands,Phoenix,Arizona,United States,47002,CRM
AUS03485,9939 Russell Pine Suite 988,Chicago,Illinois,United States,46217,CRM
AUS03486,3995 Michael Stream,Chicago,Illinois,United States,60358,CRM
AUS03487,3310 Hess Mission,New York,New York,United States,07830,CRM
AUS03488,98366 Lori Mountains Suite 413,Los Angeles,California,United States,38433,CRM
AUS03489,0708 Jennifer Gateway Suite 810,Chicago,Illinois,United States,45447,CRM
AUS03490,13475 Stewart Walk Apt. 468,New York,New York,United States,58125,CRM
AUS03491,248 Prince Lights Apt. 856,New York,New York,United States,37933,CRM
AUS03492,64039 Cassandra Fields,Houston,Texas,United States,27198,CRM
AUS03493,10054 Isaiah Canyon Suite 328,Houston,Texas,United States,76237,CRM
AUS03494,8958 Hill Extension,Houston,Texas,United States,57442,CRM
AUS03495,422 Christopher Extension,Los Angeles,California,United States,74338,CRM
AUS03496,269 Williams Causeway Suite 065,Los Angeles,California,United States,68073,CRM
AUS03497,77952 Austin Prairie,Los Angeles,California,United States,10311,CRM
AUS03498,7535 Edwards Overpass Apt. 424,Los Angeles,California,United States,36692,CRM
AUS03499,8286 Melinda Place Apt. 475,Chicago,Illinois,United States,78311,CRM
AUS03500,9342 Julie Cape,Los Angeles,California,United States,03019,CRM
AUS03501,83013 Anderson Mountain Suite 332,Phoenix,Arizona,United States,56286,CRM
AUS03502,7395 Diana Plains Apt. 064,Los Angeles,California,United States,56633,CRM
AUS03503,73103 Santos Lights Apt. 340,Phoenix,Arizona,United States,94932,CRM
AUS03504,9205 Barker Corner,New York,New York,United States,80003,CRM
AUS03505,413 Tracey Mission Apt. 595,Los Angeles,California,United States,87361,CRM
AUS03506,55316 Myers Shore,New York,New York,United States,64071,CRM
AUS03507,9311 Allen Forge,Phoenix,Arizona,United States,19079,CRM
AUS03508,069 Pratt Spur Suite 123,Los Angeles,California,United States,86699,CRM
AUS03509,596 Beth Islands Suite 473,New York,New York,United States,40979,CRM
AUS03510,412 White Overpass,New York,New York,United States,54413,CRM
AUS03511,96022 Moran River,Houston,Texas,United States,82976,CRM
AUS03512,6458 Jason Brooks,New York,New York,United States,07906,CRM
AUS03513,38224 Danielle Spur,Houston,Texas,United States,16387,CRM
AUS03514,945 Cole Causeway Suite 501,Chicago,Illinois,United States,87885,CRM
AUS03515,673 Wolfe Station,New York,New York,United States,38185,CRM
AUS03516,54813 Antonio Greens,Phoenix,Arizona,United States,76881,CRM
AUS03517,3900 Jonathan Square,Houston,Texas,United States,69399,CRM
AUS03518,30094 Christina Junctions,Houston,Texas,United States,99762,CRM
AUS03519,15037 Benjamin Neck Suite 247,Phoenix,Arizona,United States,29124,CRM
AUS03520,613 Cobb Estates,Houston,Texas,United States,22648,CRM
AUS03521,078 James Mountains Apt. 358,Phoenix,Arizona,United States,89942,CRM
AUS03522,90669 Thomas Stravenue,Phoenix,Arizona,United States,99800,CRM
AUS03523,8721 Alvarez Mills,Los Angeles,California,United States,53766,CRM
AUS03524,5715 Jesus View Apt. 756,Phoenix,Arizona,United States,08674,CRM
AUS03525,858 Smith Fort Suite 425,Chicago,Illinois,United States,20210,CRM
AUS03526,9455 Patel Trafficway Suite 798,New York,New York,United States,91398,CRM
AUS03527,21842 Perez Drives,New York,New York,United States,21139,CRM
AUS03528,861 Shawna Inlet Suite 122,New York,New York,United States,16092,CRM
AUS03529,980 Alexander Highway Suite 072,Houston,Texas,United States,84127,CRM
AUS03530,6616 Sullivan Route,Phoenix,Arizona,United States,13828,CRM
AUS03531,47992 Jason Motorway,New York,New York,United States,32374,CRM
AUS03532,71612 Tracey Cliff,New York,New York,United States,92804,CRM
AUS03533,515 Martin Curve,Phoenix,Arizona,United States,58719,CRM
AUS03534,35538 Lewis Dam,Houston,Texas,United States,80189,CRM
AUS03535,27310 Michelle Key Suite 237,Chicago,Illinois,United States,66139,CRM
AUS03536,85667 Michael Turnpike,Houston,Texas,United States,94943,CRM
AUS03537,02652 Mitchell Stream,Houston,Texas,United States,95740,CRM
AUS03538,28166 Deborah Flats,New York,New York,United States,30118,CRM
AUS03539,902 Katherine Stream Apt. 169,Los Angeles,California,United States,42174,CRM
AUS03540,8792 Hale Prairie,New York,New York,United States,28949,CRM
AUS03541,50552 Romero Pike Suite 022,Houston,Texas,United States,71871,CRM
AUS03542,06707 Kyle Ports,New York,New York,United States,90759,CRM
AUS03543,7554 Brianna Viaduct Apt. 078,New York,New York,United States,66673,CRM
AUS03544,981 Danielle Field,New York,New York,United States,14114,CRM
AUS03545,633 Lisa Inlet,Houston,Texas,United States,91892,CRM
AUS03546,3959 Catherine Harbor Suite 982,Phoenix,Arizona,United States,72327,CRM
AUS03547,78121 Sara Ports Suite 850,Los Angeles,California,United States,10226,CRM
AUS03548,678 Bennett Prairie,Chicago,Illinois,United States,18125,CRM
AUS03549,108 Mcbride Plains Suite 787,Phoenix,Arizona,United States,55404,CRM
AUS03550,384 Elliott Shore,Phoenix,Arizona,United States,60043,CRM
AUS03551,92816 Gonzalez Road Suite 794,New York,New York,United States,49469,CRM
AUS03552,07318 Angel Parkway,Los Angeles,California,United States,79811,CRM
AUS03553,5239 Johnson Mills,Houston,Texas,United States,35286,CRM
AUS03554,24920 Andrew Vista Apt. 549,Chicago,Illinois,United States,17195,CRM
AUS03555,608 Leah Walks Apt. 700,Chicago,Illinois,United States,75989,CRM
AUS03556,5698 Monique Square Suite 594,Chicago,Illinois,United States,50041,CRM
AUS03557,8394 Montgomery Rue,Chicago,Illinois,United States,30107,CRM
AUS03558,8750 Tyler Plaza,Los Angeles,California,United States,00847,CRM
AUS03559,1143 Brown Turnpike,Phoenix,Arizona,United States,62238,CRM
AUS03560,999 Murphy Trail Suite 952,Houston,Texas,United States,09875,CRM
AUS03561,79949 Quinn Keys Apt. 582,Houston,Texas,United States,68952,CRM
AUS03562,153 Frye Inlet Apt. 287,New York,New York,United States,44643,CRM
AUS03563,704 Wendy Landing Suite 730,Phoenix,Arizona,United States,99932,CRM
AUS03564,352 Timothy Springs Apt. 576,New York,New York,United States,40801,CRM
AUS03565,8963 Zachary Drives Apt. 749,Phoenix,Arizona,United States,45997,CRM
AUS03566,7776 Anthony Courts,New York,New York,United States,84203,CRM
AUS03567,8581 Victor Gardens,New York,New York,United States,73520,CRM
AUS03568,573 Clark Meadows,New York,New York,United States,54298,CRM
AUS03569,49701 Holmes Mews Apt. 368,Houston,Texas,United States,70137,CRM
AUS03570,046 Figueroa Passage,Houston,Texas,United States,54720,CRM
AUS03571,62594 Norton Hills Suite 095,Houston,Texas,United States,33467,CRM
AUS03572,0988 Sandra Drive Apt. 375,Chicago,Illinois,United States,86196,CRM
AUS03573,04845 Antonio Unions,Chicago,Illinois,United States,94526,CRM
AUS03574,058 Smith Trafficway Suite 710,Los Angeles,California,United States,76001,CRM
AUS03575,0743 Smith Mission,Chicago,Illinois,United States,97141,CRM
AUS03576,288 Morgan Underpass,Chicago,Illinois,United States,18088,CRM
AUS03577,41597 Martin Dam,New York,New York,United States,77341,CRM
AUS03578,114 David Motorway Suite 708,Phoenix,Arizona,United States,83835,CRM
AUS03579,25518 Mary Camp Apt. 189,Phoenix,Arizona,United States,03157,CRM
AUS03580,5677 Hernandez Road,Los Angeles,California,United States,07228,CRM
AUS03581,225 Kristopher Lodge,Chicago,Illinois,United States,02827,CRM
AUS03582,135 Moore Plains,New York,New York,United States,27389,CRM
AUS03583,26694 Jeremy Burgs Suite 264,Los Angeles,California,United States,60093,CRM
AUS03584,886 Timothy Forge Suite 216,Los Angeles,California,United States,24063,CRM
AUS03585,465 Chelsea Path Suite 303,New York,New York,United States,74803,CRM
AUS03586,73844 Gwendolyn Loop,Houston,Texas,United States,88473,CRM
AUS03587,58251 Alexander Flats Apt. 148,Phoenix,Arizona,United States,07271,CRM
AUS03588,77120 Nelson Streets,Chicago,Illinois,United States,70213,CRM
AUS03589,412 Stephanie Greens,Houston,Texas,United States,50674,CRM
AUS03590,367 Hale Bypass,Houston,Texas,United States,15148,CRM
AUS03591,11952 Amanda Lake,Phoenix,Arizona,United States,29436,CRM
AUS03592,925 Wong Squares Suite 967,Phoenix,Arizona,United States,02432,CRM
AUS03593,772 Justin Key,Los Angeles,California,United States,28814,CRM
AUS03594,005 Delacruz Meadow,New York,New York,United States,84931,CRM
AUS03595,282 Karen Street Apt. 283,New York,New York,United States,12259,CRM
AUS03596,168 Johnston Well Suite 408,Chicago,Illinois,United States,50113,CRM
AUS03597,43486 Stacy Burg,Phoenix,Arizona,United States,41915,CRM
AUS03598,66309 Robert Fields Suite 138,New York,New York,United States,67498,CRM
AUS03599,625 Anthony Points,Chicago,Illinois,United States,56127,CRM
AUS03600,1449 Santos Shores Apt. 267,New York,New York,United States,41571,CRM
AUS03601,9930 Steele Via,Phoenix,Arizona,United States,70780,CRM
AUS03602,02741 Sutton Mall Apt. 072,Phoenix,Arizona,United States,01589,CRM
AUS03603,70194 Thornton Vista,Houston,Texas,United States,85840,CRM
AUS03604,627 John Loop Suite 130,Phoenix,Arizona,United States,61466,CRM
AUS03605,412 Wilson Extension Apt. 179,Chicago,Illinois,United States,30165,CRM
AUS03606,3751 Jose Radial Suite 170,New York,New York,United States,87480,CRM
AUS03607,62708 Watkins Way,New York,New York,United States,40139,CRM
AUS03608,19125 Madden Parks Apt. 371,Chicago,Illinois,United States,27703,CRM
AUS03609,43765 Taylor Mountains Suite 233,Houston,Texas,United States,71720,CRM
AUS03610,61224 John Court,Phoenix,Arizona,United States,10444,CRM
AUS03611,4862 Nicole Rest,Los Angeles,California,United States,33690,CRM
AUS03612,75475 Campbell Way Suite 124,New York,New York,United States,54612,CRM
AUS03613,7117 Robin Forest,Chicago,Illinois,United States,78435,CRM
AUS03614,5280 Davis Mountains,Houston,Texas,United States,94454,CRM
AUS03615,7195 John Brook Suite 603,Chicago,Illinois,United States,41057,CRM
AUS03616,0543 Allison Dam,New York,New York,United States,19558,CRM
AUS03617,0650 Ann Plain,New York,New York,United States,34670,CRM
AUS03618,551 Johnson Ferry Suite 825,Chicago,Illinois,United States,03800,CRM
AUS03619,316 Tabitha Turnpike Suite 975,Phoenix,Arizona,United States,49636,CRM
AUS03620,10077 Dawn Burgs Apt. 705,Chicago,Illinois,United States,87153,CRM
AUS03621,3130 Jessica Squares,Chicago,Illinois,United States,68502,CRM
AUS03622,604 Karen Viaduct,Houston,Texas,United States,49451,CRM
AUS03623,2897 Lorraine Inlet Apt. 096,New York,New York,United States,32526,CRM
AUS03624,285 Tammy Mountains Apt. 674,Houston,Texas,United States,32149,CRM
AUS03625,50869 Herrera Expressway Suite 402,Los Angeles,California,United States,75508,CRM
AUS03626,915 Castro Greens,Chicago,Illinois,United States,48911,CRM
AUS03627,6005 Leach Locks,Phoenix,Arizona,United States,72480,CRM
AUS03628,775 Powers Parkway,New York,New York,United States,87913,CRM
AUS03629,47618 Kristin Neck Suite 301,Phoenix,Arizona,United States,40839,CRM
AUS03630,83212 Grant Walks,Los Angeles,California,United States,98546,CRM
AUS03631,75667 Floyd Hills,Houston,Texas,United States,35539,CRM
AUS03632,58755 Jacob Rapid Suite 187,Chicago,Illinois,United States,78387,CRM
AUS03633,6007 Roberts Harbor Apt. 665,Houston,Texas,United States,18618,CRM
AUS03634,4743 William Knolls Suite 969,Phoenix,Arizona,United States,34436,CRM
AUS03635,651 Elizabeth Track Suite 536,Houston,Texas,United States,25053,CRM
AUS03636,107 Craig Manors,Los Angeles,California,United States,79934,CRM
AUS03637,8309 Dorsey Corners,Houston,Texas,United States,69336,CRM
AUS03638,27433 Burton Forges Suite 229,Los Angeles,California,United States,75487,CRM
AUS03639,0386 Bailey Harbor Apt. 850,New York,New York,United States,60415,CRM
AUS03640,56408 Heidi Extension,Chicago,Illinois,United States,98031,CRM
AUS03641,20079 Lisa Dam Suite 082,Houston,Texas,United States,60356,CRM
AUS03642,9378 Valerie Dale Suite 810,Chicago,Illinois,United States,80280,CRM
AUS03643,8883 Taylor Plaza Apt. 647,Houston,Texas,United States,31371,CRM
AUS03644,850 Steven Mission,Phoenix,Arizona,United States,37067,CRM
AUS03645,18636 Smith Vista,Los Angeles,California,United States,41984,CRM
AUS03646,39114 Quinn Extensions,New York,New York,United States,14223,CRM
AUS03647,000 Martinez Branch Suite 295,Phoenix,Arizona,United States,75763,CRM
AUS03648,1469 Jamie Coves Suite 233,Phoenix,Arizona,United States,00618,CRM
AUS03649,02716 Michael Divide Suite 934,Phoenix,Arizona,United States,81873,CRM
AUS03650,450 Garza Islands Suite 000,Houston,Texas,United States,39824,CRM
AUS03651,9360 Sherry Harbor Apt. 954,Los Angeles,California,United States,24631,CRM
AUS03652,857 Christy Mews Suite 171,Phoenix,Arizona,United States,12022,CRM
AUS03653,672 Brady Street Suite 279,Los Angeles,California,United States,65922,CRM
AUS03654,630 Hunt Views Suite 305,Chicago,Illinois,United States,75853,CRM
AUS03655,52361 Sanchez Isle,Los Angeles,California,United States,57804,CRM
AUS03656,0597 Katherine Lights,Houston,Texas,United States,03348,CRM
AUS03657,29178 Hubbard Throughway Apt. 750,New York,New York,United States,10934,CRM
AUS03658,27644 Mark Causeway,New York,New York,United States,44552,CRM
AUS03659,9351 Gentry Crossing,Los Angeles,California,United States,44408,CRM
AUS03660,19895 Hannah View,Phoenix,Arizona,United States,53533,CRM
AUS03661,5980 Hoover Place Suite 407,Houston,Texas,United States,61164,CRM
AUS03662,65354 Stephen Field Apt. 217,Houston,Texas,United States,49717,CRM
AUS03663,31202 Burke Isle Suite 388,Chicago,Illinois,United States,73480,CRM
AUS03664,8036 Powell Pines Apt. 261,Los Angeles,California,United States,92290,CRM
AUS03665,383 Paula Estate,Los Angeles,California,United States,74444,CRM
AUS03666,39515 Dawn Crest Apt. 213,Houston,Texas,United States,82068,CRM
AUS03667,29575 Tamara Keys,Phoenix,Arizona,United States,17068,CRM
AUS03668,696 Cruz Fields,Chicago,Illinois,United States,11642,CRM
AUS03669,217 Lawson Streets Apt. 584,Los Angeles,California,United States,15482,CRM
AUS03670,31541 Theresa Gateway,Phoenix,Arizona,United States,44240,CRM
AUS03671,95083 Harris Parkways,Los Angeles,California,United States,46619,CRM
AUS03672,2593 Shawn Trace Apt. 094,Chicago,Illinois,United States,82459,CRM
AUS03673,4697 Barbara Station,Houston,Texas,United States,55168,CRM
AUS03674,1015 Obrien Walk,Phoenix,Arizona,United States,45442,CRM
AUS03675,876 Autumn Plaza Apt. 346,Los Angeles,California,United States,28926,CRM
AUS03676,943 Michael Mall,Phoenix,Arizona,United States,82165,CRM
AUS03677,69487 Perkins Summit,New York,New York,United States,79325,CRM
AUS03678,264 Williams Coves Apt. 160,New York,New York,United States,27418,CRM
AUS03679,9666 Kathryn Turnpike,Phoenix,Arizona,United States,94607,CRM
AUS03680,5751 Bridget Wells,New York,New York,United States,14346,CRM
AUS03681,096 Wright Brooks Suite 298,New York,New York,United States,18498,CRM
AUS03682,108 White Estates Suite 568,Phoenix,Arizona,United States,91105,CRM
AUS03683,12760 Ramos Hill,Chicago,Illinois,United States,11808,CRM
AUS03684,165 Martinez Cliffs Apt. 424,New York,New York,United States,51958,CRM
AUS03685,958 Walker Radial,Phoenix,Arizona,United States,47864,CRM
AUS03686,71967 Jennifer Unions Suite 051,Chicago,Illinois,United States,26073,CRM
AUS03687,7409 Berg Vista Suite 610,New York,New York,United States,83568,CRM
AUS03688,09754 Shane Plains,Los Angeles,California,United States,40046,CRM
AUS03689,515 William Dale Suite 266,Phoenix,Arizona,United States,97561,CRM
AUS03690,68653 Austin Cliffs Apt. 216,Phoenix,Arizona,United States,39626,CRM
AUS03691,8626 Wise Highway,Los Angeles,California,United States,32121,CRM
AUS03692,92478 Shannon Highway Apt. 305,Los Angeles,California,United States,10355,CRM
AUS03693,367 Mason Inlet Apt. 899,Phoenix,Arizona,United States,47777,CRM
AUS03694,416 Olsen Walks,Houston,Texas,United States,04106,CRM
AUS03695,367 April Ports,Houston,Texas,United States,69363,CRM
AUS03696,396 Adams Lights Suite 192,Los Angeles,California,United States,33063,CRM
AUS03697,1875 Charles Dale,New York,New York,United States,32253,CRM
AUS03698,3468 Gonzalez Canyon Apt. 988,Houston,Texas,United States,41340,CRM
AUS03699,08385 Hernandez Forks,Houston,Texas,United States,22987,CRM
AUS03700,294 David Road,Phoenix,Arizona,United States,49423,CRM
AUS03701,01602 Shane Causeway,Los Angeles,California,United States,29627,CRM
AUS03702,83533 Daniel Pass Apt. 514,New York,New York,United States,14022,CRM
AUS03703,2945 Jamie Island Suite 523,Houston,Texas,United States,20761,CRM
AUS03704,14629 Mary Lane Suite 309,Phoenix,Arizona,United States,84827,CRM
AUS03705,63954 Gonzalez Village Apt. 711,Houston,Texas,United States,88298,CRM
AUS03706,12815 Eric Stravenue Suite 267,Chicago,Illinois,United States,08328,CRM
AUS03707,083 Rodriguez Crescent Suite 178,Los Angeles,California,United States,98325,CRM
AUS03708,14525 Sara Fork Suite 338,Chicago,Illinois,United States,98988,CRM
AUS03709,5870 Kenneth Run,Phoenix,Arizona,United States,19656,CRM
AUS03710,37596 James Alley,New York,New York,United States,47147,CRM
AUS03711,65769 Megan Courts Apt. 024,Los Angeles,California,United States,94896,CRM
AUS03712,56077 Silva Cliff,Phoenix,Arizona,United States,66525,CRM
AUS03713,98823 Stacy Island,New York,New York,United States,72636,CRM
AUS03714,10099 Nicole Summit Suite 408,Houston,Texas,United States,44942,CRM
AUS03715,0742 Martin Trail,Chicago,Illinois,United States,54040,CRM
AUS03716,7101 Jennifer Groves,Chicago,Illinois,United States,16199,CRM
AUS03717,031 Johnson Knolls,Phoenix,Arizona,United States,13252,CRM
AUS03718,0020 Smith Prairie Suite 255,Houston,Texas,United States,59708,CRM
AUS03719,22815 Boyd Corner Apt. 565,Chicago,Illinois,United States,44943,CRM
AUS03720,218 Ebony Wall,New York,New York,United States,57097,CRM
AUS03721,50067 John Mountain,New York,New York,United States,53817,CRM
AUS03722,751 Joseph Gateway Suite 594,Chicago,Illinois,United States,91096,CRM
AUS03723,724 Gillespie Shoal,New York,New York,United States,81606,CRM
AUS03724,7215 Donna Square Suite 733,Houston,Texas,United States,39201,CRM
AUS03725,94554 Troy Ridges,Los Angeles,California,United States,06277,CRM
AUS03726,4639 Wood Cliffs,Houston,Texas,United States,15247,CRM
AUS03727,6883 Norma Fields,New York,New York,United States,02696,CRM
AUS03728,354 Jones View,Chicago,Illinois,United States,11713,CRM
AUS03729,76743 Anthony Road,Houston,Texas,United States,58020,CRM
AUS03730,511 Victor Mountain Suite 170,Phoenix,Arizona,United States,20424,CRM
AUS03731,1677 Carrillo Summit Suite 079,Chicago,Illinois,United States,01280,CRM
AUS03732,007 Johnson Underpass Apt. 610,Houston,Texas,United States,44993,CRM
AUS03733,5970 Thomas Lodge,Los Angeles,California,United States,53500,CRM
AUS03734,3988 Castro Drive Suite 707,Los Angeles,California,United States,52085,CRM
AUS03735,92866 Colleen Cove Apt. 045,Phoenix,Arizona,United States,49518,CRM
AUS03736,56495 Barajas Streets Apt. 603,Los Angeles,California,United States,25748,CRM
AUS03737,6698 Jerry Islands Suite 323,Los Angeles,California,United States,46352,CRM
AUS03738,694 Lisa Plaza,Houston,Texas,United States,51255,CRM
AUS03739,8623 Cox Mission Suite 715,Phoenix,Arizona,United States,54747,CRM
AUS03740,02553 Kirk Garden Apt. 224,Chicago,Illinois,United States,69506,CRM
AUS03741,41247 Tara Lights Apt. 921,New York,New York,United States,06920,CRM
AUS03742,0393 Christine Way Suite 919,Phoenix,Arizona,United States,59353,CRM
AUS03743,99115 Shane Gateway Suite 347,Phoenix,Arizona,United States,03802,CRM
AUS03744,429 Melton Underpass Suite 461,Phoenix,Arizona,United States,53463,CRM
AUS03745,5354 Willis Estate,New York,New York,United States,58076,CRM
AUS03746,1481 Butler Square,New York,New York,United States,87331,CRM
AUS03747,91502 Christina Port Apt. 164,Phoenix,Arizona,United States,81736,CRM
AUS03748,0937 Richard Falls,Los Angeles,California,United States,47984,CRM
AUS03749,9117 Janet Turnpike,Houston,Texas,United States,14558,CRM
AUS03750,4898 Briggs Fork,Phoenix,Arizona,United States,78199,CRM
AUS03751,249 Monica Mills,Los Angeles,California,United States,66929,CRM
AUS03752,6660 Janet Plaza,Houston,Texas,United States,01594,CRM
AUS03753,35663 May Cliff Suite 018,Houston,Texas,United States,21985,CRM
AUS03754,398 Brianna Vista Suite 737,Houston,Texas,United States,03299,CRM
AUS03755,807 Michael Ways Suite 385,Los Angeles,California,United States,37163,CRM
AUS03756,21722 Allison Course Suite 670,Houston,Texas,United States,84919,CRM
AUS03757,20959 Jones Curve,Chicago,Illinois,United States,28452,CRM
AUS03758,90330 Renee Drive,Los Angeles,California,United States,03845,CRM
AUS03759,77475 Ho Plain,Houston,Texas,United States,80844,CRM
AUS03760,455 Aguilar Turnpike Apt. 302,Chicago,Illinois,United States,05142,CRM
AUS03761,63653 Stephenson Prairie Suite 113,Houston,Texas,United States,01331,CRM
AUS03762,8090 Reed Ports Suite 858,Chicago,Illinois,United States,12214,CRM
AUS03763,11094 Nelson Ranch,Houston,Texas,United States,12255,CRM
AUS03764,7876 Christian Ways,Phoenix,Arizona,United States,73060,CRM
AUS03765,873 Collins Summit Apt. 793,Los Angeles,California,United States,28161,CRM
AUS03766,2039 Danielle Road Suite 580,Houston,Texas,United States,61970,CRM
AUS03767,62174 Edwin Stravenue,Phoenix,Arizona,United States,59500,CRM
AUS03768,6682 Jose Loaf,Phoenix,Arizona,United States,18192,CRM
AUS03769,198 Brent Pine,Chicago,Illinois,United States,25166,CRM
AUS03770,4033 Pittman Street Suite 339,Houston,Texas,United States,15712,CRM
AUS03771,960 Sara Mission,New York,New York,United States,44700,CRM
AUS03772,41390 Brenda Key Suite 008,Phoenix,Arizona,United States,84189,CRM
AUS03773,50160 Sharon Wall,Phoenix,Arizona,United States,58135,CRM
AUS03774,5895 Jason Alley Apt. 794,Chicago,Illinois,United States,94721,CRM
AUS03775,06784 Juan Crossing,Houston,Texas,United States,49531,CRM
AUS03776,48649 Daniel Turnpike,Phoenix,Arizona,United States,55682,CRM
AUS03777,8348 Christina Lodge,Los Angeles,California,United States,64230,CRM
AUS03778,546 Kelly Oval,Chicago,Illinois,United States,52813,CRM
AUS03779,62077 Carter Falls Suite 813,Houston,Texas,United States,24123,CRM
AUS03780,63753 Taylor Parks Apt. 630,Chicago,Illinois,United States,33276,CRM
AUS03781,75444 Diana Mount Apt. 796,Chicago,Illinois,United States,72711,CRM
AUS03782,8929 Russell Club,Los Angeles,California,United States,10711,CRM
AUS03783,8684 Taylor Centers,Los Angeles,California,United States,60009,CRM
AUS03784,812 Nicole Ford Apt. 542,Los Angeles,California,United States,87927,CRM
AUS03785,073 Walker Bypass,New York,New York,United States,72174,CRM
AUS03786,362 Dickerson Road,Chicago,Illinois,United States,36788,CRM
AUS03787,6424 Howe Valley,New York,New York,United States,38857,CRM
AUS03788,894 Matthew Fords Suite 479,Chicago,Illinois,United States,78078,CRM
AUS03789,105 Cain Fields,Houston,Texas,United States,40253,CRM
AUS03790,4983 Jennifer Island,New York,New York,United States,98567,CRM
AUS03791,40741 Briggs Walk Apt. 045,Houston,Texas,United States,17011,CRM
AUS03792,9446 Woods Locks Apt. 940,New York,New York,United States,94395,CRM
AUS03793,14927 Khan Row,Phoenix,Arizona,United States,12991,CRM
AUS03794,9726 Michael Square Apt. 867,Los Angeles,California,United States,01359,CRM
AUS03795,2122 Justin Fields,Phoenix,Arizona,United States,53414,CRM
AUS03796,935 Jose Lodge Apt. 623,Phoenix,Arizona,United States,65666,CRM
AUS03797,956 Nichols Landing Suite 805,Chicago,Illinois,United States,35435,CRM
AUS03798,80565 Joel Forge,New York,New York,United States,99328,CRM
AUS03799,9230 Brittany Courts,New York,New York,United States,14497,CRM
AUS03800,8897 Keith Knolls Suite 514,Houston,Texas,United States,19444,CRM
AUS03801,166 Beltran Corner,Los Angeles,California,United States,01483,CRM
AUS03802,72860 Kevin Pike Apt. 697,New York,New York,United States,94102,CRM
AUS03803,06026 Tanya Extensions,Los Angeles,California,United States,36444,CRM
AUS03804,01133 Margaret Meadows,Phoenix,Arizona,United States,88161,CRM
AUS03805,025 Curtis Bridge,Phoenix,Arizona,United States,76384,CRM
AUS03806,197 Bullock Shores Apt. 984,Phoenix,Arizona,United States,98827,CRM
AUS03807,79979 Amanda Bridge Apt. 283,Chicago,Illinois,United States,10165,CRM
AUS03808,089 Sharon Cove,New York,New York,United States,40596,CRM
AUS03809,3819 David Cliff Apt. 642,Phoenix,Arizona,United States,09805,CRM
AUS03810,94057 Ramirez Lakes,Phoenix,Arizona,United States,87731,CRM
AUS03811,728 Richardson Alley Suite 291,Houston,Texas,United States,37367,CRM
AUS03812,57013 Stephen Keys Apt. 610,Phoenix,Arizona,United States,62398,CRM
AUS03813,97814 Jonathan Corner Suite 213,Los Angeles,California,United States,82208,CRM
AUS03814,86026 Daniels Manors,Phoenix,Arizona,United States,28244,CRM
AUS03815,9304 Andrea Route Suite 472,Houston,Texas,United States,60794,CRM
AUS03816,021 Gomez Villages Apt. 477,Chicago,Illinois,United States,84184,CRM
AUS03817,02133 James Cape,Phoenix,Arizona,United States,38146,CRM
AUS03818,401 Spencer Land Apt. 491,New York,New York,United States,53696,CRM
AUS03819,5167 Coleman Mill,Los Angeles,California,United States,97166,CRM
AUS03820,05063 Denise Cape,Phoenix,Arizona,United States,00646,CRM
AUS03821,590 Branch Fort Suite 635,Chicago,Illinois,United States,56596,CRM
AUS03822,015 Bishop Gardens Suite 575,Chicago,Illinois,United States,65515,CRM
AUS03823,851 Thompson Knoll Suite 348,Phoenix,Arizona,United States,29571,CRM
AUS03824,145 Scott Bypass,Phoenix,Arizona,United States,54149,CRM
AUS03825,22716 Mcguire Stream Suite 677,Houston,Texas,United States,96573,CRM
AUS03826,728 Brittney Court Suite 435,Chicago,Illinois,United States,51601,CRM
AUS03827,8410 Cox Park,Phoenix,Arizona,United States,40672,CRM
AUS03828,611 Johnston Meadows Apt. 053,Chicago,Illinois,United States,56131,CRM
AUS03829,8537 Simmons Trail,Phoenix,Arizona,United States,05834,CRM
AUS03830,4883 Holloway Streets Suite 513,New York,New York,United States,46093,CRM
AUS03831,9704 Calhoun Plaza,Los Angeles,California,United States,63757,CRM
AUS03832,78698 Rios Junction,Chicago,Illinois,United States,26432,CRM
AUS03833,61989 Bray Brooks,Houston,Texas,United States,24793,CRM
AUS03834,145 Jones Gateway,Los Angeles,California,United States,91376,CRM
AUS03835,53956 Kevin Circle,Houston,Texas,United States,59236,CRM
AUS03836,193 Rachel Streets,Los Angeles,California,United States,11250,CRM
AUS03837,18240 Duarte Shoal,Chicago,Illinois,United States,07978,CRM
AUS03838,46396 Nunez Shoals Suite 382,New York,New York,United States,61436,CRM
AUS03839,5845 Castro Locks Suite 173,Los Angeles,California,United States,46189,CRM
AUS03840,773 Thompson Extensions,Chicago,Illinois,United States,81753,CRM
AUS03841,61877 Mahoney Curve,Chicago,Illinois,United States,46591,CRM
AUS03842,5923 Williams Grove,Phoenix,Arizona,United States,67093,CRM
AUS03843,65919 Justin Walk,New York,New York,United States,79305,CRM
AUS03844,55264 Kimberly Mountains Apt. 719,Chicago,Illinois,United States,10875,CRM
AUS03845,559 Moore Spring Apt. 774,New York,New York,United States,65476,CRM
AUS03846,6791 Combs Drive Suite 004,New York,New York,United States,80494,CRM
AUS03847,86927 Weaver Cliff Suite 161,New York,New York,United States,95067,CRM
AUS03848,181 Gonzales Rest,Phoenix,Arizona,United States,84449,CRM
AUS03849,3558 Santiago Fields,Los Angeles,California,United States,42729,CRM
AUS03850,103 Collier Forges Apt. 542,New York,New York,United States,73602,CRM
AUS03851,05974 Haley Knoll Apt. 561,Chicago,Illinois,United States,95561,CRM
AUS03852,27347 Monica Extension,Houston,Texas,United States,26762,CRM
AUS03853,10222 Stephen Wells Apt. 511,Phoenix,Arizona,United States,50526,CRM
AUS03854,919 Alexis Trafficway,Phoenix,Arizona,United States,18594,CRM
AUS03855,4993 Haley Cliffs,New York,New York,United States,09409,CRM
AUS03856,460 Santiago Estates,Phoenix,Arizona,United States,57512,CRM
AUS03857,9029 Rodriguez Port,Chicago,Illinois,United States,12013,CRM
AUS03858,79141 Matthew Court,Los Angeles,California,United States,93637,CRM
AUS03859,2968 Jessica Mountain,Houston,Texas,United States,42996,CRM
AUS03860,4101 Carolyn Crescent,New York,New York,United States,11185,CRM
AUS03861,1109 Melissa Union,Los Angeles,California,United States,06313,CRM
AUS03862,11336 Aaron Views Apt. 086,Los Angeles,California,United States,05666,CRM
AUS03863,878 Steve Coves Suite 469,Los Angeles,California,United States,60141,CRM
AUS03864,3042 Miller Neck Suite 852,Chicago,Illinois,United States,67302,CRM
AUS03865,4996 Lori Crossing,New York,New York,United States,24878,CRM
AUS03866,589 Stout Forges Suite 255,New York,New York,United States,59609,CRM
AUS03867,59652 Dawson Ford,Los Angeles,California,United States,38915,CRM
AUS03868,81181 English Falls,Phoenix,Arizona,United States,83486,CRM
AUS03869,1962 Palmer Views,Houston,Texas,United States,66045,CRM
AUS03870,340 Javier Keys,Phoenix,Arizona,United States,29061,CRM
AUS03871,8825 James Fields Apt. 258,Los Angeles,California,United States,91767,CRM
AUS03872,8017 Carroll Center Apt. 687,Los Angeles,California,United States,90417,CRM
AUS03873,59655 Newton Gateway Suite 070,Chicago,Illinois,United States,54321,CRM
AUS03874,64858 Frye Estates Apt. 684,Chicago,Illinois,United States,15351,CRM
AUS03875,329 Mack Walk Suite 722,New York,New York,United States,80152,CRM
AUS03876,9955 Jones Street Suite 784,Chicago,Illinois,United States,30640,CRM
AUS03877,7795 Pena Falls,Chicago,Illinois,United States,61186,CRM
AUS03878,843 Colleen Prairie,Los Angeles,California,United States,19450,CRM
AUS03879,75386 Watts Throughway,Phoenix,Arizona,United States,99895,CRM
AUS03880,61510 Perkins Freeway,Chicago,Illinois,United States,37031,CRM
AUS03881,577 Wendy Haven Suite 292,Los Angeles,California,United States,78037,CRM
AUS03882,0335 Jeffrey Roads,Los Angeles,California,United States,93369,CRM
AUS03883,7987 Sarah Burgs,New York,New York,United States,96886,CRM
AUS03884,820 Robertson Gateway,Houston,Texas,United States,13410,CRM
AUS03885,251 Phillips Keys Suite 605,Houston,Texas,United States,24689,CRM
AUS03886,9133 Hernandez Valleys,Los Angeles,California,United States,51583,CRM
AUS03887,9242 Martin Knoll Apt. 207,Phoenix,Arizona,United States,03505,CRM
AUS03888,668 Elizabeth Squares Apt. 323,Chicago,Illinois,United States,11216,CRM
AUS03889,2186 Stacey Summit Suite 371,New York,New York,United States,04838,CRM
AUS03890,10812 Herring Plain Apt. 297,Phoenix,Arizona,United States,51314,CRM
AUS03891,17391 Ferguson Oval,New York,New York,United States,42246,CRM
AUS03892,088 Matthew Hollow Suite 023,Los Angeles,California,United States,15015,CRM
AUS03893,94087 Nolan Corners Suite 311,Los Angeles,California,United States,92413,CRM
AUS03894,706 Emily Viaduct,Phoenix,Arizona,United States,92306,CRM
AUS03895,506 Chad Estates,Houston,Texas,United States,12271,CRM
AUS03896,74414 Powell Square,New York,New York,United States,68002,CRM
AUS03897,2974 Jennifer Inlet Apt. 929,Chicago,Illinois,United States,07082,CRM
AUS03898,28399 Alexander Green Apt. 647,New York,New York,United States,33494,CRM
AUS03899,978 Stephanie Keys Apt. 136,Phoenix,Arizona,United States,01012,CRM
AUS03900,896 Jones Knoll Suite 186,Los Angeles,California,United States,51896,CRM
AUS03901,411 Nicholas Field Apt. 639,New York,New York,United States,55137,CRM
AUS03902,71433 John Squares Suite 214,Chicago,Illinois,United States,62785,CRM
AUS03903,397 Mcgee Stravenue Apt. 896,Chicago,Illinois,United States,72878,CRM
AUS03904,46225 Amber Islands Suite 900,Chicago,Illinois,United States,25233,CRM
AUS03905,71543 Bailey Lane Apt. 875,Los Angeles,California,United States,67373,CRM
AUS03906,5048 Melanie Walk,Chicago,Illinois,United States,26579,CRM
AUS03907,583 Velazquez Freeway,Chicago,Illinois,United States,80995,CRM
AUS03908,13520 Jeanette Pike,Phoenix,Arizona,United States,73515,CRM
AUS03909,59504 Charles Locks,Houston,Texas,United States,84438,CRM
AUS03910,89956 Edward Brook,New York,New York,United States,29555,CRM
AUS03911,9672 Ortiz Harbor,Chicago,Illinois,United States,96388,CRM
AUS03912,3132 Dylan Junction,Phoenix,Arizona,United States,21982,CRM
AUS03913,369 Amy Extension,Chicago,Illinois,United States,43756,CRM
AUS03914,0213 Denise Key,New York,New York,United States,54391,CRM
AUS03915,544 Clayton Court Apt. 484,Chicago,Illinois,United States,82676,CRM
AUS03916,1673 Jacqueline Park Apt. 051,Phoenix,Arizona,United States,99120,CRM
AUS03917,0634 Dean Camp Suite 466,Houston,Texas,United States,87807,CRM
AUS03918,4763 Michael Flat,New York,New York,United States,08837,CRM
AUS03919,73221 Shelby Glen Suite 588,Houston,Texas,United States,59498,CRM
AUS03920,09457 Zavala Port Apt. 022,Phoenix,Arizona,United States,92846,CRM
AUS03921,1496 Wayne Overpass Apt. 705,New York,New York,United States,12569,CRM
AUS03922,04471 Williams Courts Suite 294,Phoenix,Arizona,United States,64043,CRM
AUS03923,570 David Vista,Los Angeles,California,United States,85476,CRM
AUS03924,04358 Bryan Shoal Suite 518,Chicago,Illinois,United States,99241,CRM
AUS03925,858 Alison Loaf Apt. 378,Phoenix,Arizona,United States,05473,CRM
AUS03926,985 Nguyen Forest Suite 230,Phoenix,Arizona,United States,45635,CRM
AUS03927,7428 Turner Mount,New York,New York,United States,96262,CRM
AUS03928,098 Emily Inlet,Chicago,Illinois,United States,02061,CRM
AUS03929,282 Ashley Falls,Houston,Texas,United States,14652,CRM
AUS03930,29569 Jermaine Hills Suite 640,Los Angeles,California,United States,68163,CRM
AUS03931,2154 Levy Shoals,Chicago,Illinois,United States,52826,CRM
AUS03932,087 Lynn Orchard Apt. 985,Houston,Texas,United States,36678,CRM
AUS03933,61015 Terri Ports,Los Angeles,California,United States,33247,CRM
AUS03934,7145 Joseph Locks,Phoenix,Arizona,United States,49068,CRM
AUS03935,12440 Jacobson Harbors Apt. 409,Houston,Texas,United States,32691,CRM
AUS03936,673 Cruz Inlet,Phoenix,Arizona,United States,56744,CRM
AUS03937,5799 Smith Junctions,New York,New York,United States,54584,CRM
AUS03938,27144 Luis Points,Phoenix,Arizona,United States,36205,CRM
AUS03939,518 Fisher Parks,Houston,Texas,United States,83878,CRM
AUS03940,40149 Mathews Mission Suite 693,Phoenix,Arizona,United States,25746,CRM
AUS03941,60812 Hall Union,Los Angeles,California,United States,39509,CRM
AUS03942,9351 Serrano Drives,New York,New York,United States,40797,CRM
AUS03943,2128 Williams Brook Suite 545,Phoenix,Arizona,United States,39835,CRM
AUS03944,321 Ruiz Stravenue Apt. 156,Houston,Texas,United States,55518,CRM
AUS03945,6966 Prince Summit Suite 491,Los Angeles,California,United States,46114,CRM
AUS03946,053 Phelps Tunnel Apt. 235,Los Angeles,California,United States,94581,CRM
AUS03947,49776 Christina Village Suite 652,Phoenix,Arizona,United States,31799,CRM
AUS03948,7160 Scott Radial,Los Angeles,California,United States,16649,CRM
AUS03949,34702 Spencer Bridge Apt. 717,Los Angeles,California,United States,00783,CRM
AUS03950,932 Mary Estate Apt. 949,Chicago,Illinois,United States,40150,CRM
AUS03951,5611 Marie Ramp Suite 117,Los Angeles,California,United States,85816,CRM
AUS03952,42279 Heather Road Suite 021,Los Angeles,California,United States,39058,CRM
AUS03953,3046 Silva Circles,Houston,Texas,United States,50587,CRM
AUS03954,374 Ashley Heights,New York,New York,United States,38970,CRM
AUS03955,79011 Gibson Station Suite 780,Houston,Texas,United States,08819,CRM
AUS03956,75971 Davis Mews,New York,New York,United States,83991,CRM
AUS03957,659 Matthew Brooks Suite 708,Chicago,Illinois,United States,39205,CRM
AUS03958,1867 Keith Islands,New York,New York,United States,89753,CRM
AUS03959,857 Kyle Meadows Apt. 731,Chicago,Illinois,United States,53286,CRM
AUS03960,087 James Glen,Los Angeles,California,United States,40174,CRM
AUS03961,90616 Garza Island Suite 946,Houston,Texas,United States,16386,CRM
AUS03962,3154 Alexandria Manors Suite 747,Houston,Texas,United States,97134,CRM
AUS03963,865 White Turnpike Apt. 108,Los Angeles,California,United States,95923,CRM
AUS03964,829 Jefferson Streets Suite 382,Los Angeles,California,United States,75130,CRM
AUS03965,672 Daniel Field Suite 520,Los Angeles,California,United States,00638,CRM
AUS03966,0704 Brian River Suite 676,Phoenix,Arizona,United States,76268,CRM
AUS03967,7415 Kaitlyn Fords,Los Angeles,California,United States,17145,CRM
AUS03968,01009 Terrence Junction,Phoenix,Arizona,United States,68339,CRM
AUS03969,18591 Sarah Isle Apt. 718,Houston,Texas,United States,11345,CRM
AUS03970,71487 Barrett Road Suite 912,Houston,Texas,United States,27098,CRM
AUS03971,47484 Powell Burgs,Phoenix,Arizona,United States,71881,CRM
AUS03972,78185 Heather Drive Suite 442,Chicago,Illinois,United States,62670,CRM
AUS03973,1314 Miller Isle Apt. 904,Phoenix,Arizona,United States,97080,CRM
AUS03974,23370 Kyle Street Suite 773,Chicago,Illinois,United States,66880,CRM
AUS03975,382 Rodriguez Trail Apt. 775,New York,New York,United States,28580,CRM
AUS03976,232 George Ranch Apt. 530,New York,New York,United States,18047,CRM
AUS03977,5264 Joshua Green,New York,New York,United States,99670,CRM
AUS03978,181 Montoya Ranch,New York,New York,United States,33332,CRM
AUS03979,59635 Dodson Villages,Phoenix,Arizona,United States,05787,CRM
AUS03980,0416 Berry Union,Houston,Texas,United States,57965,CRM
AUS03981,852 Griffin Circles Suite 681,Houston,Texas,United States,93108,CRM
AUS03982,739 Arnold Lights Apt. 013,New York,New York,United States,24226,CRM
AUS03983,5533 Rogers Lock,Houston,Texas,United States,47779,CRM
AUS03984,846 Garcia Parkway Apt. 531,Phoenix,Arizona,United States,36954,CRM
AUS03985,0838 Andre Spurs Suite 903,Houston,Texas,United States,61118,CRM
AUS03986,04315 Taylor Drive Apt. 149,Chicago,Illinois,United States,45421,CRM
AUS03987,35313 Andre Circle Apt. 290,Chicago,Illinois,United States,20280,CRM
AUS03988,2682 William Pine Apt. 154,Los Angeles,California,United States,95490,CRM
AUS03989,12308 Jimmy Locks,Chicago,Illinois,United States,28057,CRM
AUS03990,73284 Kathleen River Suite 006,New York,New York,United States,05999,CRM
AUS03991,8268 Solomon Ridge Suite 340,Phoenix,Arizona,United States,26529,CRM
AUS03992,25679 Calhoun Radial Suite 140,New York,New York,United States,42849,CRM
AUS03993,781 Andrea Mount Apt. 648,Chicago,Illinois,United States,51000,CRM
AUS03994,49726 Burke Path,Chicago,Illinois,United States,01706,CRM
AUS03995,487 Flores Square Suite 834,New York,New York,United States,92414,CRM
AUS03996,30985 Mary Pike Suite 151,Chicago,Illinois,United States,19028,CRM
AUS03997,45836 Lisa Flats Apt. 946,Houston,Texas,United States,83778,CRM
AUS03998,9466 Luis Lights Suite 537,Houston,Texas,United States,64364,CRM
AUS03999,138 Caitlin Walks,New York,New York,United States,96890,CRM
AUS04000,485 Connor Square,Chicago,Illinois,United States,69544,CRM
AUS04001,3440 Zachary Manor,Phoenix,Arizona,United States,79924,CRM
AUS04002,9222 Dawn Hills Suite 751,Phoenix,Arizona,United States,60745,CRM
AUS04003,4164 Christopher Trace,Los Angeles,California,United States,41256,CRM
AUS04004,3729 Brianna Vista Apt. 178,Phoenix,Arizona,United States,71517,CRM
AUS04005,8024 Kristin Well,Houston,Texas,United States,11123,CRM
AUS04006,77208 Lloyd Grove,Los Angeles,California,United States,36632,CRM
AUS04007,96685 Klein Bypass,Phoenix,Arizona,United States,54608,CRM
AUS04008,274 Aaron Drives,Los Angeles,California,United States,21755,CRM
AUS04009,0896 Rosales Squares Apt. 404,Houston,Texas,United States,63318,CRM
AUS04010,05493 Scott Walks Apt. 580,Houston,Texas,United States,31496,CRM
AUS04011,8519 Smith Branch Suite 407,Houston,Texas,United States,86946,CRM
AUS04012,6889 Smith Terrace Apt. 302,Chicago,Illinois,United States,65017,CRM
AUS04013,8969 Hicks Terrace Suite 792,Los Angeles,California,United States,07484,CRM
AUS04014,471 Walton Pike Apt. 319,Chicago,Illinois,United States,13612,CRM
AUS04015,840 Alan Harbors,Phoenix,Arizona,United States,11418,CRM
AUS04016,4244 Rodriguez Overpass Suite 930,New York,New York,United States,53092,CRM
AUS04017,84670 Dixon Spring,Phoenix,Arizona,United States,10232,CRM
AUS04018,487 Benjamin Extensions Apt. 755,Chicago,Illinois,United States,46125,CRM
AUS04019,5305 Jake Harbor Apt. 625,Houston,Texas,United States,34328,CRM
AUS04020,763 Simon Lakes Apt. 980,Phoenix,Arizona,United States,48982,CRM
AUS04021,592 Vickie Pines Suite 603,Houston,Texas,United States,29484,CRM
AUS04022,73184 Lindsay Mill,Phoenix,Arizona,United States,28092,CRM
AUS04023,883 Padilla Junctions,New York,New York,United States,51156,CRM
AUS04024,572 Morales Street Suite 523,Chicago,Illinois,United States,45772,CRM
AUS04025,806 Benjamin Highway,Chicago,Illinois,United States,43883,CRM
AUS04026,26301 Garcia Dale Suite 592,Phoenix,Arizona,United States,15858,CRM
AUS04027,74234 Lindsey Roads,Los Angeles,California,United States,81297,CRM
AUS04028,98137 Riley Locks Suite 825,Houston,Texas,United States,38648,CRM
AUS04029,67291 Garza Club Suite 433,New York,New York,United States,52811,CRM
AUS04030,13953 Nichols Locks,New York,New York,United States,34387,CRM
AUS04031,134 Nguyen Center,Houston,Texas,United States,47278,CRM
AUS04032,425 Evan Vista,Houston,Texas,United States,63375,CRM
AUS04033,10504 Samuel Stravenue,Phoenix,Arizona,United States,63500,CRM
AUS04034,5602 Edwards Alley,Houston,Texas,United States,91402,CRM
AUS04035,333 Patricia Road Apt. 410,Los Angeles,California,United States,50833,CRM
AUS04036,33641 Mcknight Walk,Chicago,Illinois,United States,85495,CRM
AUS04037,47584 Townsend Forge Suite 569,Chicago,Illinois,United States,86215,CRM
AUS04038,904 Victoria Row,Phoenix,Arizona,United States,90270,CRM
AUS04039,82262 Caitlin Shoals Apt. 367,Houston,Texas,United States,39327,CRM
AUS04040,118 Ferrell Burgs Suite 685,Phoenix,Arizona,United States,25400,CRM
AUS04041,6760 Edwards Rest,Houston,Texas,United States,75709,CRM
AUS04042,5806 Baker Row,Chicago,Illinois,United States,63785,CRM
AUS04043,1837 Brown Lake,Los Angeles,California,United States,16864,CRM
AUS04044,978 Sandra Villages,Phoenix,Arizona,United States,05928,CRM
AUS04045,98159 Melanie Grove,Phoenix,Arizona,United States,34851,CRM
AUS04046,178 Stewart Spurs,Chicago,Illinois,United States,58014,CRM
AUS04047,02503 Bell Squares Suite 780,Phoenix,Arizona,United States,28282,CRM
AUS04048,023 Randall Island,Los Angeles,California,United States,60643,CRM
AUS04049,452 Grimes Street,Houston,Texas,United States,77961,CRM
AUS04050,9072 Cross Dam,New York,New York,United States,82411,CRM
AUS04051,693 Andrew Street Suite 722,New York,New York,United States,25412,CRM
AUS04052,45766 Marcus Streets Suite 074,New York,New York,United States,62774,CRM
AUS04053,21872 Hannah Extension,Phoenix,Arizona,United States,57788,CRM
AUS04054,023 Chad Mount Suite 402,Phoenix,Arizona,United States,88300,CRM
AUS04055,332 Troy Fork,Houston,Texas,United States,41212,CRM
AUS04056,28437 Marcia Fork Apt. 066,Los Angeles,California,United States,30783,CRM
AUS04057,99239 Underwood Station Apt. 017,New York,New York,United States,02860,CRM
AUS04058,5413 Timothy Street,Phoenix,Arizona,United States,04968,CRM
AUS04059,37195 Nicholas Field Suite 281,New York,New York,United States,28729,CRM
AUS04060,246 Michael Turnpike Suite 153,Houston,Texas,United States,42108,CRM
AUS04061,95650 Mcdonald Vista,Chicago,Illinois,United States,35692,CRM
AUS04062,82206 Michelle Courts Apt. 226,New York,New York,United States,92946,CRM
AUS04063,2752 Karen Spring,Houston,Texas,United States,14693,CRM
AUS04064,04138 King Union Suite 084,Houston,Texas,United States,67980,CRM
AUS04065,7835 Liu Drive Suite 707,Phoenix,Arizona,United States,26513,CRM
AUS04066,84896 Thompson Terrace,Chicago,Illinois,United States,65565,CRM
AUS04067,01253 Maria Ranch Apt. 214,New York,New York,United States,80527,CRM
AUS04068,2624 Tammy Drive Apt. 438,New York,New York,United States,82088,CRM
AUS04069,537 Michael Well,Phoenix,Arizona,United States,37431,CRM
AUS04070,60747 Bell Shore,New York,New York,United States,92680,CRM
AUS04071,169 Peterson Neck Suite 063,Los Angeles,California,United States,06974,CRM
AUS04072,536 Marc Ridges Suite 360,Phoenix,Arizona,United States,41005,CRM
AUS04073,99255 Moore Bridge Suite 158,Chicago,Illinois,United States,04903,CRM
AUS04074,06031 Holland Roads Apt. 551,Chicago,Illinois,United States,78095,CRM
AUS04075,3118 Harold Meadows,Chicago,Illinois,United States,17923,CRM
AUS04076,54074 Robert Hill Apt. 320,Los Angeles,California,United States,21103,CRM
AUS04077,5697 Brooks Branch Apt. 187,Houston,Texas,United States,61330,CRM
AUS04078,789 Nixon Summit,Los Angeles,California,United States,34984,CRM
AUS04079,98099 Fernandez River,Los Angeles,California,United States,30515,CRM
AUS04080,8187 Michael Lane,Los Angeles,California,United States,95577,CRM
AUS04081,18948 Jaime Mission,Chicago,Illinois,United States,92147,CRM
AUS04082,4639 Terrell Spurs,New York,New York,United States,15708,CRM
AUS04083,893 Martin Forges Apt. 684,Phoenix,Arizona,United States,09450,CRM
AUS04084,78683 Sabrina Hill Apt. 755,New York,New York,United States,05813,CRM
AUS04085,87118 Diaz Plaza Apt. 389,New York,New York,United States,76839,CRM
AUS04086,558 Diaz Knoll Suite 473,Los Angeles,California,United States,67663,CRM
AUS04087,9979 Laura Landing,Houston,Texas,United States,30384,CRM
AUS04088,24454 Fields Avenue Suite 926,Phoenix,Arizona,United States,85471,CRM
AUS04089,2211 Wiggins Coves Suite 693,Houston,Texas,United States,39530,CRM
AUS04090,6066 Diana Groves Apt. 973,Los Angeles,California,United States,59778,CRM
AUS04091,6742 Todd Burgs,Chicago,Illinois,United States,76766,CRM
AUS04092,5517 Madden Stravenue Apt. 368,Phoenix,Arizona,United States,88287,CRM
AUS04093,5918 Haley Burg Suite 905,Chicago,Illinois,United States,51361,CRM
AUS04094,60884 King Landing,Los Angeles,California,United States,72761,CRM
AUS04095,033 Heather Junction,Phoenix,Arizona,United States,61162,CRM
AUS04096,791 Brown Stravenue,Houston,Texas,United States,39925,CRM
AUS04097,00863 Smith Drives Apt. 183,Houston,Texas,United States,25383,CRM
AUS04098,721 Christopher Viaduct Suite 544,Chicago,Illinois,United States,70627,CRM
AUS04099,64647 Scott Pines,Houston,Texas,United States,78836,CRM
AUS04100,3070 Brittany Locks Apt. 622,Chicago,Illinois,United States,98351,CRM
AUS04101,8873 Linda Grove Suite 304,New York,New York,United States,25080,CRM
AUS04102,75313 Patterson Meadows Suite 910,Los Angeles,California,United States,14039,CRM
AUS04103,12897 Nicole Forest Apt. 788,New York,New York,United States,78253,CRM
AUS04104,4475 Howard Road Suite 908,New York,New York,United States,01882,CRM
AUS04105,737 Clark Squares Suite 001,Los Angeles,California,United States,11366,CRM
AUS04106,912 Carpenter Gardens Suite 040,Phoenix,Arizona,United States,14005,CRM
AUS04107,7515 Kimberly Cape Suite 636,Houston,Texas,United States,37119,CRM
AUS04108,3839 Stephanie Ramp Apt. 580,Chicago,Illinois,United States,77781,CRM
AUS04109,0723 Collins Trafficway Apt. 023,Los Angeles,California,United States,58397,CRM
AUS04110,460 Stone Road Apt. 170,New York,New York,United States,94238,CRM
AUS04111,8554 Paul Meadow Suite 741,New York,New York,United States,65042,CRM
AUS04112,83563 Mark Passage Suite 854,Chicago,Illinois,United States,40379,CRM
AUS04113,3310 Michael Orchard Suite 250,Phoenix,Arizona,United States,20032,CRM
AUS04114,773 Ryan Prairie Apt. 229,Los Angeles,California,United States,17841,CRM
AUS04115,4324 Ponce Plaza,Los Angeles,California,United States,89192,CRM
AUS04116,00602 Tracy Causeway,New York,New York,United States,39316,CRM
AUS04117,90686 Mendoza Landing,New York,New York,United States,81701,CRM
AUS04118,85964 Robert Ridges Suite 612,Los Angeles,California,United States,65813,CRM
AUS04119,729 Rodney Drive Suite 127,Phoenix,Arizona,United States,67270,CRM
AUS04120,82209 Albert Parks Suite 184,New York,New York,United States,13576,CRM
AUS04121,433 Hendricks Rapids,Los Angeles,California,United States,32745,CRM
AUS04122,70194 William Point,Phoenix,Arizona,United States,09410,CRM
AUS04123,718 Breanna Grove Apt. 937,Los Angeles,California,United States,65135,CRM
AUS04124,361 Angela Corner Apt. 545,Los Angeles,California,United States,02532,CRM
AUS04125,3447 Charles Terrace,Chicago,Illinois,United States,81199,CRM
AUS04126,22364 Heather Mills,Phoenix,Arizona,United States,97062,CRM
AUS04127,126 Michael Knoll Suite 475,Chicago,Illinois,United States,52694,CRM
AUS04128,89093 Raymond Via Apt. 141,New York,New York,United States,92505,CRM
AUS04129,98887 Cook Parkway Apt. 296,Los Angeles,California,United States,72621,CRM
AUS04130,0688 Kristin Flats,Houston,Texas,United States,12320,CRM
AUS04131,24630 Stephanie Falls,Chicago,Illinois,United States,41973,CRM
AUS04132,01242 Stanton Ford,New York,New York,United States,43326,CRM
AUS04133,065 Jennifer Isle,Houston,Texas,United States,98950,CRM
AUS04134,64665 Omar Crescent,Los Angeles,California,United States,48014,CRM
AUS04135,624 Julie Track,Chicago,Illinois,United States,47223,CRM
AUS04136,868 Tiffany Pike,Houston,Texas,United States,90284,CRM
AUS04137,381 Smith Fall,Phoenix,Arizona,United States,99411,CRM
AUS04138,883 Pamela Glen,Chicago,Illinois,United States,14837,CRM
AUS04139,44701 Wilson Turnpike Suite 978,Houston,Texas,United States,78545,CRM
AUS04140,11674 Parsons Roads Suite 830,New York,New York,United States,88230,CRM
AUS04141,268 Brett Vista,Los Angeles,California,United States,54075,CRM
AUS04142,40436 Glenn Springs,Chicago,Illinois,United States,71048,CRM
AUS04143,457 Allison Loop Apt. 699,Houston,Texas,United States,23070,CRM
AUS04144,03973 Kenneth Orchard Apt. 906,New York,New York,United States,47932,CRM
AUS04145,9471 Lopez Bridge,Houston,Texas,United States,43635,CRM
AUS04146,76825 Joseph Rapid,Los Angeles,California,United States,59843,CRM
AUS04147,884 Watson Oval Suite 149,Los Angeles,California,United States,15261,CRM
AUS04148,78445 Kim Ville,Houston,Texas,United States,51687,CRM
AUS04149,59301 Martinez Crossing,Los Angeles,California,United States,95493,CRM
AUS04150,19561 Thompson Pine Apt. 614,Chicago,Illinois,United States,36588,CRM
AUS04151,9335 Alexandria Estates Suite 990,Houston,Texas,United States,34106,CRM
AUS04152,70023 Taylor Mills Apt. 681,Los Angeles,California,United States,37294,CRM
AUS04153,6017 Simon Trafficway Suite 641,Houston,Texas,United States,76849,CRM
AUS04154,4019 Jackson Burg Suite 345,Los Angeles,California,United States,56038,CRM
AUS04155,6644 Taylor Pike,Chicago,Illinois,United States,40398,CRM
AUS04156,2846 Scott Overpass,Chicago,Illinois,United States,36927,CRM
AUS04157,0304 Brian Ramp Suite 178,New York,New York,United States,83356,CRM
AUS04158,48429 Katherine Falls Suite 313,Los Angeles,California,United States,73194,CRM
AUS04159,527 Neal Keys,Phoenix,Arizona,United States,83697,CRM
AUS04160,4180 Summers Ridge Apt. 361,Houston,Texas,United States,21977,CRM
AUS04161,3172 Stephanie Square Suite 835,Chicago,Illinois,United States,54251,CRM
AUS04162,6590 Andrea Lodge,Chicago,Illinois,United States,39917,CRM
AUS04163,60307 Cameron Mountain,Houston,Texas,United States,59653,CRM
AUS04164,059 Nicole Mill Suite 476,Chicago,Illinois,United States,44875,CRM
AUS04165,5899 Cooper Walks Suite 376,Phoenix,Arizona,United States,98644,CRM
AUS04166,522 Phillips Way,New York,New York,United States,24738,CRM
AUS04167,70743 White Trafficway,Houston,Texas,United States,32956,CRM
AUS04168,3039 Barber Harbor Suite 605,New York,New York,United States,45393,CRM
AUS04169,3210 Myers Run Suite 178,Chicago,Illinois,United States,82633,CRM
AUS04170,82088 Mark Plains Suite 316,New York,New York,United States,98212,CRM
AUS04171,15309 Gregory Ford,Houston,Texas,United States,02031,CRM
AUS04172,8148 Tracy Island,Chicago,Illinois,United States,79427,CRM
AUS04173,4278 Diana Lakes,Chicago,Illinois,United States,65427,CRM
AUS04174,3876 Choi Mill Apt. 643,Los Angeles,California,United States,08257,CRM
AUS04175,1807 Thomas Locks Suite 398,Phoenix,Arizona,United States,38538,CRM
AUS04176,6816 Andrew Key,New York,New York,United States,88213,CRM
AUS04177,842 Michele Row,Los Angeles,California,United States,72832,CRM
AUS04178,60932 Beth Turnpike,New York,New York,United States,75357,CRM
AUS04179,59908 Lowery Crest Apt. 937,Phoenix,Arizona,United States,66525,CRM
AUS04180,1258 Eileen Trace,Phoenix,Arizona,United States,67576,CRM
AUS04181,8152 Morgan Tunnel,Phoenix,Arizona,United States,94625,CRM
AUS04182,3779 Stephanie Harbor,Houston,Texas,United States,40248,CRM
AUS04183,4277 Colton Bridge,Los Angeles,California,United States,00561,CRM
AUS04184,553 Herrera Canyon,Los Angeles,California,United States,69957,CRM
AUS04185,993 Simmons Gateway Suite 035,Phoenix,Arizona,United States,83780,CRM
AUS04186,84920 Baker Place Suite 726,Houston,Texas,United States,67663,CRM
AUS04187,2498 Johnson Centers Apt. 277,Phoenix,Arizona,United States,35895,CRM
AUS04188,956 Christopher Drive Suite 134,New York,New York,United States,22558,CRM
AUS04189,78368 Susan Alley,New York,New York,United States,30826,CRM
AUS04190,1316 Gregory Viaduct,Chicago,Illinois,United States,01545,CRM
AUS04191,454 Michael Haven,Phoenix,Arizona,United States,88269,CRM
AUS04192,13860 Gomez Knolls,Phoenix,Arizona,United States,25903,CRM
AUS04193,171 Hayden Mills,New York,New York,United States,10688,CRM
AUS04194,997 Levine Track Suite 414,Phoenix,Arizona,United States,59374,CRM
AUS04195,192 Blake Mountain Suite 168,New York,New York,United States,90909,CRM
AUS04196,9832 Mckenzie River,Phoenix,Arizona,United States,69350,CRM
AUS04197,542 Kathryn Manor Suite 314,Houston,Texas,United States,56480,CRM
AUS04198,41384 Emily Loop,New York,New York,United States,00531,CRM
AUS04199,793 Howell Harbors,Los Angeles,California,United States,45520,CRM
AUS04200,02204 Gallagher Extensions,Phoenix,Arizona,United States,31219,CRM
AUS04201,40627 Nichole Branch Suite 848,Houston,Texas,United States,27710,CRM
AUS04202,9629 Aaron Divide Apt. 968,Los Angeles,California,United States,47685,CRM
AUS04203,0140 Rodriguez Ford Apt. 920,Houston,Texas,United States,03000,CRM
AUS04204,475 Suzanne Drives Suite 891,New York,New York,United States,02771,CRM
AUS04205,33927 Bryan Union Apt. 184,Houston,Texas,United States,48543,CRM
AUS04206,12409 Kristina Knoll Apt. 783,Los Angeles,California,United States,65665,CRM
AUS04207,54332 Jackson Path,Houston,Texas,United States,09680,CRM
AUS04208,42325 Jason Harbor Apt. 587,Houston,Texas,United States,91566,CRM
AUS04209,28655 Rocha Center Apt. 159,New York,New York,United States,24793,CRM
AUS04210,31761 Murphy Mill Apt. 654,Los Angeles,California,United States,14176,CRM
AUS04211,80687 Zachary Spur,Phoenix,Arizona,United States,60545,CRM
AUS04212,54559 Jacob Haven,Los Angeles,California,United States,43976,CRM
AUS04213,8143 Osborne Via,Los Angeles,California,United States,10914,CRM
AUS04214,5442 Matthew Lodge,Houston,Texas,United States,28681,CRM
AUS04215,691 Watkins Turnpike,New York,New York,United States,05406,CRM
AUS04216,71515 Kristine Throughway,New York,New York,United States,92891,CRM
AUS04217,3681 Dougherty Corners Suite 487,Chicago,Illinois,United States,86749,CRM
AUS04218,403 Sandra Bypass Suite 731,Los Angeles,California,United States,74861,CRM
AUS04219,514 Davis Island,Phoenix,Arizona,United States,86814,CRM
AUS04220,450 Matthew Crest Suite 190,Los Angeles,California,United States,33665,CRM
AUS04221,11535 Benson Street Suite 816,Los Angeles,California,United States,57754,CRM
AUS04222,07635 Sherman Square,Chicago,Illinois,United States,69150,CRM
AUS04223,587 Steven Causeway Suite 450,Houston,Texas,United States,29092,CRM
AUS04224,7249 Davis Plains,Houston,Texas,United States,85674,CRM
AUS04225,5067 Jamie Lodge,Phoenix,Arizona,United States,91871,CRM
AUS04226,189 Timothy Burgs Suite 181,Los Angeles,California,United States,44775,CRM
AUS04227,3364 Mills Green Apt. 801,New York,New York,United States,02894,CRM
AUS04228,90295 Aaron Garden Suite 664,Chicago,Illinois,United States,82238,CRM
AUS04229,1765 Fitzgerald Crescent,Houston,Texas,United States,49230,CRM
AUS04230,60475 Macdonald Mission Suite 822,Los Angeles,California,United States,69202,CRM
AUS04231,5343 Sheri Plaza Apt. 048,Los Angeles,California,United States,72667,CRM
AUS04232,0005 Joseph Rest,Phoenix,Arizona,United States,67541,CRM
AUS04233,3763 Armstrong Row,Phoenix,Arizona,United States,95683,CRM
AUS04234,8985 Stephen Parkways,Houston,Texas,United States,82446,CRM
AUS04235,77427 Roberson Villages Apt. 032,New York,New York,United States,96079,CRM
AUS04236,9059 Simpson Terrace Suite 654,Los Angeles,California,United States,14572,CRM
AUS04237,45522 Carpenter Vista,Houston,Texas,United States,58753,CRM
AUS04238,1211 Ariel Center Apt. 012,Los Angeles,California,United States,88888,CRM
AUS04239,29972 Richard Point Apt. 353,Chicago,Illinois,United States,96973,CRM
AUS04240,994 Edwards Pine,Los Angeles,California,United States,87566,CRM
AUS04241,5580 Timothy Expressway Apt. 499,Houston,Texas,United States,33767,CRM
AUS04242,5253 Rodriguez Extension,Chicago,Illinois,United States,80844,CRM
AUS04243,8105 Dan Bypass Suite 845,Chicago,Illinois,United States,24937,CRM
AUS04244,531 Mark Island,Phoenix,Arizona,United States,24303,CRM
AUS04245,732 Silva Corners Suite 036,Chicago,Illinois,United States,35497,CRM
AUS04246,98458 Curtis Locks Apt. 780,Chicago,Illinois,United States,21831,CRM
AUS04247,725 Julie Island Apt. 239,Houston,Texas,United States,62737,CRM
AUS04248,423 Perez Streets,Phoenix,Arizona,United States,51637,CRM
AUS04249,3812 Shaw Mountains Apt. 986,New York,New York,United States,93202,CRM
AUS04250,667 Andrea Camp Apt. 234,Los Angeles,California,United States,68005,CRM
AUS04251,934 Sarah Islands Suite 023,Houston,Texas,United States,60871,CRM
AUS04252,71698 Nicholas Course,Houston,Texas,United States,40627,CRM
AUS04253,2900 Melissa Mall Suite 442,Houston,Texas,United States,48138,CRM
AUS04254,31447 Murphy Shoals Suite 929,Phoenix,Arizona,United States,86877,CRM
AUS04255,34365 Paul Walks Suite 781,Los Angeles,California,United States,64290,CRM
AUS04256,904 Gina Drives,Houston,Texas,United States,77308,CRM
AUS04257,054 Phelps Port,New York,New York,United States,39293,CRM
AUS04258,939 Angela Tunnel Apt. 592,Chicago,Illinois,United States,54216,CRM
AUS04259,511 Contreras Fort,New York,New York,United States,59539,CRM
AUS04260,090 Maldonado Vista Apt. 751,Phoenix,Arizona,United States,17444,CRM
AUS04261,68777 Robinson Prairie,New York,New York,United States,97507,CRM
AUS04262,079 Jonathan Hill Apt. 588,Chicago,Illinois,United States,69559,CRM
AUS04263,9847 Edward Pike,Los Angeles,California,United States,05728,CRM
AUS04264,810 Crane Stravenue Apt. 259,Phoenix,Arizona,United States,58670,CRM
AUS04265,217 Vincent Drive,Los Angeles,California,United States,55971,CRM
AUS04266,49602 Brianna Springs,Phoenix,Arizona,United States,74563,CRM
AUS04267,42249 Glover Flat,Houston,Texas,United States,04315,CRM
AUS04268,9152 Justin Rest Suite 476,Los Angeles,California,United States,33147,CRM
AUS04269,2649 Peterson Island,Chicago,Illinois,United States,88744,CRM
AUS04270,902 Thomas Extensions Suite 106,Chicago,Illinois,United States,71785,CRM
AUS04271,496 Morales Lakes,Chicago,Illinois,United States,62712,CRM
AUS04272,5749 Maxwell Greens,Phoenix,Arizona,United States,98904,CRM
AUS04273,794 Johnson Pass,Houston,Texas,United States,92168,CRM
AUS04274,05519 Peggy Curve Suite 247,Houston,Texas,United States,08367,CRM
AUS04275,00015 Hector Hollow,Chicago,Illinois,United States,98782,CRM
AUS04276,3574 Thomas Ridges,Phoenix,Arizona,United States,52984,CRM
AUS04277,775 Teresa Forge,Chicago,Illinois,United States,37834,CRM
AUS04278,142 Breanna Manor Apt. 212,Houston,Texas,United States,80399,CRM
AUS04279,603 Hunter Estates,Phoenix,Arizona,United States,96218,CRM
AUS04280,6539 Tracey Meadows Apt. 789,Chicago,Illinois,United States,16929,CRM
AUS04281,8211 Baker Walk Suite 956,Chicago,Illinois,United States,77931,CRM
AUS04282,445 Jeremy Way Suite 617,Chicago,Illinois,United States,50582,CRM
AUS04283,08835 Jones Union Suite 060,Phoenix,Arizona,United States,95092,CRM
AUS04284,0401 Archer Track,Phoenix,Arizona,United States,48231,CRM
AUS04285,7014 Steven Camp,New York,New York,United States,50989,CRM
AUS04286,5310 Bishop Junctions,Los Angeles,California,United States,58878,CRM
AUS04287,45410 Duncan Mountain Suite 569,New York,New York,United States,85034,CRM
AUS04288,6717 Lisa Lake Apt. 620,New York,New York,United States,91917,CRM
AUS04289,4730 Frederick Plains Suite 079,New York,New York,United States,77771,CRM
AUS04290,34399 Wilson Cliffs,New York,New York,United States,00781,CRM
AUS04291,17536 David Islands Apt. 695,Los Angeles,California,United States,96211,CRM
AUS04292,135 Rebecca Flat,Houston,Texas,United States,77850,CRM
AUS04293,207 Vega Springs,Houston,Texas,United States,94753,CRM
AUS04294,01502 Dawn Station,Los Angeles,California,United States,59585,CRM
AUS04295,7333 Brittney Prairie Apt. 857,Chicago,Illinois,United States,69384,CRM
AUS04296,865 Bonilla Lodge Suite 760,Houston,Texas,United States,95086,CRM
AUS04297,870 Dixon Mission,Houston,Texas,United States,04453,CRM
AUS04298,7644 Christopher Court,Chicago,Illinois,United States,25166,CRM
AUS04299,57370 James Field Apt. 367,Phoenix,Arizona,United States,41813,CRM
AUS04300,093 Nicole Dam,Phoenix,Arizona,United States,81812,CRM
AUS04301,12821 Shaffer Squares Apt. 478,Phoenix,Arizona,United States,32833,CRM
AUS04302,634 Ashley Port,Houston,Texas,United States,03929,CRM
AUS04303,50157 Pamela Parkways Apt. 190,New York,New York,United States,63739,CRM
AUS04304,919 Logan Plains Suite 481,Phoenix,Arizona,United States,62401,CRM
AUS04305,767 Kelly Station,Houston,Texas,United States,88503,CRM
AUS04306,50563 Miller Spurs Suite 677,Los Angeles,California,United States,71801,CRM
AUS04307,905 Perez Well Apt. 966,New York,New York,United States,72293,CRM
AUS04308,66550 Tracy Pike Suite 091,New York,New York,United States,99882,CRM
AUS04309,6963 Carter Park Suite 236,Chicago,Illinois,United States,10120,CRM
AUS04310,2411 Williams Plains Apt. 621,Chicago,Illinois,United States,55463,CRM
AUS04311,33854 Walsh Brook,New York,New York,United States,08431,CRM
AUS04312,423 Graham Spring,Los Angeles,California,United States,86713,CRM
AUS04313,67768 Brittany Dale Suite 318,New York,New York,United States,33868,CRM
AUS04314,550 Jennifer Wells Suite 401,Chicago,Illinois,United States,28931,CRM
AUS04315,0651 Brian Forest,Los Angeles,California,United States,34013,CRM
AUS04316,2872 Rojas Summit Apt. 023,Phoenix,Arizona,United States,41177,CRM
AUS04317,7487 Randy Plains Suite 472,Phoenix,Arizona,United States,43825,CRM
AUS04318,932 Gilbert Hills,Los Angeles,California,United States,80399,CRM
AUS04319,844 Kimberly Loaf Suite 456,Los Angeles,California,United States,34939,CRM
AUS04320,95868 Nathaniel Ridge,Houston,Texas,United States,11386,CRM
AUS04321,18828 Scott Stream,New York,New York,United States,77015,CRM
AUS04322,0430 Elizabeth Cape Apt. 925,Chicago,Illinois,United States,10194,CRM
AUS04323,4494 Christine Parkway,Chicago,Illinois,United States,59180,CRM
AUS04324,634 Chung Isle,Chicago,Illinois,United States,71054,CRM
AUS04325,76151 Kelly Station Apt. 865,Houston,Texas,United States,03059,CRM
AUS04326,73583 Alexandra Camp,New York,New York,United States,10619,CRM
AUS04327,9690 Candice Parkway Apt. 823,Chicago,Illinois,United States,23569,CRM
AUS04328,581 Wood Ville Apt. 789,Los Angeles,California,United States,92553,CRM
AUS04329,7231 Campbell Pine,New York,New York,United States,13143,CRM
AUS04330,09489 Maynard Valley,Los Angeles,California,United States,27394,CRM
AUS04331,6054 Lindsey Fort Apt. 791,Chicago,Illinois,United States,21806,CRM
AUS04332,2380 Denise Haven,Houston,Texas,United States,06282,CRM
AUS04333,589 Megan Ridge Suite 791,Phoenix,Arizona,United States,96920,CRM
AUS04334,33155 Rita Burg,Chicago,Illinois,United States,09957,CRM
AUS04335,32747 Paul Square Apt. 235,Los Angeles,California,United States,59349,CRM
AUS04336,396 Alex Flat Apt. 286,Phoenix,Arizona,United States,47647,CRM
AUS04337,8521 Martinez Place,Phoenix,Arizona,United States,21006,CRM
AUS04338,07057 Ortiz Vista,Phoenix,Arizona,United States,36347,CRM
AUS04339,074 Johnson Loop,Phoenix,Arizona,United States,65517,CRM
AUS04340,1242 Jorge Parks,Chicago,Illinois,United States,50509,CRM
AUS04341,84855 Berry View Apt. 735,Chicago,Illinois,United States,46461,CRM
AUS04342,4180 Rhodes Station Apt. 397,Phoenix,Arizona,United States,22437,CRM
AUS04343,9150 Joshua Field,Houston,Texas,United States,24630,CRM
AUS04344,62295 Collier Road Suite 350,New York,New York,United States,07957,CRM
AUS04345,422 Guerrero Oval,New York,New York,United States,32090,CRM
AUS04346,307 Potts Cove,Houston,Texas,United States,34051,CRM
AUS04347,894 Franklin Causeway Suite 279,Los Angeles,California,United States,78864,CRM
AUS04348,393 Tiffany Flats,Chicago,Illinois,United States,12098,CRM
AUS04349,017 Gibson Groves,Chicago,Illinois,United States,29282,CRM
AUS04350,987 Kenneth Via Suite 598,Chicago,Illinois,United States,64932,CRM
AUS04351,24783 Erik Wells,Los Angeles,California,United States,77730,CRM
AUS04352,7390 Jordan River,Chicago,Illinois,United States,64409,CRM
AUS04353,7106 Long Forges Apt. 837,New York,New York,United States,81801,CRM
AUS04354,0055 Connor Drive,Phoenix,Arizona,United States,32898,CRM
AUS04355,366 John Park,Los Angeles,California,United States,52631,CRM
AUS04356,8947 Smith Path Suite 373,Houston,Texas,United States,62596,CRM
AUS04357,5169 Pearson Wells,Los Angeles,California,United States,06368,CRM
AUS04358,53123 Lindsay Fork Suite 778,Los Angeles,California,United States,18342,CRM
AUS04359,9965 David Landing,New York,New York,United States,80796,CRM
AUS04360,992 Vargas Locks Apt. 388,New York,New York,United States,62598,CRM
AUS04361,374 Saunders Flat,New York,New York,United States,36341,CRM
AUS04362,641 Samantha Tunnel Suite 045,New York,New York,United States,12068,CRM
AUS04363,250 Brown Squares Suite 413,Chicago,Illinois,United States,94952,CRM
AUS04364,191 Morales Summit,Houston,Texas,United States,02322,CRM
AUS04365,0051 Decker Point Apt. 816,New York,New York,United States,19194,CRM
AUS04366,67465 Gerald Ford Suite 298,Los Angeles,California,United States,91676,CRM
AUS04367,2436 Novak Village,Houston,Texas,United States,23603,CRM
AUS04368,27978 Kevin Row,New York,New York,United States,83542,CRM
AUS04369,33928 Susan Manor,Chicago,Illinois,United States,87931,CRM
AUS04370,983 Kirby Island,Phoenix,Arizona,United States,30569,CRM
AUS04371,576 Nancy Canyon Suite 939,Los Angeles,California,United States,88841,CRM
AUS04372,3957 Collins Summit,New York,New York,United States,71224,CRM
AUS04373,8439 Karen Course Suite 851,Phoenix,Arizona,United States,25233,CRM
AUS04374,883 Coleman Stream,Chicago,Illinois,United States,96156,CRM
AUS04375,8815 Bartlett Forest,Houston,Texas,United States,18007,CRM
AUS04376,9383 Luis Corners Apt. 748,Chicago,Illinois,United States,27055,CRM
AUS04377,038 Cooper Passage,Phoenix,Arizona,United States,25532,CRM
AUS04378,7162 Davis Junction,Chicago,Illinois,United States,47929,CRM
AUS04379,5052 Hull Greens Apt. 402,Chicago,Illinois,United States,97640,CRM
AUS04380,7365 Robert Field Apt. 238,Los Angeles,California,United States,18884,CRM
AUS04381,60023 Wesley Brook Apt. 129,Houston,Texas,United States,78159,CRM
AUS04382,9814 Kelly Overpass Apt. 543,Houston,Texas,United States,95566,CRM
AUS04383,154 Welch Road Apt. 529,Phoenix,Arizona,United States,09992,CRM
AUS04384,889 Johnson Branch,New York,New York,United States,15848,CRM
AUS04385,781 Wilson Forges Apt. 348,Houston,Texas,United States,60158,CRM
AUS04386,42434 Rhonda Place,Chicago,Illinois,United States,15410,CRM
AUS04387,2614 Garrett Court Apt. 514,Phoenix,Arizona,United States,03437,CRM
AUS04388,55822 Christopher Passage,Houston,Texas,United States,50746,CRM
AUS04389,97797 Rosales Forge,Chicago,Illinois,United States,80360,CRM
AUS04390,8305 Dominguez Squares,Phoenix,Arizona,United States,17594,CRM
AUS04391,901 Jessica River,Chicago,Illinois,United States,58793,CRM
AUS04392,44511 Lewis Stream,Chicago,Illinois,United States,68756,CRM
AUS04393,7470 Webb Mountain,Los Angeles,California,United States,76730,CRM
AUS04394,47556 Frazier Spur Suite 923,Chicago,Illinois,United States,26854,CRM
AUS04395,3641 Joseph Corners Suite 927,Houston,Texas,United States,06161,CRM
AUS04396,6503 Mark Mission,Los Angeles,California,United States,32403,CRM
AUS04397,2289 Ochoa Light Suite 884,Houston,Texas,United States,72308,CRM
AUS04398,3869 Norman Ports,New York,New York,United States,86265,CRM
AUS04399,6063 Timothy Shoal,Houston,Texas,United States,71890,CRM
AUS04400,350 Kiara Mountains Suite 998,Chicago,Illinois,United States,18462,CRM
AUS04401,87044 Mclean Cove Suite 251,Los Angeles,California,United States,17380,CRM
AUS04402,0333 Stacey Shoal Suite 925,Los Angeles,California,United States,15336,CRM
AUS04403,1616 Herring Ways,Los Angeles,California,United States,66239,CRM
AUS04404,886 Franklin Vista,Chicago,Illinois,United States,30836,CRM
AUS04405,496 Robert Row Suite 624,Phoenix,Arizona,United States,39848,CRM
AUS04406,5052 Amanda Causeway,Los Angeles,California,United States,29526,CRM
AUS04407,5663 Paul Curve,Houston,Texas,United States,98933,CRM
AUS04408,6210 Pierce Row Apt. 584,Los Angeles,California,United States,82000,CRM
AUS04409,0785 Brown Green Suite 920,Phoenix,Arizona,United States,42324,CRM
AUS04410,40393 Baker Mall,Houston,Texas,United States,72250,CRM
AUS04411,31460 Tran Trace Suite 895,Los Angeles,California,United States,64830,CRM
AUS04412,49598 Chavez Summit Suite 989,Los Angeles,California,United States,20144,CRM
AUS04413,31195 Kelly Cliff Suite 629,Phoenix,Arizona,United States,11754,CRM
AUS04414,31494 Lauren Heights Apt. 085,Houston,Texas,United States,15495,CRM
AUS04415,9157 George Crescent Suite 386,Phoenix,Arizona,United States,37814,CRM
AUS04416,94020 Patrick Cape,Houston,Texas,United States,69043,CRM
AUS04417,91209 Hill Cliff,Los Angeles,California,United States,08104,CRM
AUS04418,1399 William Circle,Chicago,Illinois,United States,01289,CRM
AUS04419,6856 Lopez Skyway Suite 746,Los Angeles,California,United States,78945,CRM
AUS04420,4695 Martinez Meadow,Phoenix,Arizona,United States,35881,CRM
AUS04421,881 Katie Rest,Phoenix,Arizona,United States,16649,CRM
AUS04422,19475 Belinda Neck Apt. 136,Los Angeles,California,United States,03252,CRM
AUS04423,24989 Christopher Corner Suite 343,Chicago,Illinois,United States,63431,CRM
AUS04424,897 Ferguson Circles Apt. 537,Chicago,Illinois,United States,84211,CRM
AUS04425,803 Marsh Throughway,Los Angeles,California,United States,31426,CRM
AUS04426,72611 Reid Crescent Suite 486,New York,New York,United States,71369,CRM
AUS04427,764 Tucker Summit Apt. 084,Chicago,Illinois,United States,76635,CRM
AUS04428,9308 Savannah Garden Apt. 480,Houston,Texas,United States,76274,CRM
AUS04429,486 Patricia Station Apt. 612,Phoenix,Arizona,United States,24899,CRM
AUS04430,5857 Jennifer Forks,Phoenix,Arizona,United States,17312,CRM
AUS04431,26664 Jessica Tunnel Suite 289,Los Angeles,California,United States,67190,CRM
AUS04432,617 Matthew Drive Apt. 118,New York,New York,United States,96731,CRM
AUS04433,782 Lindsay Springs,New York,New York,United States,11591,CRM
AUS04434,0278 Jackson Mount Suite 378,Los Angeles,California,United States,37349,CRM
AUS04435,79375 Mcguire Springs Apt. 506,New York,New York,United States,75781,CRM
AUS04436,0901 Clark Glen,Houston,Texas,United States,33255,CRM
AUS04437,6642 Jimenez Spur,Phoenix,Arizona,United States,80752,CRM
AUS04438,311 Edwards Stravenue,Houston,Texas,United States,99942,CRM
AUS04439,4507 Murray Bridge,New York,New York,United States,37610,CRM
AUS04440,2014 Cassie Crossing Apt. 897,Chicago,Illinois,United States,45966,CRM
AUS04441,9871 Joseph Valley,Los Angeles,California,United States,13883,CRM
AUS04442,5879 Rebecca Center Suite 211,Chicago,Illinois,United States,68730,CRM
AUS04443,6930 Kayla Turnpike,Chicago,Illinois,United States,49387,CRM
AUS04444,3520 Kristin Lodge Apt. 840,New York,New York,United States,23477,CRM
AUS04445,2946 Billy Villages,Houston,Texas,United States,81769,CRM
AUS04446,686 Adam Station Apt. 388,New York,New York,United States,01592,CRM
AUS04447,237 Christina Prairie,New York,New York,United States,75215,CRM
AUS04448,29569 Mckinney Roads Suite 905,Los Angeles,California,United States,82864,CRM
AUS04449,494 Lindsay Neck,New York,New York,United States,72971,CRM
AUS04450,179 Allen Parks Suite 655,Los Angeles,California,United States,88564,CRM
AUS04451,26048 Graham Ridges Apt. 436,New York,New York,United States,53324,CRM
AUS04452,232 Brown Drives Apt. 550,Houston,Texas,United States,24667,CRM
AUS04453,150 Gerald Lodge Apt. 180,Houston,Texas,United States,61700,CRM
AUS04454,715 Nguyen Meadow Suite 768,Los Angeles,California,United States,60317,CRM
AUS04455,234 Donald Terrace Apt. 115,New York,New York,United States,00687,CRM
AUS04456,5005 Rasmussen Isle,New York,New York,United States,55846,CRM
AUS04457,3827 Dennis Locks Apt. 893,Chicago,Illinois,United States,16171,CRM
AUS04458,38019 Harrison Park Suite 131,Chicago,Illinois,United States,03674,CRM
AUS04459,0605 Erin Plain,Houston,Texas,United States,35136,CRM
AUS04460,9861 Steven Prairie,New York,New York,United States,50100,CRM
AUS04461,12308 Heather Well Apt. 378,Chicago,Illinois,United States,73303,CRM
AUS04462,6866 Michael Keys Apt. 632,Los Angeles,California,United States,11091,CRM
AUS04463,20480 Nelson Union,New York,New York,United States,08336,CRM
AUS04464,0845 Pamela Place Apt. 668,Chicago,Illinois,United States,96361,CRM
AUS04465,52521 Ashley Stream,New York,New York,United States,60831,CRM
AUS04466,056 Miller Branch Suite 985,New York,New York,United States,61072,CRM
AUS04467,596 Whitney Greens Suite 058,Chicago,Illinois,United States,95007,CRM
AUS04468,8198 Sanchez Tunnel Suite 331,Los Angeles,California,United States,47893,CRM
AUS04469,677 Theresa Light Suite 550,Houston,Texas,United States,61671,CRM
AUS04470,0837 King Extensions,Chicago,Illinois,United States,34956,CRM
AUS04471,9144 Catherine Plaza,Houston,Texas,United States,17574,CRM
AUS04472,4458 Scott Ridge,Chicago,Illinois,United States,59720,CRM
AUS04473,256 Carter Point Apt. 770,Chicago,Illinois,United States,48918,CRM
AUS04474,5759 Timothy Hills Apt. 467,Chicago,Illinois,United States,07439,CRM
AUS04475,14655 Keith Skyway Apt. 684,Houston,Texas,United States,60908,CRM
AUS04476,8899 Mendoza Coves,Los Angeles,California,United States,68826,CRM
AUS04477,86998 Thomas Trafficway,New York,New York,United States,24996,CRM
AUS04478,6766 Hampton Knolls,New York,New York,United States,70462,CRM
AUS04479,312 Brittany Mission,Houston,Texas,United States,92161,CRM
AUS04480,405 Tonya Locks,Los Angeles,California,United States,25326,CRM
AUS04481,29343 Marie Views,Phoenix,Arizona,United States,66380,CRM
AUS04482,164 Karen Orchard Apt. 430,New York,New York,United States,34519,CRM
AUS04483,377 Ryan Drives,Phoenix,Arizona,United States,90098,CRM
AUS04484,7028 Joseph Corners Apt. 104,Phoenix,Arizona,United States,21708,CRM
AUS04485,54094 Jennifer Gardens Apt. 968,Los Angeles,California,United States,66302,CRM
AUS04486,57772 Young Isle Apt. 659,New York,New York,United States,85248,CRM
AUS04487,41703 Jones Turnpike,Phoenix,Arizona,United States,16338,CRM
AUS04488,1522 Terri Forge Suite 764,Houston,Texas,United States,74006,CRM
AUS04489,96654 Anthony Underpass Suite 478,Phoenix,Arizona,United States,26219,CRM
AUS04490,7231 Carter Landing Apt. 950,Los Angeles,California,United States,83786,CRM
AUS04491,86142 Eric Road,Los Angeles,California,United States,99347,CRM
AUS04492,1382 Eric Cape,New York,New York,United States,09896,CRM
AUS04493,48980 Singh Unions Apt. 840,New York,New York,United States,89114,CRM
AUS04494,016 Howard Mission,Los Angeles,California,United States,57442,CRM
AUS04495,1836 Meza Pike Suite 196,New York,New York,United States,62228,CRM
AUS04496,46632 Dustin Corners,New York,New York,United States,52179,CRM
AUS04497,7692 James Views Suite 340,Houston,Texas,United States,48040,CRM
AUS04498,089 Erin Bypass,New York,New York,United States,21156,CRM
AUS04499,535 Mccoy Greens Suite 161,Chicago,Illinois,United States,89472,CRM
AUS04500,896 Blake Forks,Chicago,Illinois,United States,53977,CRM
AUS04501,74897 Vanessa Parks Suite 495,Houston,Texas,United States,40034,CRM
AUS04502,5187 Warren Place,Chicago,Illinois,United States,20577,CRM
AUS04503,6521 Anthony Island,Phoenix,Arizona,United States,08589,CRM
AUS04504,25096 Garrison Square,Chicago,Illinois,United States,03042,CRM
AUS04505,63411 Coleman Stream,Phoenix,Arizona,United States,86578,CRM
AUS04506,572 Alicia Turnpike Apt. 678,Houston,Texas,United States,72394,CRM
AUS04507,675 Watson Extensions,Phoenix,Arizona,United States,21231,CRM
AUS04508,04479 Yvonne Wall,Phoenix,Arizona,United States,20110,CRM
AUS04509,9093 Reed Lock,Houston,Texas,United States,67429,CRM
AUS04510,029 Moore Street Suite 796,New York,New York,United States,19135,CRM
AUS04511,052 Steven Flat Apt. 286,New York,New York,United States,92786,CRM
AUS04512,3461 Mark Flat Apt. 974,New York,New York,United States,21684,CRM
AUS04513,5653 Jason Spring Suite 678,Chicago,Illinois,United States,26960,CRM
AUS04514,384 Alexander Underpass Apt. 607,Phoenix,Arizona,United States,95067,CRM
AUS04515,206 Jennifer Points Apt. 638,Chicago,Illinois,United States,13971,CRM
AUS04516,2177 Michelle Views Suite 079,Los Angeles,California,United States,66943,CRM
AUS04517,191 Fleming Crossroad,Los Angeles,California,United States,55570,CRM
AUS04518,069 Joann Plains,New York,New York,United States,23360,CRM
AUS04519,989 Davenport Trail,Los Angeles,California,United States,85836,CRM
AUS04520,0580 Sarah Ramp,Chicago,Illinois,United States,77616,CRM
AUS04521,9671 Wallace Flats Suite 975,New York,New York,United States,28671,CRM
AUS04522,855 Thomas Burgs Suite 616,Houston,Texas,United States,41733,CRM
AUS04523,92959 Robertson Well,Los Angeles,California,United States,36416,CRM
AUS04524,846 Jennifer Causeway,New York,New York,United States,81553,CRM
AUS04525,7146 Elliott Well,Chicago,Illinois,United States,28293,CRM
AUS04526,6889 Smith Fall Apt. 578,Los Angeles,California,United States,05660,CRM
AUS04527,06988 Hill Plain Suite 377,Phoenix,Arizona,United States,11075,CRM
AUS04528,902 Charles Alley,Chicago,Illinois,United States,24148,CRM
AUS04529,88253 Adams Meadow Suite 078,Houston,Texas,United States,50917,CRM
AUS04530,4405 Elizabeth Landing Apt. 611,Los Angeles,California,United States,38813,CRM
AUS04531,17410 Victoria Islands Apt. 330,Phoenix,Arizona,United States,97158,CRM
AUS04532,07787 Barnes Ways Suite 251,Chicago,Illinois,United States,30238,CRM
AUS04533,8400 Andrew Manor Suite 637,Houston,Texas,United States,42776,CRM
AUS04534,198 Brett Manors Apt. 241,Los Angeles,California,United States,21461,CRM
AUS04535,99353 Michael Shore Apt. 867,Houston,Texas,United States,41630,CRM
AUS04536,2611 Franco Harbor Apt. 239,Houston,Texas,United States,82636,CRM
AUS04537,4917 Jacob Circles,New York,New York,United States,88106,CRM
AUS04538,8796 Wyatt Pass Suite 784,Chicago,Illinois,United States,09375,CRM
AUS04539,04833 Thompson Viaduct Suite 227,New York,New York,United States,12282,CRM
AUS04540,47165 Smith Orchard Suite 355,Los Angeles,California,United States,94459,CRM
AUS04541,54218 Karen Well Apt. 743,New York,New York,United States,61537,CRM
AUS04542,70578 Wells Isle Apt. 195,New York,New York,United States,76736,CRM
AUS04543,53426 Richard Mission,Phoenix,Arizona,United States,09792,CRM
AUS04544,02740 Serrano Squares Apt. 735,Los Angeles,California,United States,12558,CRM
AUS04545,1082 Combs Isle Apt. 043,Phoenix,Arizona,United States,86319,CRM
AUS04546,25022 Brown Prairie Suite 242,Los Angeles,California,United States,32446,CRM
AUS04547,4865 Green Forges Apt. 430,Phoenix,Arizona,United States,66412,CRM
AUS04548,953 Butler Run,Phoenix,Arizona,United States,40293,CRM
AUS04549,18556 Tiffany Brooks,Houston,Texas,United States,71542,CRM
AUS04550,480 Karen Shore Suite 405,Phoenix,Arizona,United States,17133,CRM
AUS04551,029 Emily Squares,New York,New York,United States,48041,CRM
AUS04552,0795 Katie Ridge,Chicago,Illinois,United States,33796,CRM
AUS04553,00721 Mcdaniel Isle Suite 523,New York,New York,United States,35038,CRM
AUS04554,7256 Maxwell Port,Phoenix,Arizona,United States,81417,CRM
AUS04555,43219 Rollins Villages,Houston,Texas,United States,82774,CRM
AUS04556,00231 Kendra Gardens,New York,New York,United States,31293,CRM
AUS04557,09506 Alan Points,Los Angeles,California,United States,50597,CRM
AUS04558,7269 Warren Ports,Los Angeles,California,United States,78124,CRM
AUS04559,045 Jacqueline Junctions,Los Angeles,California,United States,01730,CRM
AUS04560,150 William Ports Apt. 951,Chicago,Illinois,United States,40248,CRM
AUS04561,2379 Cook Curve Apt. 694,Houston,Texas,United States,95427,CRM
AUS04562,8513 Steven Village Suite 637,Phoenix,Arizona,United States,48471,CRM
AUS04563,5940 Christopher Station Apt. 975,Chicago,Illinois,United States,42617,CRM
AUS04564,41990 Nicole Court,Houston,Texas,United States,51448,CRM
AUS04565,638 Hester Highway,Los Angeles,California,United States,33360,CRM
AUS04566,0943 Hart Forest,Houston,Texas,United States,76177,CRM
AUS04567,630 Marquez Fords Apt. 293,New York,New York,United States,83961,CRM
AUS04568,62816 David Ridges Apt. 222,Phoenix,Arizona,United States,81890,CRM
AUS04569,521 Ashley Lake,Houston,Texas,United States,88217,CRM
AUS04570,1047 Cooper Shore Apt. 117,Los Angeles,California,United States,28322,CRM
AUS04571,87643 Greg Common,Chicago,Illinois,United States,51458,CRM
AUS04572,45620 Schmitt Pines,Phoenix,Arizona,United States,23174,CRM
AUS04573,2275 Debra Street,New York,New York,United States,61445,CRM
AUS04574,78992 Chang Ville Apt. 665,Los Angeles,California,United States,87754,CRM
AUS04575,39888 Abigail Prairie,Chicago,Illinois,United States,68829,CRM
AUS04576,64665 Hanna Fall,Phoenix,Arizona,United States,48628,CRM
AUS04577,068 Moore Pine,Houston,Texas,United States,32263,CRM
AUS04578,2268 Guzman Crescent Apt. 606,Los Angeles,California,United States,84526,CRM
AUS04579,365 Reynolds Lake,Chicago,Illinois,United States,51760,CRM
AUS04580,7255 Donald Rue,Phoenix,Arizona,United States,75031,CRM
AUS04581,710 Judy Junctions,New York,New York,United States,61441,CRM
AUS04582,02830 Tracy Rapid,Chicago,Illinois,United States,39102,CRM
AUS04583,013 Erika Loop,Phoenix,Arizona,United States,63052,CRM
AUS04584,639 Frederick Port Suite 590,Phoenix,Arizona,United States,92417,CRM
AUS04585,421 Kelley Harbor Apt. 346,Houston,Texas,United States,34621,CRM
AUS04586,0093 Wayne Walks,New York,New York,United States,19586,CRM
AUS04587,85017 William Knoll,Phoenix,Arizona,United States,51381,CRM
AUS04588,56651 Timothy Mills Apt. 390,Houston,Texas,United States,91716,CRM
AUS04589,8543 Vargas Inlet,New York,New York,United States,91295,CRM
AUS04590,4371 Barry Forks Apt. 991,Houston,Texas,United States,71938,CRM
AUS04591,30637 Nathan Streets,New York,New York,United States,19824,CRM
AUS04592,72446 Hernandez Parks Apt. 495,Houston,Texas,United States,01437,CRM
AUS04593,94689 Timothy Locks,Houston,Texas,United States,24682,CRM
AUS04594,6691 Rodriguez Spurs,New York,New York,United States,38935,CRM
AUS04595,6478 Sonya Turnpike,Los Angeles,California,United States,52558,CRM
AUS04596,9005 Edwards Neck,Phoenix,Arizona,United States,10968,CRM
AUS04597,2158 Steven Common Suite 930,New York,New York,United States,78609,CRM
AUS04598,5800 Willie Court,Los Angeles,California,United States,84240,CRM
AUS04599,090 Charlotte Course Suite 937,Los Angeles,California,United States,69612,CRM
AUS04600,9453 Shields Route,New York,New York,United States,30407,CRM
AUS04601,76840 Hernandez Loop Apt. 018,Los Angeles,California,United States,18520,CRM
AUS04602,658 Sandra Green Suite 322,Chicago,Illinois,United States,26112,CRM
AUS04603,687 Gomez Spur Apt. 208,Chicago,Illinois,United States,16830,CRM
AUS04604,1433 Stewart Parks,Houston,Texas,United States,73705,CRM
AUS04605,2623 Danielle Keys,Chicago,Illinois,United States,73319,CRM
AUS04606,780 Anne Loop Apt. 564,Phoenix,Arizona,United States,35046,CRM
AUS04607,098 Lauren Views,Houston,Texas,United States,91209,CRM
AUS04608,6723 Brandon Viaduct,Chicago,Illinois,United States,01579,CRM
AUS04609,6496 Stokes Lock,Phoenix,Arizona,United States,86184,CRM
AUS04610,37672 Ward Stravenue Apt. 410,Phoenix,Arizona,United States,20895,CRM
AUS04611,0248 Steele Well Suite 236,Los Angeles,California,United States,38100,CRM
AUS04612,771 Dawn Wall,Chicago,Illinois,United States,45392,CRM
AUS04613,604 Pamela Ramp,Phoenix,Arizona,United States,41129,CRM
AUS04614,56922 Bell Extensions,Phoenix,Arizona,United States,45979,CRM
AUS04615,85259 James Court,Houston,Texas,United States,58089,CRM
AUS04616,6652 Howard Vista Suite 257,Houston,Texas,United States,26088,CRM
AUS04617,53703 Hill Park,New York,New York,United States,92913,CRM
AUS04618,6576 Bennett Freeway,Chicago,Illinois,United States,65732,CRM
AUS04619,78029 Lorraine Bridge,Chicago,Illinois,United States,09716,CRM
AUS04620,369 Amy Knoll Apt. 512,New York,New York,United States,22073,CRM
AUS04621,216 Shelby Fields,Houston,Texas,United States,50847,CRM
AUS04622,170 Burns Lights Suite 073,Phoenix,Arizona,United States,18946,CRM
AUS04623,266 Ali Gardens,Houston,Texas,United States,46653,CRM
AUS04624,82190 Stephanie Parks Suite 886,Los Angeles,California,United States,31787,CRM
AUS04625,64900 Rodriguez Island Suite 536,Phoenix,Arizona,United States,18667,CRM
AUS04626,4964 Jean Extensions Apt. 841,New York,New York,United States,79497,CRM
AUS04627,8291 Potter Shoal,Houston,Texas,United States,88143,CRM
AUS04628,7257 Merritt Run,Los Angeles,California,United States,45810,CRM
AUS04629,18547 Nathan Ports Suite 698,Los Angeles,California,United States,09665,CRM
AUS04630,0573 Armstrong Fort,New York,New York,United States,15549,CRM
AUS04631,73798 Woods Ferry,Houston,Texas,United States,57153,CRM
AUS04632,900 Megan Isle,Houston,Texas,United States,41696,CRM
AUS04633,2853 Angela Ville Suite 742,Chicago,Illinois,United States,50194,CRM
AUS04634,8152 Mendoza Path Suite 755,Phoenix,Arizona,United States,54725,CRM
AUS04635,15115 Lisa Crest,Houston,Texas,United States,96004,CRM
AUS04636,2241 Edward Estates,Chicago,Illinois,United States,49293,CRM
AUS04637,34959 Martinez Turnpike Suite 515,Los Angeles,California,United States,95425,CRM
AUS04638,287 Evans Glens,Los Angeles,California,United States,15441,CRM
AUS04639,98438 Vincent Parkway Apt. 160,Chicago,Illinois,United States,76547,CRM
AUS04640,049 Dakota Street,New York,New York,United States,01510,CRM
AUS04641,399 Hernandez Parks Apt. 626,Los Angeles,California,United States,52794,CRM
AUS04642,6741 Brown Key Suite 942,Houston,Texas,United States,25238,CRM
AUS04643,42051 Alex Ford,Houston,Texas,United States,41786,CRM
AUS04644,0506 Ryan Key Apt. 195,Phoenix,Arizona,United States,27163,CRM
AUS04645,512 Cheryl Course,Phoenix,Arizona,United States,16383,CRM
AUS04646,799 Smith Crescent Suite 960,Los Angeles,California,United States,09176,CRM
AUS04647,6435 Hubbard Ridges,Chicago,Illinois,United States,40169,CRM
AUS04648,074 Tonya Bridge,Los Angeles,California,United States,79598,CRM
AUS04649,659 Christopher Lock Apt. 649,Houston,Texas,United States,04368,CRM
AUS04650,2225 Elliott Village Apt. 331,New York,New York,United States,08831,CRM
AUS04651,727 Johnson Drive Suite 340,New York,New York,United States,55419,CRM
AUS04652,626 Brandy Club,Phoenix,Arizona,United States,26907,CRM
AUS04653,826 Watson Gardens Apt. 429,Phoenix,Arizona,United States,47316,CRM
AUS04654,1773 Patterson Mountains Suite 479,Houston,Texas,United States,12282,CRM
AUS04655,575 Francis Key,Los Angeles,California,United States,55768,CRM
AUS04656,357 Alexander Dam,New York,New York,United States,06317,CRM
AUS04657,200 Aaron Mews,Chicago,Illinois,United States,34849,CRM
AUS04658,4332 Robert Ports,Phoenix,Arizona,United States,79778,CRM
AUS04659,2164 Thompson Mountain Apt. 371,Los Angeles,California,United States,01567,CRM
AUS04660,8448 Mcdaniel Drives Apt. 210,Los Angeles,California,United States,77779,CRM
AUS04661,127 Kim Wall,Los Angeles,California,United States,48092,CRM
AUS04662,4619 Robinson Groves Suite 759,Chicago,Illinois,United States,38996,CRM
AUS04663,9977 Pittman Crest,Chicago,Illinois,United States,66130,CRM
AUS04664,945 Timothy Heights Suite 639,Los Angeles,California,United States,45880,CRM
AUS04665,762 Mitchell Estates Suite 882,Los Angeles,California,United States,00684,CRM
AUS04666,1673 Bryant Valley,Chicago,Illinois,United States,33091,CRM
AUS04667,37068 Brady Turnpike Suite 692,Phoenix,Arizona,United States,83426,CRM
AUS04668,5048 Robinson Underpass Suite 507,New York,New York,United States,77008,CRM
AUS04669,07465 Michael Turnpike,Phoenix,Arizona,United States,17303,CRM
AUS04670,3730 Noah Walks,Houston,Texas,United States,98064,CRM
AUS04671,86211 Richardson Rapid,Los Angeles,California,United States,68271,CRM
AUS04672,5255 Alvarado Turnpike Apt. 691,Phoenix,Arizona,United States,21857,CRM
AUS04673,116 Joseph Parks,Phoenix,Arizona,United States,22014,CRM
AUS04674,440 Rodriguez Cove,Chicago,Illinois,United States,53096,CRM
AUS04675,1707 Fisher Prairie Suite 946,Chicago,Illinois,United States,97558,CRM
AUS04676,1023 Matthew Lodge Suite 505,Phoenix,Arizona,United States,41535,CRM
AUS04677,49744 Nelson Union,Houston,Texas,United States,30478,CRM
AUS04678,7161 Lowe Hollow Apt. 866,Chicago,Illinois,United States,57065,CRM
AUS04679,882 Jesse Plaza Apt. 474,Houston,Texas,United States,35596,CRM
AUS04680,503 Daniel Throughway Apt. 137,New York,New York,United States,28324,CRM
AUS04681,86869 Armstrong Crest Apt. 986,New York,New York,United States,67556,CRM
AUS04682,03456 Villanueva Hills Apt. 523,Los Angeles,California,United States,81570,CRM
AUS04683,43499 Scott Port,Houston,Texas,United States,31781,CRM
AUS04684,73029 William Junction Suite 980,Los Angeles,California,United States,26809,CRM
AUS04685,867 Bell Station,Phoenix,Arizona,United States,97524,CRM
AUS04686,88436 Angela Mills Apt. 758,New York,New York,United States,49881,CRM
AUS04687,84795 Robert Dale,Houston,Texas,United States,88677,CRM
AUS04688,478 Shannon Knoll Suite 541,Phoenix,Arizona,United States,82872,CRM
AUS04689,92561 Griffith Highway,Chicago,Illinois,United States,11539,CRM
AUS04690,597 Mendoza Hill Apt. 321,Phoenix,Arizona,United States,80264,CRM
AUS04691,968 Kristine Village Suite 528,New York,New York,United States,17221,CRM
AUS04692,38986 Abigail Trail Apt. 783,New York,New York,United States,62988,CRM
AUS04693,5727 Reynolds Lights,Chicago,Illinois,United States,00972,CRM
AUS04694,211 Harrison Trafficway Apt. 291,Chicago,Illinois,United States,53988,CRM
AUS04695,82608 Smith Gateway,Phoenix,Arizona,United States,32938,CRM
AUS04696,7257 Mathew Lakes,Phoenix,Arizona,United States,61320,CRM
AUS04697,7206 Bruce Ville,Houston,Texas,United States,74936,CRM
AUS04698,45559 Campbell Mountain Apt. 116,Houston,Texas,United States,73795,CRM
AUS04699,986 Donovan Mission Apt. 274,Phoenix,Arizona,United States,11149,CRM
AUS04700,2298 Lori Views Suite 867,Phoenix,Arizona,United States,76351,CRM
AUS04701,6347 Norman Lakes,Houston,Texas,United States,48221,CRM
AUS04702,996 Kelly Neck,Phoenix,Arizona,United States,86639,CRM
AUS04703,5352 Eric Corner Apt. 723,New York,New York,United States,73256,CRM
AUS04704,5936 Emma Knoll,Phoenix,Arizona,United States,27799,CRM
AUS04705,769 Caitlin Via Suite 591,Chicago,Illinois,United States,80370,CRM
AUS04706,3845 Scott Spring Suite 589,Los Angeles,California,United States,05627,CRM
AUS04707,566 Harper Inlet Apt. 999,Houston,Texas,United States,60930,CRM
AUS04708,302 Smith Fork Apt. 861,Los Angeles,California,United States,77237,CRM
AUS04709,600 Rivera Cape,Los Angeles,California,United States,80298,CRM
AUS04710,2668 Cheryl Stravenue Suite 133,Phoenix,Arizona,United States,05383,CRM
AUS04711,056 Jeremy Greens,Los Angeles,California,United States,85377,CRM
AUS04712,964 Huff Estates,Houston,Texas,United States,74022,CRM
AUS04713,0404 Kimberly Estates,Houston,Texas,United States,06220,CRM
AUS04714,1918 Kim Viaduct Suite 658,Chicago,Illinois,United States,16743,CRM
AUS04715,140 Kimberly Port Apt. 347,Phoenix,Arizona,United States,54698,CRM
AUS04716,58178 Lisa Passage Suite 198,Chicago,Illinois,United States,88359,CRM
AUS04717,84229 Kevin Mall Suite 655,Los Angeles,California,United States,98785,CRM
AUS04718,44852 Powell Mission Suite 774,Phoenix,Arizona,United States,22213,CRM
AUS04719,47598 Kendra Pine Apt. 664,Phoenix,Arizona,United States,96541,CRM
AUS04720,771 Delgado Views,Chicago,Illinois,United States,46845,CRM
AUS04721,985 Lewis Springs Apt. 063,Houston,Texas,United States,69398,CRM
AUS04722,6827 Rogers Crossroad,Los Angeles,California,United States,86243,CRM
AUS04723,03508 Reed Overpass Apt. 895,Los Angeles,California,United States,98764,CRM
AUS04724,97260 Harper Walks,Los Angeles,California,United States,61190,CRM
AUS04725,4881 Castro Alley Suite 379,Houston,Texas,United States,40906,CRM
AUS04726,390 Navarro Fork Suite 855,Houston,Texas,United States,14038,CRM
AUS04727,803 Diaz Canyon,Houston,Texas,United States,85891,CRM
AUS04728,377 Larry Mountains,Chicago,Illinois,United States,49313,CRM
AUS04729,02960 Justin Stream,Chicago,Illinois,United States,10283,CRM
AUS04730,190 Perry Cape Suite 633,New York,New York,United States,74802,CRM
AUS04731,38756 Carlos Mission,Phoenix,Arizona,United States,47994,CRM
AUS04732,2299 Corey Islands Suite 870,Los Angeles,California,United States,45000,CRM
AUS04733,45919 Lawrence Garden Apt. 598,New York,New York,United States,95717,CRM
AUS04734,21297 Brown Mews,Los Angeles,California,United States,47039,CRM
AUS04735,639 Jones Landing Apt. 804,New York,New York,United States,28976,CRM
AUS04736,3836 Carrie Ports,Houston,Texas,United States,64241,CRM
AUS04737,4379 Victor Extensions,Houston,Texas,United States,82555,CRM
AUS04738,9964 Angela Path,New York,New York,United States,02136,CRM
AUS04739,849 Charles Center,Los Angeles,California,United States,16121,CRM
AUS04740,993 House Summit Suite 498,Los Angeles,California,United States,59242,CRM
AUS04741,091 Lisa Union Apt. 070,Chicago,Illinois,United States,65603,CRM
AUS04742,62686 Michael Mill,Los Angeles,California,United States,64805,CRM
AUS04743,20607 Brian Center Apt. 948,Houston,Texas,United States,03841,CRM
AUS04744,15811 Padilla Alley,Chicago,Illinois,United States,91943,CRM
AUS04745,46416 Justin Square,Chicago,Illinois,United States,75789,CRM
AUS04746,49154 Phillips Glen Apt. 079,New York,New York,United States,03613,CRM
AUS04747,67258 Juan Springs,Phoenix,Arizona,United States,25037,CRM
AUS04748,15630 Jennifer Lights Apt. 882,Los Angeles,California,United States,82967,CRM
AUS04749,593 Campbell Way Suite 441,Chicago,Illinois,United States,76607,CRM
AUS04750,05150 Sarah Flat,Phoenix,Arizona,United States,17752,CRM
AUS04751,2874 Wheeler Well Apt. 815,Phoenix,Arizona,United States,54532,CRM
AUS04752,06408 Anderson Glen Apt. 802,Houston,Texas,United States,80241,CRM
AUS04753,04533 Elizabeth Extensions Suite 257,Los Angeles,California,United States,58697,CRM
AUS04754,89129 Stephen Forge Suite 825,Houston,Texas,United States,49745,CRM
AUS04755,38895 Steven Junctions Apt. 234,New York,New York,United States,59024,CRM
AUS04756,5198 Sara Rapid,New York,New York,United States,01975,CRM
AUS04757,94197 Robert Points Apt. 995,Phoenix,Arizona,United States,96036,CRM
AUS04758,49460 Hill Unions Apt. 620,New York,New York,United States,11605,CRM
AUS04759,106 Brett Harbors Suite 929,Houston,Texas,United States,37702,CRM
AUS04760,018 Wade Plains,Chicago,Illinois,United States,84248,CRM
AUS04761,71203 Allison Terrace,Houston,Texas,United States,29695,CRM
AUS04762,4536 Vega Plaza,Chicago,Illinois,United States,80470,CRM
AUS04763,33874 Laura Mall Suite 057,Chicago,Illinois,United States,82079,CRM
AUS04764,857 Veronica Viaduct Apt. 723,Houston,Texas,United States,26081,CRM
AUS04765,3674 Goodman Village,Houston,Texas,United States,12164,CRM
AUS04766,560 Johnson Square,Houston,Texas,United States,67064,CRM
AUS04767,084 Lutz Corners,Chicago,Illinois,United States,25731,CRM
AUS04768,70640 Scott Lane Suite 657,Los Angeles,California,United States,47364,CRM
AUS04769,93774 Gordon Cove,Houston,Texas,United States,86791,CRM
AUS04770,447 Cortez Station Apt. 221,Phoenix,Arizona,United States,30574,CRM
AUS04771,10034 Walker Meadow Suite 881,New York,New York,United States,50329,CRM
AUS04772,124 Carl Path,Los Angeles,California,United States,25567,CRM
AUS04773,5342 Wallace Causeway,Phoenix,Arizona,United States,47235,CRM
AUS04774,6364 Oneill Rest Apt. 452,New York,New York,United States,19443,CRM
AUS04775,3301 Baker Trace,Phoenix,Arizona,United States,92805,CRM
AUS04776,901 Kim Bridge Apt. 838,Los Angeles,California,United States,03837,CRM
AUS04777,928 Davis Walk,Chicago,Illinois,United States,02694,CRM
AUS04778,648 Ashlee Grove,Houston,Texas,United States,36698,CRM
AUS04779,2254 Debra River,New York,New York,United States,88970,CRM
AUS04780,97884 Ingram Ridges,Phoenix,Arizona,United States,60140,CRM
AUS04781,043 Berry Mountains,Los Angeles,California,United States,98250,CRM
AUS04782,12117 Gonzalez Point,Chicago,Illinois,United States,11721,CRM
AUS04783,21048 Whitehead Parkways,Phoenix,Arizona,United States,64995,CRM
AUS04784,7324 Edwards Burgs,Phoenix,Arizona,United States,33636,CRM
AUS04785,8620 Mckinney Square Suite 857,Houston,Texas,United States,84702,CRM
AUS04786,713 Julie Crossing Suite 001,Phoenix,Arizona,United States,60614,CRM
AUS04787,364 Debra Loop Suite 027,Houston,Texas,United States,35576,CRM
AUS04788,8796 David Alley,Houston,Texas,United States,89362,CRM
AUS04789,32130 Melanie Stravenue,Phoenix,Arizona,United States,02190,CRM
AUS04790,11892 Wilson Plaza Apt. 542,Los Angeles,California,United States,18094,CRM
AUS04791,942 Mitchell Walks Apt. 323,New York,New York,United States,59572,CRM
AUS04792,912 Mary Street,Houston,Texas,United States,56101,CRM
AUS04793,2150 Thompson Rest,Chicago,Illinois,United States,87872,CRM
AUS04794,44741 Tyler Garden Suite 953,Houston,Texas,United States,36381,CRM
AUS04795,595 Kemp Courts,New York,New York,United States,35790,CRM
AUS04796,64248 George Lock,Houston,Texas,United States,17701,CRM
AUS04797,9488 Lambert Fields Apt. 432,Chicago,Illinois,United States,13501,CRM
AUS04798,4082 Nathan Route Apt. 321,Houston,Texas,United States,47561,CRM
AUS04799,493 Eric Crossroad Suite 373,Phoenix,Arizona,United States,22332,CRM
AUS04800,89612 Conner Port,Houston,Texas,United States,56190,CRM
AUS04801,83414 Sharon Turnpike,Los Angeles,California,United States,87183,CRM
AUS04802,537 Travis Club,Houston,Texas,United States,29340,CRM
AUS04803,30237 Kimberly Views Apt. 308,New York,New York,United States,31259,CRM
AUS04804,224 Snyder Path Suite 011,New York,New York,United States,54918,CRM
AUS04805,73118 Smith Common Apt. 377,Houston,Texas,United States,64104,CRM
AUS04806,516 Adams Causeway Apt. 360,Houston,Texas,United States,05590,CRM
AUS04807,4859 Kevin Manors Apt. 241,Chicago,Illinois,United States,10799,CRM
AUS04808,0709 Sexton Via,New York,New York,United States,22058,CRM
AUS04809,4163 Jennifer Orchard Apt. 776,Phoenix,Arizona,United States,91663,CRM
AUS04810,4335 Thomas Haven,Chicago,Illinois,United States,40978,CRM
AUS04811,138 Dawson Locks Suite 818,Houston,Texas,United States,63195,CRM
AUS04812,88917 Benson Highway Suite 459,New York,New York,United States,82344,CRM
AUS04813,3768 Johnson Field Suite 263,Chicago,Illinois,United States,76015,CRM
AUS04814,27002 Willis Drive Suite 764,New York,New York,United States,58901,CRM
AUS04815,88419 Barbara Islands Suite 963,Los Angeles,California,United States,10059,CRM
AUS04816,28641 Mueller Stravenue,Houston,Texas,United States,26023,CRM
AUS04817,01409 Kennedy Trail Suite 945,Chicago,Illinois,United States,79778,CRM
AUS04818,81289 Todd Stravenue Suite 086,Phoenix,Arizona,United States,81484,CRM
AUS04819,28742 Jennifer Estate Suite 866,Chicago,Illinois,United States,74249,CRM
AUS04820,2151 Joy Heights,Chicago,Illinois,United States,39144,CRM
AUS04821,9517 Lauren Haven,Houston,Texas,United States,25748,CRM
AUS04822,07669 Shelby Fall Suite 925,New York,New York,United States,99917,CRM
AUS04823,45743 Sweeney Locks,Chicago,Illinois,United States,22490,CRM
AUS04824,485 Bianca Trafficway,Phoenix,Arizona,United States,74550,CRM
AUS04825,232 Diane Points,Chicago,Illinois,United States,39874,CRM
AUS04826,86564 Miller Road Suite 234,Phoenix,Arizona,United States,64050,CRM
AUS04827,48259 Wells Cliffs Apt. 813,Phoenix,Arizona,United States,22001,CRM
AUS04828,226 Bennett Divide Suite 773,Phoenix,Arizona,United States,80375,CRM
AUS04829,3781 Meyer Manor,Houston,Texas,United States,67100,CRM
AUS04830,1846 Franco Road Suite 319,Houston,Texas,United States,24769,CRM
AUS04831,77203 Alicia Pine Apt. 248,Phoenix,Arizona,United States,57781,CRM
AUS04832,130 Moreno Bypass Suite 724,Houston,Texas,United States,62309,CRM
AUS04833,03994 Roach Groves Apt. 928,Phoenix,Arizona,United States,19343,CRM
AUS04834,541 Brittney Hill,Houston,Texas,United States,79864,CRM
AUS04835,9364 Simpson Highway,Phoenix,Arizona,United States,94327,CRM
AUS04836,7642 Thompson Neck Suite 676,Houston,Texas,United States,78184,CRM
AUS04837,7734 Wilson Plaza,Los Angeles,California,United States,29645,CRM
AUS04838,7109 Kathleen Square,Phoenix,Arizona,United States,28017,CRM
AUS04839,38166 Jennifer Divide,Houston,Texas,United States,44662,CRM
AUS04840,302 Robert Knoll Suite 288,Houston,Texas,United States,05451,CRM
AUS04841,96751 Cox Street Suite 528,Los Angeles,California,United States,31266,CRM
AUS04842,536 Moore Mission,Phoenix,Arizona,United States,47972,CRM
AUS04843,4284 Sara Viaduct,New York,New York,United States,18290,CRM
AUS04844,57128 Cox Glens Suite 535,Los Angeles,California,United States,48990,CRM
AUS04845,4635 Timothy Ranch Apt. 402,Houston,Texas,United States,32619,CRM
AUS04846,764 French Shoal Apt. 798,New York,New York,United States,78789,CRM
AUS04847,91337 Walker Key,Los Angeles,California,United States,87697,CRM
AUS04848,617 Tina Field Suite 474,Phoenix,Arizona,United States,48592,CRM
AUS04849,10140 Rodriguez Wall,Houston,Texas,United States,63596,CRM
AUS04850,7549 Vasquez Inlet,New York,New York,United States,23006,CRM
AUS04851,208 Rivera Manors,Phoenix,Arizona,United States,89037,CRM
AUS04852,540 Werner Brook Apt. 953,Houston,Texas,United States,02566,CRM
AUS04853,670 Drake Ports,New York,New York,United States,22899,CRM
AUS04854,74345 Lawrence Stream Suite 176,Phoenix,Arizona,United States,90887,CRM
AUS04855,768 Gonzalez Shoal,New York,New York,United States,23479,CRM
AUS04856,1363 Gary Light Suite 773,Los Angeles,California,United States,19182,CRM
AUS04857,798 Wilson Hollow Apt. 231,Chicago,Illinois,United States,02958,CRM
AUS04858,28044 Julia Street,Los Angeles,California,United States,55621,CRM
AUS04859,466 Barry Dam,Los Angeles,California,United States,95411,CRM
AUS04860,3747 Pierce Villages,Chicago,Illinois,United States,88746,CRM
AUS04861,5418 Edward Mill Apt. 115,Chicago,Illinois,United States,81094,CRM
AUS04862,34550 Ashley Trail Suite 637,Houston,Texas,United States,18233,CRM
AUS04863,631 Stephanie Mission,New York,New York,United States,48024,CRM
AUS04864,184 Heather Meadow Suite 359,Houston,Texas,United States,80661,CRM
AUS04865,136 Thompson Forest,New York,New York,United States,91947,CRM
AUS04866,74743 Kurt Groves,Chicago,Illinois,United States,50765,CRM
AUS04867,732 Curry Circles,Phoenix,Arizona,United States,46972,CRM
AUS04868,308 Brian Mount,Los Angeles,California,United States,88717,CRM
AUS04869,391 Ashley Plains,Phoenix,Arizona,United States,23326,CRM
AUS04870,253 Sarah Stream,Los Angeles,California,United States,00843,CRM
AUS04871,1625 Horne Trail,New York,New York,United States,86823,CRM
AUS04872,338 Zachary Island,Houston,Texas,United States,64282,CRM
AUS04873,7796 Mary Shore,Chicago,Illinois,United States,40778,CRM
AUS04874,265 Clements Crossroad,Chicago,Illinois,United States,64075,CRM
AUS04875,6984 Walton Circle,Chicago,Illinois,United States,93977,CRM
AUS04876,378 Justin Center,Los Angeles,California,United States,09384,CRM
AUS04877,01515 Michael Centers Apt. 542,Chicago,Illinois,United States,40582,CRM
AUS04878,9107 Dennis Cove Suite 030,Chicago,Illinois,United States,84201,CRM
AUS04879,91725 Sims Point Apt. 736,New York,New York,United States,53748,CRM
AUS04880,94467 Griffin Viaduct Suite 093,Phoenix,Arizona,United States,88692,CRM
AUS04881,708 Leach Run,Los Angeles,California,United States,12902,CRM
AUS04882,80759 Hill Brooks,Los Angeles,California,United States,51071,CRM
AUS04883,51361 Krystal Drives Apt. 621,Chicago,Illinois,United States,12764,CRM
AUS04884,7572 David Extension,Houston,Texas,United States,66957,CRM
AUS04885,548 Washington Valley Suite 309,Chicago,Illinois,United States,61797,CRM
AUS04886,13314 Melissa Divide,New York,New York,United States,05451,CRM
AUS04887,9448 Adams Motorway,New York,New York,United States,25120,CRM
AUS04888,3082 Wendy Drives,Los Angeles,California,United States,63396,CRM
AUS04889,810 Matthew Islands,Los Angeles,California,United States,35957,CRM
AUS04890,162 Richardson Motorway Suite 188,Phoenix,Arizona,United States,98186,CRM
AUS04891,466 Susan Manor Suite 575,Chicago,Illinois,United States,39405,CRM
AUS04892,727 Carroll Light,New York,New York,United States,36436,CRM
AUS04893,09315 Adam Fort,Houston,Texas,United States,15109,CRM
AUS04894,55563 Corey Roads,Chicago,Illinois,United States,01139,CRM
AUS04895,614 Andrew Springs,New York,New York,United States,91181,CRM
AUS04896,501 Ryan Walks Apt. 729,Phoenix,Arizona,United States,58228,CRM
AUS04897,2571 Carrie Summit,New York,New York,United States,23127,CRM
AUS04898,0560 Christopher Island Suite 172,New York,New York,United States,38948,CRM
AUS04899,0587 Victoria Cliffs,Chicago,Illinois,United States,58516,CRM
AUS04900,947 Patty Valley Suite 516,Phoenix,Arizona,United States,31862,CRM
AUS04901,9589 Martinez Center Apt. 902,Chicago,Illinois,United States,42659,CRM
AUS04902,06877 Huffman Avenue,Los Angeles,California,United States,41121,CRM
AUS04903,55840 Tim Neck Apt. 566,Houston,Texas,United States,62232,CRM
AUS04904,8805 Tricia Circle,Phoenix,Arizona,United States,98824,CRM
AUS04905,47187 Holloway Plaza,Phoenix,Arizona,United States,01396,CRM
AUS04906,8707 Kristen Spring Suite 604,Chicago,Illinois,United States,14652,CRM
AUS04907,0468 Johnston View Apt. 920,Phoenix,Arizona,United States,47632,CRM
AUS04908,207 Galloway Views Apt. 984,Houston,Texas,United States,49739,CRM
AUS04909,406 Alicia Ranch Suite 066,New York,New York,United States,21780,CRM
AUS04910,457 Ashley Village,New York,New York,United States,19800,CRM
AUS04911,2260 Nicole Mission Suite 593,Houston,Texas,United States,97919,CRM
AUS04912,75992 Jessica Plains,Houston,Texas,United States,42437,CRM
AUS04913,840 Chad Passage,Phoenix,Arizona,United States,88206,CRM
AUS04914,01550 Jordan Ports Suite 849,Phoenix,Arizona,United States,87685,CRM
AUS04915,06949 Bailey Via,New York,New York,United States,80855,CRM
AUS04916,19588 Freeman Heights Apt. 912,Los Angeles,California,United States,71377,CRM
AUS04917,665 Miranda Freeway,Phoenix,Arizona,United States,54519,CRM
AUS04918,0121 Mendez Point Suite 816,Los Angeles,California,United States,74980,CRM
AUS04919,2005 Smith Circle,New York,New York,United States,14728,CRM
AUS04920,9372 Stephen Valley,Houston,Texas,United States,47751,CRM
AUS04921,3019 Williams Shoal,Houston,Texas,United States,20272,CRM
AUS04922,908 Harper Lane,Phoenix,Arizona,United States,17717,CRM
AUS04923,0612 Hernandez Forest,Chicago,Illinois,United States,23922,CRM
AUS04924,5583 Christopher Club Suite 430,Phoenix,Arizona,United States,51355,CRM
AUS04925,44332 Matthew Crescent,Houston,Texas,United States,12237,CRM
AUS04926,06530 Roberta Plaza Apt. 202,New York,New York,United States,16745,CRM
AUS04927,261 Brenda Glen,Los Angeles,California,United States,90371,CRM
AUS04928,41115 Linda Plain Suite 050,Chicago,Illinois,United States,36524,CRM
AUS04929,086 Maddox Shoal,New York,New York,United States,77553,CRM
AUS04930,372 Harris Cliff,Los Angeles,California,United States,36697,CRM
AUS04931,74667 Garcia Lake,Los Angeles,California,United States,27514,CRM
AUS04932,24303 Pamela Prairie,New York,New York,United States,21655,CRM
AUS04933,844 Karen Ferry Suite 513,Houston,Texas,United States,72346,CRM
AUS04934,48657 Bobby Streets Suite 064,Phoenix,Arizona,United States,15287,CRM
AUS04935,752 Jessica Plain Apt. 994,Los Angeles,California,United States,93408,CRM
AUS04936,288 John Streets Apt. 685,Chicago,Illinois,United States,33136,CRM
AUS04937,2697 Jennifer Shore,Chicago,Illinois,United States,81359,CRM
AUS04938,0479 Welch Extension,Houston,Texas,United States,88767,CRM
AUS04939,2092 Laura Turnpike Apt. 560,New York,New York,United States,60777,CRM
AUS04940,41898 Joseph Way Suite 915,New York,New York,United States,31357,CRM
AUS04941,83375 Jimenez Curve,New York,New York,United States,78603,CRM
AUS04942,0063 Joel Tunnel Apt. 549,Los Angeles,California,United States,71571,CRM
AUS04943,720 Rachael Wall,New York,New York,United States,24349,CRM
AUS04944,6905 Tapia Islands Suite 928,Los Angeles,California,United States,83801,CRM
AUS04945,6634 Deborah River Suite 712,Chicago,Illinois,United States,23897,CRM
AUS04946,987 Gomez Road Suite 829,Houston,Texas,United States,26294,CRM
AUS04947,80214 Montgomery Stravenue,Houston,Texas,United States,08425,CRM
AUS04948,9752 Amy Street,Chicago,Illinois,United States,23245,CRM
AUS04949,148 Jennifer Lodge Apt. 792,Houston,Texas,United States,15369,CRM
AUS04950,7274 Edward Hill,New York,New York,United States,46723,CRM
AUS04951,76951 Samantha Corner,Los Angeles,California,United States,80412,CRM
AUS04952,36530 William Curve,Los Angeles,California,United States,03748,CRM
AUS04953,70396 Gonzalez Roads Suite 617,Phoenix,Arizona,United States,18133,CRM
AUS04954,804 Edward Fork Apt. 666,Chicago,Illinois,United States,73004,CRM
AUS04955,319 Michelle Divide Suite 341,Phoenix,Arizona,United States,95434,CRM
AUS04956,16717 Stephen Drive,Phoenix,Arizona,United States,73232,CRM
AUS04957,82945 Brian Mews,Los Angeles,California,United States,50714,CRM
AUS04958,2208 Ruiz Courts Apt. 737,New York,New York,United States,76122,CRM
AUS04959,13556 Jacob Road Suite 331,Chicago,Illinois,United States,90468,CRM
AUS04960,043 Dixon Shoal,Los Angeles,California,United States,11159,CRM
AUS04961,6498 Taylor Brooks Apt. 979,Phoenix,Arizona,United States,35341,CRM
AUS04962,712 Alicia Locks Suite 678,Los Angeles,California,United States,72495,CRM
AUS04963,12384 Bowen Viaduct,Chicago,Illinois,United States,27423,CRM
AUS04964,870 Sellers Meadow Suite 487,Houston,Texas,United States,87957,CRM
AUS04965,091 Bennett Lights,Chicago,Illinois,United States,46263,CRM
AUS04966,356 Russo Shores,Chicago,Illinois,United States,62937,CRM
AUS04967,956 Smith Lake Apt. 425,Los Angeles,California,United States,01018,CRM
AUS04968,377 James Fork Suite 403,Los Angeles,California,United States,30006,CRM
AUS04969,190 Butler Greens,Phoenix,Arizona,United States,80623,CRM
AUS04970,6504 Soto Brooks,Chicago,Illinois,United States,27450,CRM
AUS04971,1078 Thomas Highway Suite 737,Los Angeles,California,United States,46293,CRM
AUS04972,16269 Philip Well Suite 785,Los Angeles,California,United States,18625,CRM
AUS04973,63670 Reynolds Curve Apt. 025,Houston,Texas,United States,58622,CRM
AUS04974,2310 Jennifer Mountains,Phoenix,Arizona,United States,57918,CRM
AUS04975,27370 James View Apt. 233,New York,New York,United States,01758,CRM
AUS04976,061 Susan Inlet,Los Angeles,California,United States,47660,CRM
AUS04977,811 Christina Crossing,Chicago,Illinois,United States,87284,CRM
AUS04978,84913 Holly Summit Apt. 799,Houston,Texas,United States,25044,CRM
AUS04979,488 Garcia Creek,Houston,Texas,United States,74032,CRM
AUS04980,0049 Malone Valley,Chicago,Illinois,United States,30694,CRM
AUS04981,808 Meyer Village,New York,New York,United States,67791,CRM
AUS04982,81920 Conway Burg,New York,New York,United States,11529,CRM
AUS04983,992 Gardner Pines Suite 254,Chicago,Illinois,United States,69560,CRM
AUS04984,03452 Angela Avenue,Phoenix,Arizona,United States,53518,CRM
AUS04985,7760 Kirby Forge Suite 816,Phoenix,Arizona,United States,64127,CRM
AUS04986,094 Martinez Alley Suite 679,Phoenix,Arizona,United States,68974,CRM
AUS04987,7207 Diana Divide,Chicago,Illinois,United States,09426,CRM
AUS04988,0635 Rebecca Pine,Phoenix,Arizona,United States,21793,CRM
AUS04989,228 Esparza Corner,Houston,Texas,United States,93309,CRM
AUS04990,780 Michael Manors,New York,New York,United States,26173,CRM
AUS04991,12160 Villa Square,Houston,Texas,United States,42876,CRM
AUS04992,86892 Larson Grove Suite 644,Los Angeles,California,United States,25018,CRM
AUS04993,21480 Anthony Cliff,Los Angeles,California,United States,55131,CRM
AUS04994,59769 Kyle Wall Apt. 035,Los Angeles,California,United States,37682,CRM
AUS04995,1363 Kimberly Island,Los Angeles,California,United States,77570,CRM
AUS04996,2827 Christine Manors Suite 922,Phoenix,Arizona,United States,39962,CRM
AUS04997,76278 Tracy Estates,Los Angeles,California,United States,07147,CRM
AUS04998,27227 Sullivan Hollow Apt. 323,New York,New York,United States,98412,CRM
AUS04999,4045 Coleman Flat Apt. 025,Houston,Texas,United States,79065,CRM
AUS05000,697 Carly Islands Apt. 733,New York,New York,United States,42877,CRM
AUS05001,290 Jones Flats Apt. 175,Phoenix,Arizona,United States,66031,CRM
AUS05002,272 Harold Lodge,Phoenix,Arizona,United States,85079,CRM
AUS05003,4910 Ray Fields Suite 427,New York,New York,United States,32163,CRM
AUS05004,075 Patricia Motorway Suite 021,Chicago,Illinois,United States,75480,CRM
AUS05005,8714 Carter Stravenue,New York,New York,United States,17676,CRM
AUS05006,153 Tracey Green,Los Angeles,California,United States,59162,CRM
AUS05007,855 Morrow View,Phoenix,Arizona,United States,11108,CRM
AUS05008,757 Bolton Parkway,Phoenix,Arizona,United States,70155,CRM
AUS05009,4720 Garner Roads Apt. 119,Los Angeles,California,United States,99149,CRM
AUS05010,9521 Burch Freeway Suite 759,Houston,Texas,United States,53662,CRM
AUS05011,6372 Michelle Dam,Phoenix,Arizona,United States,49168,CRM
AUS05012,700 Ray Shore Apt. 311,Chicago,Illinois,United States,06469,CRM
AUS05013,9148 Patrick Ford,New York,New York,United States,47805,CRM
AUS05014,133 Moore View,Los Angeles,California,United States,56747,CRM
AUS05015,74295 Brian Mission Apt. 196,New York,New York,United States,78928,CRM
AUS05016,3487 Le Land,Phoenix,Arizona,United States,56585,CRM
AUS05017,9900 Christopher Extensions,Houston,Texas,United States,55795,CRM
AUS05018,59529 Orr Track Suite 702,Houston,Texas,United States,39318,CRM
AUS05019,4617 Rachel Union,Chicago,Illinois,United States,08908,CRM
AUS05020,847 Carter Terrace Apt. 118,Houston,Texas,United States,12978,CRM
AUS05021,131 Michael Gardens,Houston,Texas,United States,51629,CRM
AUS05022,26489 Catherine Fork Suite 664,Chicago,Illinois,United States,82229,CRM
AUS05023,1083 Kristi Branch Apt. 214,Houston,Texas,United States,65255,CRM
AUS05024,85149 Prince Club Suite 467,Houston,Texas,United States,42664,CRM
AUS05025,0074 Olson Well,Houston,Texas,United States,67237,CRM
AUS05026,7926 Johnson Heights,Phoenix,Arizona,United States,80104,CRM
AUS05027,517 Amanda Key,New York,New York,United States,54111,CRM
AUS05028,004 Williams Coves Apt. 934,New York,New York,United States,80046,CRM
AUS05029,644 Mary Hollow,Houston,Texas,United States,93025,CRM
AUS05030,5934 Thomas Heights,Chicago,Illinois,United States,69072,CRM
AUS05031,178 Timothy Burgs Apt. 319,Chicago,Illinois,United States,42298,CRM
AUS05032,59700 Renee Village Apt. 660,Los Angeles,California,United States,40011,CRM
AUS05033,751 Michael Squares Suite 141,Phoenix,Arizona,United States,65270,CRM
AUS05034,6509 Butler Extension Apt. 307,New York,New York,United States,48640,CRM
AUS05035,978 Price Key Suite 029,Phoenix,Arizona,United States,36746,CRM
AUS05036,6049 Mcgee Valleys Apt. 457,New York,New York,United States,24432,CRM
AUS05037,152 Craig Port,Los Angeles,California,United States,67500,CRM
AUS05038,50035 Trevino Shores Suite 082,Los Angeles,California,United States,47659,CRM
AUS05039,25727 Laura Tunnel,Los Angeles,California,United States,38351,CRM
AUS05040,94661 Moore Cliff,New York,New York,United States,92690,CRM
AUS05041,563 Maria Ville,Chicago,Illinois,United States,04671,CRM
AUS05042,5872 John Place,Chicago,Illinois,United States,11332,CRM
AUS05043,29787 Scott Stream Suite 364,Houston,Texas,United States,30605,CRM
AUS05044,624 Steven Station Apt. 384,Chicago,Illinois,United States,97714,CRM
AUS05045,73468 Villanueva Ranch,Chicago,Illinois,United States,80794,CRM
AUS05046,589 Phillip Hollow Suite 899,New York,New York,United States,91670,CRM
AUS05047,418 Blake Cliffs,Phoenix,Arizona,United States,07888,CRM
AUS05048,09615 Allen Cape,Phoenix,Arizona,United States,63309,CRM
AUS05049,27451 Conway Station Suite 867,Chicago,Illinois,United States,26241,CRM
AUS05050,27957 Johnson Mission Apt. 710,Los Angeles,California,United States,04612,CRM
AUS05051,71924 Andrew Locks Apt. 522,New York,New York,United States,29128,CRM
AUS05052,888 Campbell Passage,New York,New York,United States,46941,CRM
AUS05053,9068 Sullivan Cape,Chicago,Illinois,United States,62488,CRM
AUS05054,9318 Perez Locks,Chicago,Illinois,United States,58556,CRM
AUS05055,905 Angel Station Apt. 412,Phoenix,Arizona,United States,33780,CRM
AUS05056,33081 Kristen Track,Chicago,Illinois,United States,01929,CRM
AUS05057,39679 Anderson Falls,Houston,Texas,United States,89801,CRM
AUS05058,717 Nelson Drive,Chicago,Illinois,United States,44629,CRM
AUS05059,4910 Clark Alley Apt. 160,Houston,Texas,United States,47112,CRM
AUS05060,8874 Mcfarland Fort,Los Angeles,California,United States,33367,CRM
AUS05061,579 Bradley Freeway Apt. 565,Chicago,Illinois,United States,08522,CRM
AUS05062,08804 Ford Key,New York,New York,United States,96915,CRM
AUS05063,67507 Bethany Motorway Apt. 458,Chicago,Illinois,United States,52221,CRM
AUS05064,5507 James Oval,Chicago,Illinois,United States,52547,CRM
AUS05065,37611 Martinez Isle Suite 697,Phoenix,Arizona,United States,05065,CRM
AUS05066,83338 Mark Crescent,New York,New York,United States,57960,CRM
AUS05067,2756 Deborah Inlet,Phoenix,Arizona,United States,62779,CRM
AUS05068,206 King Fields Suite 132,New York,New York,United States,31455,CRM
AUS05069,75572 Valerie Stravenue Suite 357,Los Angeles,California,United States,76718,CRM
AUS05070,71989 Carr Forks Suite 394,New York,New York,United States,81937,CRM
AUS05071,32456 Johnson Manors Suite 797,New York,New York,United States,37683,CRM
AUS05072,093 Rhonda Flats Apt. 801,Los Angeles,California,United States,09309,CRM
AUS05073,88843 Gross Meadows Suite 935,Houston,Texas,United States,13480,CRM
AUS05074,76045 Rivera Port,Chicago,Illinois,United States,15657,CRM
AUS05075,48868 Walker Square,Chicago,Illinois,United States,89956,CRM
AUS05076,6137 Ramos Court Suite 247,New York,New York,United States,28823,CRM
AUS05077,70903 Garcia Meadows,Los Angeles,California,United States,53359,CRM
AUS05078,6670 Steele Ferry Apt. 276,Chicago,Illinois,United States,79491,CRM
AUS05079,829 Judy Station,Houston,Texas,United States,67281,CRM
AUS05080,36792 David Ports,New York,New York,United States,62717,CRM
AUS05081,8586 Buchanan Isle Apt. 829,Houston,Texas,United States,56036,CRM
AUS05082,5903 Hammond Garden Apt. 051,Chicago,Illinois,United States,22593,CRM
AUS05083,83670 Paula Spurs,New York,New York,United States,49021,CRM
AUS05084,886 James Mission Suite 005,New York,New York,United States,18836,CRM
AUS05085,6199 Davidson Well Suite 467,Chicago,Illinois,United States,39981,CRM
AUS05086,84113 Jordan Spur,Los Angeles,California,United States,00935,CRM
AUS05087,4707 Hill Drive Apt. 569,Chicago,Illinois,United States,25595,CRM
AUS05088,0819 Frazier Inlet,New York,New York,United States,82269,CRM
AUS05089,1782 Melvin Brook,Chicago,Illinois,United States,35643,CRM
AUS05090,570 Graham Shores Suite 368,New York,New York,United States,43172,CRM
AUS05091,2898 Mia View,New York,New York,United States,63918,CRM
AUS05092,307 Jerry Prairie,Phoenix,Arizona,United States,58641,CRM
AUS05093,334 Scott Junction,New York,New York,United States,65869,CRM
AUS05094,1575 Schaefer Heights,Chicago,Illinois,United States,83595,CRM
AUS05095,573 Dawn Squares,New York,New York,United States,30238,CRM
AUS05096,54823 Campbell Stravenue,Phoenix,Arizona,United States,09006,CRM
AUS05097,217 Anna River,Phoenix,Arizona,United States,54175,CRM
AUS05098,10096 Taylor Parkway Apt. 140,New York,New York,United States,30208,CRM
AUS05099,48729 Soto Brook Suite 341,Houston,Texas,United States,33392,CRM
AUS05100,06721 Matthew Station,New York,New York,United States,84937,CRM
AUS05101,7333 Rebecca Points,Los Angeles,California,United States,32540,CRM
AUS05102,3666 Jimmy Road Apt. 208,Chicago,Illinois,United States,08259,CRM
AUS05103,771 Pierce Common,New York,New York,United States,71907,CRM
AUS05104,1011 James Harbor,Houston,Texas,United States,99864,CRM
AUS05105,3379 Rivera Springs Suite 410,Houston,Texas,United States,17300,CRM
AUS05106,172 Maria Divide,Houston,Texas,United States,96240,CRM
AUS05107,9078 Wagner Locks,Phoenix,Arizona,United States,94668,CRM
AUS05108,4595 Aguilar Road Suite 747,Los Angeles,California,United States,14238,CRM
AUS05109,8984 Brian Expressway,Houston,Texas,United States,16164,CRM
AUS05110,011 Dean Mills Suite 532,Phoenix,Arizona,United States,37419,CRM
AUS05111,8867 George Cliff,Los Angeles,California,United States,08558,CRM
AUS05112,05244 Andrew Locks Suite 853,Los Angeles,California,United States,08512,CRM
AUS05113,916 Stephanie Spur,New York,New York,United States,19081,CRM
AUS05114,927 Cannon Mills Apt. 084,Chicago,Illinois,United States,60678,CRM
AUS05115,861 Cindy Union Apt. 639,Chicago,Illinois,United States,97640,CRM
AUS05116,2797 Nichols Via Apt. 616,Chicago,Illinois,United States,29327,CRM
AUS05117,2762 Timothy Loaf Suite 405,Chicago,Illinois,United States,82204,CRM
AUS05118,859 Matthew Village Apt. 065,Los Angeles,California,United States,63457,CRM
AUS05119,72014 Brittney Forks,New York,New York,United States,07728,CRM
AUS05120,856 Adams Stravenue Apt. 385,Houston,Texas,United States,74406,CRM
AUS05121,31115 Mejia Skyway,New York,New York,United States,65185,CRM
AUS05122,93864 Aaron Mountain,Chicago,Illinois,United States,23078,CRM
AUS05123,50141 Holloway Hollow Suite 359,New York,New York,United States,68535,CRM
AUS05124,5104 Campbell Corner,Phoenix,Arizona,United States,50457,CRM
AUS05125,8546 Browning Circle Suite 800,Houston,Texas,United States,87241,CRM
AUS05126,3497 Douglas Lodge Apt. 675,Houston,Texas,United States,07271,CRM
AUS05127,93444 Gutierrez Spur Suite 639,Phoenix,Arizona,United States,40385,CRM
AUS05128,6355 Kayla Village,Los Angeles,California,United States,70423,CRM
AUS05129,0884 Lopez Summit Suite 539,Chicago,Illinois,United States,50169,CRM
AUS05130,8467 Craig Grove Apt. 511,Houston,Texas,United States,16151,CRM
AUS05131,02272 Moss Tunnel,Los Angeles,California,United States,65887,CRM
AUS05132,26584 Shannon Mountains Apt. 129,Chicago,Illinois,United States,38938,CRM
AUS05133,06235 Brianna Turnpike Suite 538,New York,New York,United States,90614,CRM
AUS05134,092 Oconnor Roads Apt. 312,Los Angeles,California,United States,70462,CRM
AUS05135,69100 Veronica Meadows Apt. 452,Phoenix,Arizona,United States,72246,CRM
AUS05136,78514 Foley Point Suite 463,Chicago,Illinois,United States,53192,CRM
AUS05137,835 Woodard Forge Suite 591,Chicago,Illinois,United States,09835,CRM
AUS05138,35835 Tonya Stream,New York,New York,United States,77506,CRM
AUS05139,29591 Rodney Pike Apt. 944,Los Angeles,California,United States,79432,CRM
AUS05140,7712 Dixon Loaf,Los Angeles,California,United States,09826,CRM
AUS05141,8225 Saunders Forest Suite 745,New York,New York,United States,09809,CRM
AUS05142,1956 Lopez Route Apt. 298,Chicago,Illinois,United States,29830,CRM
AUS05143,018 Scott Turnpike,Houston,Texas,United States,53435,CRM
AUS05144,0993 Young Ramp Suite 526,Chicago,Illinois,United States,31502,CRM
AUS05145,1083 White Skyway,New York,New York,United States,77146,CRM
AUS05146,11830 Eileen Falls,Houston,Texas,United States,95484,CRM
AUS05147,4906 Troy Isle Apt. 754,Phoenix,Arizona,United States,99646,CRM
AUS05148,61100 Amanda Ways,Chicago,Illinois,United States,06450,CRM
AUS05149,4457 Paula Islands,Los Angeles,California,United States,08014,CRM
AUS05150,01428 Wright Mountains Apt. 620,New York,New York,United States,65792,CRM
AUS05151,234 Gutierrez Loop Suite 523,Phoenix,Arizona,United States,48773,CRM
AUS05152,25225 Jackson Heights Suite 256,Los Angeles,California,United States,43720,CRM
AUS05153,3289 Williams Highway Apt. 052,Chicago,Illinois,United States,59831,CRM
AUS05154,12481 Kenneth Lights Apt. 575,New York,New York,United States,97832,CRM
AUS05155,2679 Barnett Views Suite 260,Chicago,Illinois,United States,97902,CRM
AUS05156,5594 Diaz Ranch,Phoenix,Arizona,United States,02338,CRM
AUS05157,42321 Washington Shore,Houston,Texas,United States,00912,CRM
AUS05158,5563 Charlene Lock,Phoenix,Arizona,United States,47625,CRM
AUS05159,013 Pitts Spring,New York,New York,United States,26495,CRM
AUS05160,5356 Obrien Mill,Chicago,Illinois,United States,46955,CRM
AUS05161,3434 Smith Manors,Phoenix,Arizona,United States,82037,CRM
AUS05162,2099 Moore Forest,New York,New York,United States,52721,CRM
AUS05163,295 Natasha Course Apt. 315,Phoenix,Arizona,United States,86092,CRM
AUS05164,91599 Jason Forge Apt. 384,Los Angeles,California,United States,77982,CRM
AUS05165,3589 Chelsea Crossing Suite 169,Phoenix,Arizona,United States,57338,CRM
AUS05166,892 Hancock Trace,Phoenix,Arizona,United States,38616,CRM
AUS05167,1100 William Drive Apt. 381,Phoenix,Arizona,United States,26692,CRM
AUS05168,1670 Ball Stream Suite 461,Phoenix,Arizona,United States,07008,CRM
AUS05169,905 Ricky Ramp,Chicago,Illinois,United States,37224,CRM
AUS05170,83543 Scott Inlet Apt. 928,Phoenix,Arizona,United States,25763,CRM
AUS05171,3356 Davenport Manor Apt. 547,Houston,Texas,United States,24154,CRM
AUS05172,44028 Glenn Ferry,Houston,Texas,United States,99779,CRM
AUS05173,425 Ellison Shore Suite 492,Los Angeles,California,United States,74928,CRM
AUS05174,0919 Williams Crescent Apt. 744,Chicago,Illinois,United States,84210,CRM
AUS05175,066 Pham Hills Apt. 994,Houston,Texas,United States,94396,CRM
AUS05176,97108 Joseph Street Apt. 651,Phoenix,Arizona,United States,25446,CRM
AUS05177,3667 Kelly Mountains,Chicago,Illinois,United States,25751,CRM
AUS05178,95225 Moore Stream,New York,New York,United States,85755,CRM
AUS05179,792 Lori Route Apt. 244,Los Angeles,California,United States,44921,CRM
AUS05180,627 Garrett Plaza Suite 248,Chicago,Illinois,United States,00621,CRM
AUS05181,4651 Erica Village,New York,New York,United States,68922,CRM
AUS05182,9887 Roberson Mission,Chicago,Illinois,United States,64452,CRM
AUS05183,855 Jeremy Fords,Houston,Texas,United States,11119,CRM
AUS05184,317 Harris Gardens,New York,New York,United States,71063,CRM
AUS05185,2081 Michael Forge,Phoenix,Arizona,United States,95140,CRM
AUS05186,107 Wilson Roads Suite 363,Houston,Texas,United States,06498,CRM
AUS05187,980 Yates Trafficway,Chicago,Illinois,United States,51601,CRM
AUS05188,35814 Kara Circles Suite 864,Phoenix,Arizona,United States,96587,CRM
AUS05189,76447 Tyler Flat,Houston,Texas,United States,06855,CRM
AUS05190,011 David Crossroad Suite 219,New York,New York,United States,29568,CRM
AUS05191,0328 Robert Courts Suite 990,Chicago,Illinois,United States,04192,CRM
AUS05192,061 Berry Terrace,Chicago,Illinois,United States,25286,CRM
AUS05193,5515 Hernandez Bridge Suite 388,Chicago,Illinois,United States,36960,CRM
AUS05194,99873 Benson Heights,Houston,Texas,United States,66870,CRM
AUS05195,4626 Robertson Loop,Los Angeles,California,United States,80855,CRM
AUS05196,043 Phyllis Cove Suite 739,Los Angeles,California,United States,19653,CRM
AUS05197,835 Woods Causeway Suite 297,Los Angeles,California,United States,76729,CRM
AUS05198,27920 Smith View,Phoenix,Arizona,United States,02781,CRM
AUS05199,383 Ramirez Springs Apt. 155,New York,New York,United States,30510,CRM
AUS05200,30303 James Lock,Phoenix,Arizona,United States,43980,CRM
AUS05201,663 Linda Keys,Houston,Texas,United States,36443,CRM
AUS05202,078 Carrie Field Apt. 690,Houston,Texas,United States,32600,CRM
AUS05203,25924 Christopher Locks,Los Angeles,California,United States,47309,CRM
AUS05204,40743 Matthew Pike Suite 105,Los Angeles,California,United States,58581,CRM
AUS05205,768 Scott Springs,Phoenix,Arizona,United States,80925,CRM
AUS05206,793 Cindy Fields Suite 907,Los Angeles,California,United States,94612,CRM
AUS05207,0498 Owens Harbor,Los Angeles,California,United States,30327,CRM
AUS05208,39889 Middleton Meadows,New York,New York,United States,06066,CRM
AUS05209,6626 Collins Hills Suite 565,Phoenix,Arizona,United States,83585,CRM
AUS05210,952 Kimberly Harbors Apt. 191,Chicago,Illinois,United States,99897,CRM
AUS05211,9354 Brooke Canyon Apt. 718,Los Angeles,California,United States,20082,CRM
AUS05212,65768 Erin Roads,Chicago,Illinois,United States,65256,CRM
AUS05213,90671 Young Ferry,Chicago,Illinois,United States,65092,CRM
AUS05214,74875 Le Way Suite 587,New York,New York,United States,65205,CRM
AUS05215,44254 Fitzgerald Forks Suite 857,Houston,Texas,United States,92956,CRM
AUS05216,91483 Olsen Shore Apt. 803,Houston,Texas,United States,01335,CRM
AUS05217,2973 Karen Circles Suite 997,Chicago,Illinois,United States,67328,CRM
AUS05218,917 Evelyn Passage,Houston,Texas,United States,99391,CRM
AUS05219,498 Alison Springs Apt. 930,Los Angeles,California,United States,45010,CRM
AUS05220,24236 Wright Ridge,Houston,Texas,United States,78702,CRM
AUS05221,01561 Luna Fords Suite 615,Houston,Texas,United States,26670,CRM
AUS05222,5120 Taylor Road Suite 501,Chicago,Illinois,United States,28107,CRM
AUS05223,6422 Paul Mountain,Phoenix,Arizona,United States,78745,CRM
AUS05224,839 Jose Valley,Los Angeles,California,United States,32200,CRM
AUS05225,008 Chang Station,New York,New York,United States,13199,CRM
AUS05226,427 Christina Freeway,Houston,Texas,United States,20594,CRM
AUS05227,4322 Duncan Ville Suite 171,Houston,Texas,United States,43212,CRM
AUS05228,3235 Nicole Mission Suite 984,Houston,Texas,United States,72340,CRM
AUS05229,14735 Buchanan Views Apt. 978,Chicago,Illinois,United States,20493,CRM
AUS05230,04665 Jesus Keys Suite 986,Chicago,Illinois,United States,76205,CRM
AUS05231,0579 Schneider Circles,Phoenix,Arizona,United States,33110,CRM
AUS05232,628 Williams Parkway,Phoenix,Arizona,United States,66127,CRM
AUS05233,8648 Phillip Points,Chicago,Illinois,United States,50018,CRM
AUS05234,139 Andrea Tunnel,Chicago,Illinois,United States,55420,CRM
AUS05235,986 Ryan Highway,New York,New York,United States,19594,CRM
AUS05236,17145 Amber Estates,Los Angeles,California,United States,42039,CRM
AUS05237,978 Manning Island Apt. 560,Houston,Texas,United States,81262,CRM
AUS05238,7015 Morgan Cove Apt. 629,Chicago,Illinois,United States,97510,CRM
AUS05239,3372 Chang Park,Chicago,Illinois,United States,70756,CRM
AUS05240,2445 Catherine Vista,Los Angeles,California,United States,79142,CRM
AUS05241,626 Garcia Path,Phoenix,Arizona,United States,86596,CRM
AUS05242,90461 Perry Mills,Phoenix,Arizona,United States,91163,CRM
AUS05243,35276 Mckee Manors,Phoenix,Arizona,United States,53246,CRM
AUS05244,871 Smith Stream,Phoenix,Arizona,United States,30476,CRM
AUS05245,64919 Dawson Row Suite 671,Chicago,Illinois,United States,52553,CRM
AUS05246,6134 Michael Knolls Suite 066,Phoenix,Arizona,United States,87383,CRM
AUS05247,24320 Baker Ford,Houston,Texas,United States,66881,CRM
AUS05248,66930 Jonathon Forges,Los Angeles,California,United States,28537,CRM
AUS05249,7294 Christina Road Apt. 419,Chicago,Illinois,United States,18244,CRM
AUS05250,5169 Kelly Fort,Los Angeles,California,United States,98870,CRM
AUS05251,13251 Helen Orchard,Houston,Texas,United States,67492,CRM
AUS05252,8978 Joshua Parkway Apt. 296,Los Angeles,California,United States,74912,CRM
AUS05253,0584 Brooke Tunnel,Houston,Texas,United States,02760,CRM
AUS05254,20134 Long Field Apt. 012,Phoenix,Arizona,United States,90866,CRM
AUS05255,17537 Downs Meadows,Los Angeles,California,United States,68923,CRM
AUS05256,0156 Samantha Trafficway Apt. 614,New York,New York,United States,28560,CRM
AUS05257,276 Lee Bridge,Chicago,Illinois,United States,53640,CRM
AUS05258,97984 Tyler Mill Suite 490,New York,New York,United States,65062,CRM
AUS05259,1703 Shelby Passage Suite 725,Phoenix,Arizona,United States,97605,CRM
AUS05260,5037 Weeks Row Suite 789,Houston,Texas,United States,31909,CRM
AUS05261,8477 Diana Street Apt. 203,Chicago,Illinois,United States,06042,CRM
AUS05262,91633 Robert Villages Suite 228,Chicago,Illinois,United States,37177,CRM
AUS05263,073 Burke Trafficway Suite 109,Los Angeles,California,United States,79224,CRM
AUS05264,57509 Linda Ports Suite 932,New York,New York,United States,80937,CRM
AUS05265,044 Robert Shores Suite 075,Houston,Texas,United States,09404,CRM
AUS05266,1869 Heather Vista,Chicago,Illinois,United States,22620,CRM
AUS05267,468 Justin Parkways,Houston,Texas,United States,97928,CRM
AUS05268,04098 Francisco Lodge,Chicago,Illinois,United States,80300,CRM
AUS05269,2886 Francis Path Apt. 746,Houston,Texas,United States,00818,CRM
AUS05270,6990 Anderson Crescent,New York,New York,United States,42350,CRM
AUS05271,6168 Duncan Junctions Apt. 981,Los Angeles,California,United States,90720,CRM
AUS05272,2363 Kevin Ridge,Phoenix,Arizona,United States,02154,CRM
AUS05273,7307 Fleming Manor Apt. 421,Phoenix,Arizona,United States,63448,CRM
AUS05274,3096 Mark Drives Suite 916,Houston,Texas,United States,55953,CRM
AUS05275,62050 Jennifer Inlet Apt. 804,New York,New York,United States,97821,CRM
AUS05276,54788 Yvonne Plain,Phoenix,Arizona,United States,91847,CRM
AUS05277,4589 Stacie Crossing,Los Angeles,California,United States,15818,CRM
AUS05278,07596 Wilson Ramp Apt. 525,Houston,Texas,United States,54658,CRM
AUS05279,10217 Vance Mountains Suite 561,Chicago,Illinois,United States,65734,CRM
AUS05280,3289 David Views,Chicago,Illinois,United States,06270,CRM
AUS05281,099 Bonilla Estates,Los Angeles,California,United States,67615,CRM
AUS05282,52041 Parker Common,Phoenix,Arizona,United States,93592,CRM
AUS05283,485 Mathews Squares Apt. 072,Phoenix,Arizona,United States,99050,CRM
AUS05284,15626 Martinez Hill,Chicago,Illinois,United States,93487,CRM
AUS05285,950 Smith Prairie Apt. 779,Chicago,Illinois,United States,22745,CRM
AUS05286,736 Allen Spring,Houston,Texas,United States,87902,CRM
AUS05287,85606 Berry Court Suite 152,Phoenix,Arizona,United States,56411,CRM
AUS05288,16026 Snow Cliff Suite 657,Chicago,Illinois,United States,28683,CRM
AUS05289,44509 Estrada Terrace Apt. 107,Houston,Texas,United States,70878,CRM
AUS05290,12224 Sheila Place,Los Angeles,California,United States,01843,CRM
AUS05291,908 Williamson Village,Chicago,Illinois,United States,77392,CRM
AUS05292,796 Philip Parkways Suite 870,Houston,Texas,United States,64037,CRM
AUS05293,2177 Eric Haven Apt. 616,Phoenix,Arizona,United States,89103,CRM
AUS05294,24087 Brittany Lake Suite 471,Houston,Texas,United States,49508,CRM
AUS05295,29348 Alan Dam Suite 688,Phoenix,Arizona,United States,52057,CRM
AUS05296,76306 John Hills Suite 767,Chicago,Illinois,United States,19952,CRM
AUS05297,14737 Ashley Camp,New York,New York,United States,67051,CRM
AUS05298,1849 Brett Radial,New York,New York,United States,57066,CRM
AUS05299,24830 Christensen Square Suite 536,Chicago,Illinois,United States,34465,CRM
AUS05300,12941 Garcia Ferry,Houston,Texas,United States,77280,CRM
AUS05301,033 Travis Dale,Phoenix,Arizona,United States,44562,CRM
AUS05302,45420 Richard Squares Apt. 523,New York,New York,United States,00819,CRM
AUS05303,109 Sharon Mills,New York,New York,United States,49963,CRM
AUS05304,678 Shelia Expressway Apt. 983,Los Angeles,California,United States,09468,CRM
AUS05305,42469 Davis Branch Apt. 029,Los Angeles,California,United States,42091,CRM
AUS05306,678 Mcdaniel Estates Apt. 444,Los Angeles,California,United States,63079,CRM
AUS05307,6121 Monica Manors,Chicago,Illinois,United States,22768,CRM
AUS05308,15061 Bobby Pine Suite 985,Los Angeles,California,United States,62824,CRM
AUS05309,895 Williams Lakes,Los Angeles,California,United States,90025,CRM
AUS05310,928 Powell Harbor,New York,New York,United States,56335,CRM
AUS05311,0006 Debbie Stream Suite 233,Phoenix,Arizona,United States,85161,CRM
AUS05312,969 Humphrey Summit Suite 964,Chicago,Illinois,United States,28596,CRM
AUS05313,57651 Michelle Ports,Chicago,Illinois,United States,64573,CRM
AUS05314,559 Shawna Ford,Los Angeles,California,United States,08199,CRM
AUS05315,546 Herring Mountains Suite 412,Chicago,Illinois,United States,94067,CRM
AUS05316,65700 Molly Parkways Suite 646,New York,New York,United States,97865,CRM
AUS05317,073 Jones Crossroad Apt. 616,New York,New York,United States,41730,CRM
AUS05318,2473 Stewart Street Apt. 995,Chicago,Illinois,United States,56649,CRM
AUS05319,91862 Brett Fork Suite 802,Phoenix,Arizona,United States,13946,CRM
AUS05320,0196 Galloway Mount,New York,New York,United States,06058,CRM
AUS05321,0119 Joyce Stream Apt. 681,New York,New York,United States,44268,CRM
AUS05322,237 Derek Villages,Chicago,Illinois,United States,58573,CRM
AUS05323,058 Shawn Crossroad,Chicago,Illinois,United States,35475,CRM
AUS05324,103 Melanie Extensions Apt. 450,New York,New York,United States,98995,CRM
AUS05325,215 Gina Club Suite 733,Houston,Texas,United States,27852,CRM
AUS05326,689 Raven Stream Suite 699,New York,New York,United States,85166,CRM
AUS05327,35269 Renee Mountain Suite 111,Houston,Texas,United States,73307,CRM
AUS05328,75923 Mariah Lakes,New York,New York,United States,12187,CRM
AUS05329,592 Powell Forge,Houston,Texas,United States,49894,CRM
AUS05330,2012 Craig Hill Suite 314,New York,New York,United States,07183,CRM
AUS05331,88258 Tanya Circle,New York,New York,United States,59324,CRM
AUS05332,77483 Omar Centers Suite 969,New York,New York,United States,85284,CRM
AUS05333,99360 Dean Gardens Suite 020,Houston,Texas,United States,04574,CRM
AUS05334,927 Martin Road Suite 967,Los Angeles,California,United States,37570,CRM
AUS05335,662 Stephen Land,New York,New York,United States,73541,CRM
AUS05336,3542 Matthew Trail Apt. 234,Phoenix,Arizona,United States,55433,CRM
AUS05337,871 Kirby Forks Suite 966,New York,New York,United States,51366,CRM
AUS05338,849 Rodriguez Curve Apt. 731,Chicago,Illinois,United States,40276,CRM
AUS05339,444 Johnson Roads Apt. 198,Los Angeles,California,United States,46458,CRM
AUS05340,16440 Myers Pines Apt. 046,Los Angeles,California,United States,74459,CRM
AUS05341,1103 Steven Plain,Chicago,Illinois,United States,38660,CRM
AUS05342,79697 Christina Key Apt. 688,Los Angeles,California,United States,43535,CRM
AUS05343,58440 Taylor Grove Suite 702,Phoenix,Arizona,United States,66638,CRM
AUS05344,8293 Bell Passage,Phoenix,Arizona,United States,98850,CRM
AUS05345,84893 Traci Locks Suite 989,Chicago,Illinois,United States,98728,CRM
AUS05346,07945 Walker Drive Apt. 455,New York,New York,United States,07813,CRM
AUS05347,726 Cummings Groves Suite 716,Phoenix,Arizona,United States,83549,CRM
AUS05348,01755 Lauren Ferry,Chicago,Illinois,United States,98911,CRM
AUS05349,8213 Kristina Tunnel,New York,New York,United States,24674,CRM
AUS05350,1304 Lee Camp,Phoenix,Arizona,United States,70346,CRM
AUS05351,41752 Alvarez Passage,Chicago,Illinois,United States,39641,CRM
AUS05352,301 Angela Manor Apt. 131,Los Angeles,California,United States,94662,CRM
AUS05353,50259 Campbell Burgs,New York,New York,United States,17530,CRM
AUS05354,6981 Cynthia Run,New York,New York,United States,11434,CRM
AUS05355,30050 Lori Freeway Apt. 598,Los Angeles,California,United States,90644,CRM
AUS05356,934 Ashley Village,Phoenix,Arizona,United States,67708,CRM
AUS05357,89550 Jeffrey Plains Suite 736,Phoenix,Arizona,United States,46348,CRM
AUS05358,685 Sheppard Ford Suite 230,Houston,Texas,United States,71762,CRM
AUS05359,601 Tucker Courts,Houston,Texas,United States,53902,CRM
AUS05360,018 Maria Extension,Los Angeles,California,United States,65071,CRM
AUS05361,874 Marcus Dam,New York,New York,United States,71949,CRM
AUS05362,756 Diane Road,Chicago,Illinois,United States,90257,CRM
AUS05363,643 Richard Stravenue Suite 783,Los Angeles,California,United States,25377,CRM
AUS05364,48366 Maria Island,Phoenix,Arizona,United States,07962,CRM
AUS05365,47932 Andrew River Apt. 756,Chicago,Illinois,United States,18608,CRM
AUS05366,5436 Clark Expressway Suite 721,Houston,Texas,United States,73960,CRM
AUS05367,4643 Abbott Spurs,Chicago,Illinois,United States,14651,CRM
AUS05368,7534 Smith Mill,Chicago,Illinois,United States,30696,CRM
AUS05369,853 Crawford Estate,Chicago,Illinois,United States,80528,CRM
AUS05370,13277 Marc Skyway Suite 443,Chicago,Illinois,United States,33750,CRM
AUS05371,6460 Patterson Dale Apt. 059,Chicago,Illinois,United States,48537,CRM
AUS05372,2859 Jacqueline Fort Apt. 494,New York,New York,United States,97102,CRM
AUS05373,12794 Timothy Glens Suite 503,Los Angeles,California,United States,77080,CRM
AUS05374,783 Peters Fall,Chicago,Illinois,United States,08374,CRM
AUS05375,204 Mark Pass Apt. 322,New York,New York,United States,75706,CRM
AUS05376,154 Kevin Trafficway Suite 480,Phoenix,Arizona,United States,68054,CRM
AUS05377,59782 Powell Throughway,New York,New York,United States,48725,CRM
AUS05378,89025 Michele Mall Apt. 058,Los Angeles,California,United States,70969,CRM
AUS05379,622 Riley Summit Apt. 924,Phoenix,Arizona,United States,92123,CRM
AUS05380,527 Barron Plaza,Chicago,Illinois,United States,41179,CRM
AUS05381,257 Paul Brook,Los Angeles,California,United States,04364,CRM
AUS05382,33446 Johnson Islands Apt. 493,New York,New York,United States,34827,CRM
AUS05383,39557 Peter Extensions,Los Angeles,California,United States,31935,CRM
AUS05384,84152 Smith Meadows,New York,New York,United States,38626,CRM
AUS05385,175 Francisco Vista,Chicago,Illinois,United States,03471,CRM
AUS05386,96672 Laura Shoals,Phoenix,Arizona,United States,32236,CRM
AUS05387,74043 Jones Parkway Suite 128,New York,New York,United States,90174,CRM
AUS05388,571 Vincent Gardens Apt. 202,New York,New York,United States,66066,CRM
AUS05389,971 Hopkins Island Apt. 942,Houston,Texas,United States,04166,CRM
AUS05390,56173 Thomas Fork Suite 293,New York,New York,United States,17244,CRM
AUS05391,38341 Bowen Streets Apt. 953,New York,New York,United States,01691,CRM
AUS05392,4628 Brown Mount Suite 701,Chicago,Illinois,United States,37501,CRM
AUS05393,246 Jesus Lock,New York,New York,United States,02321,CRM
AUS05394,14179 Darlene Spur Suite 238,Los Angeles,California,United States,57891,CRM
AUS05395,173 Samantha Mall,Houston,Texas,United States,93828,CRM
AUS05396,363 Emma Courts Suite 706,Chicago,Illinois,United States,77955,CRM
AUS05397,69426 Michael Turnpike,Chicago,Illinois,United States,15037,CRM
AUS05398,76192 William Manor Suite 466,New York,New York,United States,43267,CRM
AUS05399,66349 Adams Pine,New York,New York,United States,28010,CRM
AUS05400,025 Miller Gateway,Los Angeles,California,United States,97582,CRM
AUS05401,7011 Lawrence Falls,New York,New York,United States,47759,CRM
AUS05402,8720 Shane Highway Suite 357,Chicago,Illinois,United States,38887,CRM
AUS05403,38203 Michael Ramp Suite 776,Phoenix,Arizona,United States,80808,CRM
AUS05404,58258 Melissa Tunnel Apt. 175,New York,New York,United States,81465,CRM
AUS05405,1298 Amber Ways,Phoenix,Arizona,United States,49740,CRM
AUS05406,2157 Long Locks,Houston,Texas,United States,61671,CRM
AUS05407,80672 Carr Stream Suite 656,Los Angeles,California,United States,10483,CRM
AUS05408,039 Brown Springs,Chicago,Illinois,United States,28112,CRM
AUS05409,8073 Lopez Common,Chicago,Illinois,United States,78961,CRM
AUS05410,329 Alvarez Prairie Apt. 203,Phoenix,Arizona,United States,56519,CRM
AUS05411,7734 Nancy View Apt. 089,Phoenix,Arizona,United States,91625,CRM
AUS05412,116 Barbara Ridge,Los Angeles,California,United States,51044,CRM
AUS05413,13812 Lauren Road,Phoenix,Arizona,United States,82307,CRM
AUS05414,0678 Charles Summit Apt. 838,New York,New York,United States,00733,CRM
AUS05415,4554 Misty Course,Chicago,Illinois,United States,34666,CRM
AUS05416,54626 Gentry Center,Houston,Texas,United States,10407,CRM
AUS05417,035 Vicki Radial Apt. 736,Los Angeles,California,United States,22962,CRM
AUS05418,734 Charles Cliffs,Phoenix,Arizona,United States,38262,CRM
AUS05419,42395 Laurie Forest Apt. 426,Los Angeles,California,United States,98866,CRM
AUS05420,7971 Tracie Green Apt. 388,New York,New York,United States,81168,CRM
AUS05421,3532 Luis Track,Chicago,Illinois,United States,84273,CRM
AUS05422,2120 Jackson Common Apt. 877,Houston,Texas,United States,42988,CRM
AUS05423,058 Kevin Plaza,Los Angeles,California,United States,05939,CRM
AUS05424,69357 Hernandez Trace Apt. 722,Phoenix,Arizona,United States,18565,CRM
AUS05425,361 Lacey Hollow,Los Angeles,California,United States,60659,CRM
AUS05426,48666 Navarro Trail Suite 007,Chicago,Illinois,United States,10635,CRM
AUS05427,914 Kyle Ferry,Phoenix,Arizona,United States,08538,CRM
AUS05428,63181 Mary Squares,Chicago,Illinois,United States,92439,CRM
AUS05429,62170 Emily Parkway Suite 450,Houston,Texas,United States,22164,CRM
AUS05430,9024 Wiggins Union,Chicago,Illinois,United States,23952,CRM
AUS05431,58989 Hughes Glens,Chicago,Illinois,United States,00597,CRM
AUS05432,0571 Potts Throughway Apt. 186,Chicago,Illinois,United States,74770,CRM
AUS05433,39196 Nelson Isle Suite 383,New York,New York,United States,24689,CRM
AUS05434,3778 Anderson Ports Suite 672,Los Angeles,California,United States,24530,CRM
AUS05435,6780 Amber Bypass,New York,New York,United States,23613,CRM
AUS05436,7172 Anthony Point Suite 280,Chicago,Illinois,United States,87855,CRM
AUS05437,66697 Young Parkway,Phoenix,Arizona,United States,34355,CRM
AUS05438,0802 Smith Lakes Apt. 456,Chicago,Illinois,United States,73976,CRM
AUS05439,5608 Wendy Stravenue,Phoenix,Arizona,United States,23123,CRM
AUS05440,432 Odonnell Loaf,Los Angeles,California,United States,17614,CRM
AUS05441,6472 Stephanie Lake Suite 666,Los Angeles,California,United States,43016,CRM
AUS05442,11812 Hart Valley Apt. 423,Houston,Texas,United States,04685,CRM
AUS05443,993 Trevino Vista Suite 382,Chicago,Illinois,United States,89953,CRM
AUS05444,609 Debra Forks,Phoenix,Arizona,United States,98898,CRM
AUS05445,736 Craig Prairie,Los Angeles,California,United States,71732,CRM
AUS05446,726 Norman Run Apt. 785,Los Angeles,California,United States,48534,CRM
AUS05447,26401 Williams Island Apt. 596,Los Angeles,California,United States,21910,CRM
AUS05448,03060 Lee Radial Apt. 136,Houston,Texas,United States,65631,CRM
AUS05449,4048 Amanda Route Suite 717,Phoenix,Arizona,United States,87123,CRM
AUS05450,559 Michele Rapid Suite 439,Chicago,Illinois,United States,81474,CRM
AUS05451,27543 Eric Rapid Apt. 301,New York,New York,United States,72377,CRM
AUS05452,1089 Lisa Expressway Suite 456,New York,New York,United States,02615,CRM
AUS05453,9011 Bryan Green,New York,New York,United States,09027,CRM
AUS05454,030 Brown Pass,Phoenix,Arizona,United States,57458,CRM
AUS05455,09532 Thomas Mountain Apt. 522,New York,New York,United States,34639,CRM
AUS05456,3209 Martin Park,New York,New York,United States,72492,CRM
AUS05457,161 Jason Spurs,Chicago,Illinois,United States,62684,CRM
AUS05458,7469 Mark Keys,Los Angeles,California,United States,24269,CRM
AUS05459,695 Manning Points Apt. 840,Los Angeles,California,United States,64713,CRM
AUS05460,8402 Jarvis Manor Suite 987,Houston,Texas,United States,97311,CRM
AUS05461,7889 Emily Key Suite 141,Phoenix,Arizona,United States,68822,CRM
AUS05462,7397 Mary Radial Apt. 036,Los Angeles,California,United States,40245,CRM
AUS05463,1872 Troy Pike,Chicago,Illinois,United States,86764,CRM
AUS05464,708 Frank Curve Apt. 955,New York,New York,United States,87092,CRM
AUS05465,086 Leonard Fields,Houston,Texas,United States,38459,CRM
AUS05466,8492 Shelby Mission Suite 766,Phoenix,Arizona,United States,67248,CRM
AUS05467,68653 Marks Mountain,Houston,Texas,United States,18163,CRM
AUS05468,9189 Terri Course,Houston,Texas,United States,49047,CRM
AUS05469,4398 Pugh Brooks Apt. 428,Phoenix,Arizona,United States,47395,CRM
AUS05470,09654 Shepard Parks,Chicago,Illinois,United States,32254,CRM
AUS05471,8378 Moore Lights Suite 521,New York,New York,United States,48188,CRM
AUS05472,359 Alexis Corners,Los Angeles,California,United States,71009,CRM
AUS05473,983 Phillips Loaf Suite 590,Phoenix,Arizona,United States,80218,CRM
AUS05474,9012 Jessica Drive,Phoenix,Arizona,United States,56456,CRM
AUS05475,93102 Thompson Valleys,Los Angeles,California,United States,90182,CRM
AUS05476,49757 Melanie Tunnel Suite 266,Los Angeles,California,United States,85478,CRM
AUS05477,1777 Castillo Center Apt. 417,Chicago,Illinois,United States,09503,CRM
AUS05478,9415 Michael Manors,New York,New York,United States,06696,CRM
AUS05479,9604 Anthony Union,Chicago,Illinois,United States,04433,CRM
AUS05480,89507 Anna Fort,Chicago,Illinois,United States,22077,CRM
AUS05481,5471 Alexander Viaduct Suite 276,Phoenix,Arizona,United States,76842,CRM
AUS05482,2878 Jimenez Wall Suite 350,New York,New York,United States,58254,CRM
AUS05483,7158 Turner Loaf,Phoenix,Arizona,United States,22329,CRM
AUS05484,157 Russell Mission,New York,New York,United States,03564,CRM
AUS05485,12898 Cook Walk Suite 060,New York,New York,United States,69460,CRM
AUS05486,605 Bowen Lock,Houston,Texas,United States,94418,CRM
AUS05487,2645 Baker Rapid Apt. 082,New York,New York,United States,67283,CRM
AUS05488,654 Gordon Mountain Suite 100,Phoenix,Arizona,United States,59725,CRM
AUS05489,858 Heather Views,Chicago,Illinois,United States,38551,CRM
AUS05490,0958 Stacey Pines Apt. 341,Phoenix,Arizona,United States,18259,CRM
AUS05491,436 Scott Parks Suite 412,Phoenix,Arizona,United States,73851,CRM
AUS05492,8284 Daniel Pass Suite 492,Houston,Texas,United States,76270,CRM
AUS05493,881 Christine Mountains,Phoenix,Arizona,United States,19916,CRM
AUS05494,63764 Jenny Estates Apt. 331,Los Angeles,California,United States,82058,CRM
AUS05495,387 Jessica Forge,New York,New York,United States,89436,CRM
AUS05496,17415 Bush Well,Phoenix,Arizona,United States,66879,CRM
AUS05497,3334 Brown Haven Apt. 291,Phoenix,Arizona,United States,84683,CRM
AUS05498,1635 Lopez View Suite 317,Los Angeles,California,United States,88621,CRM
AUS05499,287 Kimberly Key Apt. 596,Chicago,Illinois,United States,38661,CRM
AUS05500,881 Patrick Valley,Chicago,Illinois,United States,05835,CRM
AUS05501,08914 Cynthia Ferry,Houston,Texas,United States,96862,CRM
AUS05502,138 Lamb Ville Suite 262,Houston,Texas,United States,16063,CRM
AUS05503,59212 Byrd Coves Suite 447,Houston,Texas,United States,15994,CRM
AUS05504,91433 Stanley Ports,Houston,Texas,United States,59385,CRM
AUS05505,129 Lane Stream,Houston,Texas,United States,74698,CRM
AUS05506,63646 Kimberly Expressway,Houston,Texas,United States,17090,CRM
AUS05507,7105 Rivera Manors Apt. 563,Phoenix,Arizona,United States,10502,CRM
AUS05508,1374 Destiny Manors Apt. 437,New York,New York,United States,33836,CRM
AUS05509,6809 Lopez Row,Los Angeles,California,United States,66831,CRM
AUS05510,351 Brian Crest Suite 702,Los Angeles,California,United States,21428,CRM
AUS05511,136 Wayne Road Suite 698,Houston,Texas,United States,30747,CRM
AUS05512,0467 Kathleen Vista Apt. 123,Chicago,Illinois,United States,96340,CRM
AUS05513,1739 Martinez Centers,New York,New York,United States,88856,CRM
AUS05514,46135 Rebecca Plaza,Houston,Texas,United States,70515,CRM
AUS05515,2936 Donna Prairie,Chicago,Illinois,United States,11392,CRM
AUS05516,34781 Megan Mountains,Chicago,Illinois,United States,25643,CRM
AUS05517,5362 Wilson Mews,Los Angeles,California,United States,09482,CRM
AUS05518,0508 Le Route Apt. 793,Phoenix,Arizona,United States,95219,CRM
AUS05519,7807 Dunlap Lodge Apt. 107,Houston,Texas,United States,60402,CRM
AUS05520,37975 Cook Ville,New York,New York,United States,82200,CRM
AUS05521,0784 Horton Neck Suite 744,Phoenix,Arizona,United States,87744,CRM
AUS05522,49988 Mason Wells Apt. 051,Phoenix,Arizona,United States,30022,CRM
AUS05523,4806 Mary Mountains,Chicago,Illinois,United States,62559,CRM
AUS05524,54795 Peterson Corner Suite 880,Los Angeles,California,United States,97081,CRM
AUS05525,631 Chavez Islands Apt. 980,Houston,Texas,United States,31858,CRM
AUS05526,92535 Perez Hills Suite 273,Phoenix,Arizona,United States,94594,CRM
AUS05527,42948 Zimmerman Rue,Chicago,Illinois,United States,75097,CRM
AUS05528,1157 Bradshaw Place Apt. 746,Chicago,Illinois,United States,96462,CRM
AUS05529,162 Kelley Circle Suite 466,Houston,Texas,United States,98344,CRM
AUS05530,4477 Martinez Islands Apt. 635,Chicago,Illinois,United States,81667,CRM
AUS05531,89217 Leonard Causeway Apt. 335,Chicago,Illinois,United States,60114,CRM
AUS05532,568 Terri Bypass,Phoenix,Arizona,United States,77649,CRM
AUS05533,25182 Smith Village,Chicago,Illinois,United States,64595,CRM
AUS05534,52580 Serrano Street,Houston,Texas,United States,87407,CRM
AUS05535,396 Felicia Parkway Suite 781,New York,New York,United States,42712,CRM
AUS05536,775 Garrett Passage,Los Angeles,California,United States,42294,CRM
AUS05537,216 Lori Ranch,Los Angeles,California,United States,43122,CRM
AUS05538,7812 Lawrence Hill,Houston,Texas,United States,27088,CRM
AUS05539,1475 Kelly Port,Chicago,Illinois,United States,52283,CRM
AUS05540,63371 Richard Gateway Apt. 941,Phoenix,Arizona,United States,36386,CRM
AUS05541,006 Lisa View Apt. 360,Houston,Texas,United States,86359,CRM
AUS05542,161 Sanders Burgs Apt. 667,Los Angeles,California,United States,96411,CRM
AUS05543,02743 Wong River Apt. 861,Los Angeles,California,United States,69769,CRM
AUS05544,40615 Brandi Keys Apt. 631,New York,New York,United States,89685,CRM
AUS05545,7269 Vincent Square,Phoenix,Arizona,United States,82221,CRM
AUS05546,250 Kimberly Plain Suite 850,Chicago,Illinois,United States,38200,CRM
AUS05547,24049 Catherine Islands,Los Angeles,California,United States,30591,CRM
AUS05548,653 James Common,Houston,Texas,United States,32000,CRM
AUS05549,72006 Julie Loop Apt. 792,Chicago,Illinois,United States,28376,CRM
AUS05550,1474 Patricia Views,Chicago,Illinois,United States,73962,CRM
AUS05551,5500 Williams Isle,Chicago,Illinois,United States,03586,CRM
AUS05552,5413 Derrick Lakes,Los Angeles,California,United States,02221,CRM
AUS05553,49052 Jesse Avenue,Los Angeles,California,United States,79247,CRM
AUS05554,7273 Baker Mill Suite 145,Chicago,Illinois,United States,83628,CRM
AUS05555,194 Deanna Locks Apt. 480,New York,New York,United States,98271,CRM
AUS05556,04376 Robinson Union,New York,New York,United States,82993,CRM
AUS05557,1849 Simmons Creek,Los Angeles,California,United States,18729,CRM
AUS05558,37579 Deborah Village,Los Angeles,California,United States,07296,CRM
AUS05559,540 Collins Brook Suite 674,Los Angeles,California,United States,43651,CRM
AUS05560,273 Michelle Gardens,Chicago,Illinois,United States,05463,CRM
AUS05561,2518 Henry Causeway,Houston,Texas,United States,89570,CRM
AUS05562,0337 Neal Cove Suite 261,Houston,Texas,United States,18909,CRM
AUS05563,1112 Fletcher Harbors Suite 278,Chicago,Illinois,United States,45956,CRM
AUS05564,806 Carl Port Apt. 002,New York,New York,United States,97072,CRM
AUS05565,172 Robert Island Apt. 184,Houston,Texas,United States,61358,CRM
AUS05566,6083 Campos Fort Suite 663,Los Angeles,California,United States,71430,CRM
AUS05567,3938 Scott Shores,New York,New York,United States,20713,CRM
AUS05568,508 Garcia Inlet Suite 160,Phoenix,Arizona,United States,66022,CRM
AUS05569,424 Donna Cape Apt. 133,Chicago,Illinois,United States,99811,CRM
AUS05570,6497 Lewis Village Suite 889,Houston,Texas,United States,20725,CRM
AUS05571,61255 Nicole Street Apt. 932,Phoenix,Arizona,United States,32043,CRM
AUS05572,563 Crawford Pike,New York,New York,United States,95369,CRM
AUS05573,09745 Weeks Port,Los Angeles,California,United States,64499,CRM
AUS05574,2155 Elizabeth Forge,Los Angeles,California,United States,32294,CRM
AUS05575,1838 Chase Drive,Chicago,Illinois,United States,60210,CRM
AUS05576,4907 Williams Isle,Houston,Texas,United States,27738,CRM
AUS05577,678 Margaret Rest,New York,New York,United States,30479,CRM
AUS05578,94729 Ashley Inlet Suite 755,Los Angeles,California,United States,00878,CRM
AUS05579,26388 Stephanie Corners Apt. 920,New York,New York,United States,81276,CRM
AUS05580,043 Carrillo Trafficway,Chicago,Illinois,United States,39187,CRM
AUS05581,462 Michelle Road Suite 904,Chicago,Illinois,United States,75812,CRM
AUS05582,09248 Herrera Lane Apt. 216,Chicago,Illinois,United States,55706,CRM
AUS05583,0006 Ashley Crescent Suite 518,Los Angeles,California,United States,99055,CRM
AUS05584,2613 Michele Stream Apt. 617,Chicago,Illinois,United States,08100,CRM
AUS05585,1026 Jacqueline Loaf,Houston,Texas,United States,79385,CRM
AUS05586,41784 Payne Spring,Houston,Texas,United States,58237,CRM
AUS05587,2801 Diana Cliff Suite 408,Chicago,Illinois,United States,76368,CRM
AUS05588,6703 Emily Curve,Phoenix,Arizona,United States,65031,CRM
AUS05589,32702 Griffith Forges,Phoenix,Arizona,United States,89389,CRM
AUS05590,047 Tyler Cape Suite 299,New York,New York,United States,23466,CRM
AUS05591,583 Gabriel Forks,Chicago,Illinois,United States,55585,CRM
AUS05592,299 Hector Walks Suite 657,Phoenix,Arizona,United States,16554,CRM
AUS05593,82121 Reed Shore,Phoenix,Arizona,United States,70673,CRM
AUS05594,63258 Billy Road Apt. 066,Phoenix,Arizona,United States,14261,CRM
AUS05595,09724 Michael Garden Apt. 244,Houston,Texas,United States,18225,CRM
AUS05596,04219 Alexandria Gateway,New York,New York,United States,53480,CRM
AUS05597,1614 Jody Parkways Suite 609,Los Angeles,California,United States,58284,CRM
AUS05598,4566 Willie Meadows Suite 711,Los Angeles,California,United States,90466,CRM
AUS05599,8107 Sara Streets Apt. 932,Phoenix,Arizona,United States,19440,CRM
AUS05600,19032 Brown Rapid,Houston,Texas,United States,41042,CRM
AUS05601,0609 Andrew Trafficway,Phoenix,Arizona,United States,20624,CRM
AUS05602,586 Cook Lakes Apt. 409,Phoenix,Arizona,United States,85306,CRM
AUS05603,974 Armstrong Key,Phoenix,Arizona,United States,37175,CRM
AUS05604,2236 Sherry Springs,Phoenix,Arizona,United States,62951,CRM
AUS05605,67488 Jason Bridge Apt. 096,Phoenix,Arizona,United States,98687,CRM
AUS05606,6437 Alan Inlet,Phoenix,Arizona,United States,46224,CRM
AUS05607,529 Dawn Parkways,Houston,Texas,United States,83716,CRM
AUS05608,6730 Anderson Coves Apt. 613,Houston,Texas,United States,20015,CRM
AUS05609,7851 Johnson Throughway Suite 286,Los Angeles,California,United States,36017,CRM
AUS05610,6460 Paul Mall Apt. 603,Phoenix,Arizona,United States,41338,CRM
AUS05611,416 Carrillo Ranch,Houston,Texas,United States,02501,CRM
AUS05612,0449 Kristine Vista,Phoenix,Arizona,United States,14918,CRM
AUS05613,7155 Higgins View,Los Angeles,California,United States,06796,CRM
AUS05614,522 Meza Fort,Houston,Texas,United States,95591,CRM
AUS05615,365 Lee Club Suite 885,Houston,Texas,United States,06336,CRM
AUS05616,2265 Howard Expressway Suite 836,Phoenix,Arizona,United States,46822,CRM
AUS05617,09651 Amanda Manor Suite 010,Houston,Texas,United States,32272,CRM
AUS05618,30754 Proctor Cliffs Suite 764,New York,New York,United States,68889,CRM
AUS05619,402 Audrey Stream Suite 973,New York,New York,United States,15496,CRM
AUS05620,84578 Sparks Causeway Apt. 803,Chicago,Illinois,United States,62776,CRM
AUS05621,9563 Matthews Union,Chicago,Illinois,United States,69403,CRM
AUS05622,467 Holland Field,Los Angeles,California,United States,98844,CRM
AUS05623,54164 Torres Trail,Los Angeles,California,United States,72080,CRM
AUS05624,7936 Ortiz Fork Suite 166,Los Angeles,California,United States,70175,CRM
AUS05625,5461 Edward Court Suite 906,Houston,Texas,United States,42469,CRM
AUS05626,63513 Jose Mountain Apt. 557,New York,New York,United States,19023,CRM
AUS05627,36230 Harmon Streets Apt. 875,Chicago,Illinois,United States,19459,CRM
AUS05628,8147 Smith Mountain,Los Angeles,California,United States,28660,CRM
AUS05629,0933 Sarah Ridges Suite 300,Los Angeles,California,United States,31405,CRM
AUS05630,4958 Ruiz Roads,Los Angeles,California,United States,88495,CRM
AUS05631,676 Rebecca Inlet Apt. 858,Chicago,Illinois,United States,82393,CRM
AUS05632,496 Jessica Drive,Houston,Texas,United States,22737,CRM
AUS05633,50934 Dylan Harbors Apt. 941,Phoenix,Arizona,United States,70771,CRM
AUS05634,90178 Norris Rapid Apt. 051,Chicago,Illinois,United States,50144,CRM
AUS05635,61793 Antonio Summit Apt. 285,Chicago,Illinois,United States,12806,CRM
AUS05636,78168 Lori Camp,Phoenix,Arizona,United States,50907,CRM
AUS05637,9703 Lindsay Turnpike Suite 503,New York,New York,United States,50212,CRM
AUS05638,53101 Shannon Estates,Houston,Texas,United States,23960,CRM
AUS05639,833 Friedman Path Suite 561,Chicago,Illinois,United States,67132,CRM
AUS05640,9532 Elizabeth Oval Apt. 231,Phoenix,Arizona,United States,68007,CRM
AUS05641,318 Young Springs Apt. 105,Los Angeles,California,United States,76971,CRM
AUS05642,6783 Jeffrey Common Suite 525,New York,New York,United States,65004,CRM
AUS05643,85781 Contreras Mountains,Los Angeles,California,United States,11435,CRM
AUS05644,141 Soto Vista Apt. 663,Chicago,Illinois,United States,70549,CRM
AUS05645,5044 Jensen Greens Apt. 553,Los Angeles,California,United States,17848,CRM
AUS05646,7418 Lane Inlet Apt. 661,Los Angeles,California,United States,37270,CRM
AUS05647,40899 Cisneros Park Apt. 606,Houston,Texas,United States,02535,CRM
AUS05648,81266 Lisa Freeway,New York,New York,United States,16163,CRM
AUS05649,37368 Adam Falls,Houston,Texas,United States,58995,CRM
AUS05650,1831 Daniel Canyon Apt. 572,Phoenix,Arizona,United States,32517,CRM
AUS05651,1816 April Meadow Apt. 338,Houston,Texas,United States,49979,CRM
AUS05652,43197 Hill Manor,Phoenix,Arizona,United States,48175,CRM
AUS05653,7197 Bowen Stravenue,New York,New York,United States,10122,CRM
AUS05654,5711 Mccullough Park,Houston,Texas,United States,16524,CRM
AUS05655,443 Bradley Plaza Apt. 165,Houston,Texas,United States,68151,CRM
AUS05656,9077 Wilkinson Underpass Suite 829,Houston,Texas,United States,25309,CRM
AUS05657,57516 Fisher Estate,New York,New York,United States,63396,CRM
AUS05658,015 Tami Field Suite 299,Chicago,Illinois,United States,64611,CRM
AUS05659,035 Mary Trafficway,Chicago,Illinois,United States,55262,CRM
AUS05660,722 Sara Unions Suite 780,Chicago,Illinois,United States,79165,CRM
AUS05661,278 Gregory Overpass Apt. 727,Houston,Texas,United States,86058,CRM
AUS05662,3691 Gordon Path Apt. 989,Houston,Texas,United States,47313,CRM
AUS05663,52937 Smith Hollow,Los Angeles,California,United States,48985,CRM
AUS05664,3742 Vargas Court,Los Angeles,California,United States,03514,CRM
AUS05665,80464 Peterson Shoals,New York,New York,United States,49105,CRM
AUS05666,1282 Justin Road Suite 856,Phoenix,Arizona,United States,24284,CRM
AUS05667,6211 Ronald Common Apt. 749,Chicago,Illinois,United States,81578,CRM
AUS05668,27544 Ramirez Brooks,Houston,Texas,United States,29869,CRM
AUS05669,02963 Christopher Views,Los Angeles,California,United States,85494,CRM
AUS05670,4811 Shawn Viaduct Suite 155,Phoenix,Arizona,United States,27083,CRM
AUS05671,5193 Jackson Centers,Phoenix,Arizona,United States,21551,CRM
AUS05672,81730 Megan Village,New York,New York,United States,98185,CRM
AUS05673,397 Wood Mill Apt. 076,New York,New York,United States,55194,CRM
AUS05674,07833 Michael Falls,New York,New York,United States,50132,CRM
AUS05675,7776 Marco Field Suite 137,Chicago,Illinois,United States,60797,CRM
AUS05676,998 Rodriguez Union Apt. 759,Houston,Texas,United States,47479,CRM
AUS05677,94252 Gordon Rapid Suite 181,Phoenix,Arizona,United States,66894,CRM
AUS05678,1393 Stephens Key,New York,New York,United States,93892,CRM
AUS05679,55514 Pearson Landing Apt. 212,Houston,Texas,United States,05175,CRM
AUS05680,29106 Cole Ridges Suite 752,Houston,Texas,United States,42866,CRM
AUS05681,336 Keith Lodge Apt. 200,Houston,Texas,United States,33986,CRM
AUS05682,1803 Alvarez Port,Chicago,Illinois,United States,71732,CRM
AUS05683,826 Felicia Centers,Houston,Texas,United States,78349,CRM
AUS05684,272 Michael Crossing Suite 260,Phoenix,Arizona,United States,25700,CRM
AUS05685,29188 Maureen Camp Suite 957,New York,New York,United States,09372,CRM
AUS05686,9427 Singh Ports Suite 230,Chicago,Illinois,United States,06031,CRM
AUS05687,1338 Romero Fall Apt. 013,Houston,Texas,United States,57278,CRM
AUS05688,45610 Lee Well,New York,New York,United States,66904,CRM
AUS05689,68604 George Skyway,New York,New York,United States,34404,CRM
AUS05690,23406 Mary Freeway Suite 138,Phoenix,Arizona,United States,72428,CRM
AUS05691,129 Gillespie Walk,Chicago,Illinois,United States,55941,CRM
AUS05692,531 Smith Lights,Chicago,Illinois,United States,43073,CRM
AUS05693,8062 Stephen Village Apt. 869,Phoenix,Arizona,United States,41148,CRM
AUS05694,57905 Sanders Ferry,Houston,Texas,United States,02232,CRM
AUS05695,4926 Daryl Turnpike Apt. 755,Phoenix,Arizona,United States,31927,CRM
AUS05696,9134 Melissa Field Apt. 832,Houston,Texas,United States,61569,CRM
AUS05697,3140 Wood Path Suite 253,Los Angeles,California,United States,53320,CRM
AUS05698,065 Jacqueline Extensions,Phoenix,Arizona,United States,40252,CRM
AUS05699,699 Duarte Lakes,Houston,Texas,United States,58302,CRM
AUS05700,70593 Brian Port,Chicago,Illinois,United States,75766,CRM
AUS05701,76434 Loretta Isle Apt. 908,Houston,Texas,United States,97898,CRM
AUS05702,4746 Scott Hills,Phoenix,Arizona,United States,41759,CRM
AUS05703,479 Kristin Pines,Chicago,Illinois,United States,45293,CRM
AUS05704,6760 Brian Run,Phoenix,Arizona,United States,79594,CRM
AUS05705,181 Ponce Forest,Chicago,Illinois,United States,61607,CRM
AUS05706,1671 Tammy Expressway Apt. 683,Los Angeles,California,United States,55423,CRM
AUS05707,852 Meredith Flats,Houston,Texas,United States,06583,CRM
AUS05708,5378 Jeremy Turnpike,Chicago,Illinois,United States,87406,CRM
AUS05709,28278 Debra Path Apt. 599,Chicago,Illinois,United States,68755,CRM
AUS05710,409 Newton Plains,Chicago,Illinois,United States,66520,CRM
AUS05711,59903 Garrett Summit,Los Angeles,California,United States,03581,CRM
AUS05712,9549 Hernandez Circle,New York,New York,United States,02336,CRM
AUS05713,261 Smith Shoals,Los Angeles,California,United States,68048,CRM
AUS05714,8291 Washington Port Apt. 649,Phoenix,Arizona,United States,32497,CRM
AUS05715,3887 Conrad Hill,Los Angeles,California,United States,88318,CRM
AUS05716,4814 Boone Underpass Suite 401,Chicago,Illinois,United States,66450,CRM
AUS05717,344 Brian Springs Apt. 919,Houston,Texas,United States,87717,CRM
AUS05718,94163 Lara Loop Suite 049,Chicago,Illinois,United States,21216,CRM
AUS05719,480 Jennifer Summit Apt. 600,Phoenix,Arizona,United States,09111,CRM
AUS05720,340 Aguilar Terrace,Houston,Texas,United States,52227,CRM
AUS05721,9173 Rebecca Club,Los Angeles,California,United States,07609,CRM
AUS05722,2716 Megan Mountain Suite 800,Chicago,Illinois,United States,62495,CRM
AUS05723,0948 Brooks Underpass,Phoenix,Arizona,United States,88527,CRM
AUS05724,9686 Andrew Gateway,Houston,Texas,United States,02153,CRM
AUS05725,56937 Timothy Valley Apt. 688,Chicago,Illinois,United States,30386,CRM
AUS05726,209 Richard Track Apt. 596,Houston,Texas,United States,79222,CRM
AUS05727,095 Christopher Shoals Apt. 687,Los Angeles,California,United States,33423,CRM
AUS05728,598 Robert Dam,New York,New York,United States,13042,CRM
AUS05729,194 Woods Branch Apt. 906,New York,New York,United States,47582,CRM
AUS05730,7667 Bryan Isle,Phoenix,Arizona,United States,98518,CRM
AUS05731,15667 Alexandria Drive Suite 452,Phoenix,Arizona,United States,50171,CRM
AUS05732,074 Brittany Ferry,Phoenix,Arizona,United States,58878,CRM
AUS05733,001 Martinez Heights Suite 719,New York,New York,United States,27512,CRM
AUS05734,342 Lisa Crest Suite 590,Los Angeles,California,United States,65850,CRM
AUS05735,9077 Pollard Dale Apt. 927,Phoenix,Arizona,United States,49966,CRM
AUS05736,578 Pearson Forks,Phoenix,Arizona,United States,67504,CRM
AUS05737,625 Edwards Key Suite 122,Phoenix,Arizona,United States,22980,CRM
AUS05738,76795 Brian Lodge Apt. 816,Los Angeles,California,United States,18773,CRM
AUS05739,547 Aaron Neck,New York,New York,United States,27704,CRM
AUS05740,306 Nichols Pines,Los Angeles,California,United States,78340,CRM
AUS05741,433 Mueller Court,Phoenix,Arizona,United States,39239,CRM
AUS05742,882 Alex Junctions Suite 888,Los Angeles,California,United States,12753,CRM
AUS05743,96590 Stewart Stream,Los Angeles,California,United States,10331,CRM
AUS05744,32463 Mark Camp,New York,New York,United States,38698,CRM
AUS05745,02389 Joel Pass,New York,New York,United States,96395,CRM
AUS05746,213 Stephen Prairie Apt. 939,Phoenix,Arizona,United States,31006,CRM
AUS05747,49417 Mathew Summit,Houston,Texas,United States,58411,CRM
AUS05748,8348 Wheeler Green Apt. 142,Los Angeles,California,United States,25050,CRM
AUS05749,7145 Powell Causeway,New York,New York,United States,55865,CRM
AUS05750,224 Steven Station Suite 732,Chicago,Illinois,United States,39169,CRM
AUS05751,82068 Clark Tunnel,New York,New York,United States,98442,CRM
AUS05752,43772 Hicks Coves Apt. 421,Phoenix,Arizona,United States,35868,CRM
AUS05753,60540 Shirley Ridge Suite 555,New York,New York,United States,83439,CRM
AUS05754,3883 Roberson Corners Apt. 667,Los Angeles,California,United States,51304,CRM
AUS05755,02617 Kenneth Glens,New York,New York,United States,45246,CRM
AUS05756,0030 Justin Mountain Suite 539,Chicago,Illinois,United States,71109,CRM
AUS05757,9336 Cheryl Lights,Phoenix,Arizona,United States,69818,CRM
AUS05758,72253 Joseph Haven Suite 625,Los Angeles,California,United States,66316,CRM
AUS05759,55484 Christina Walk,Los Angeles,California,United States,41289,CRM
AUS05760,0264 Griffith Island,Houston,Texas,United States,75698,CRM
AUS05761,3619 Sellers Mountain Suite 332,Chicago,Illinois,United States,80974,CRM
AUS05762,76657 Miller Parkways,Chicago,Illinois,United States,90321,CRM
AUS05763,1609 Martin Meadow Apt. 193,Los Angeles,California,United States,21055,CRM
AUS05764,878 Nelson Square,New York,New York,United States,47678,CRM
AUS05765,6810 Frank Cape Apt. 753,New York,New York,United States,51563,CRM
AUS05766,0691 Yvonne Ridges Suite 033,Phoenix,Arizona,United States,47794,CRM
AUS05767,42953 Bean Rapid,Houston,Texas,United States,02383,CRM
AUS05768,866 Turner Rapid,Houston,Texas,United States,41126,CRM
AUS05769,78516 Andrea Locks,Los Angeles,California,United States,75020,CRM
AUS05770,75442 Gibbs Lake,New York,New York,United States,04910,CRM
AUS05771,0392 Miguel Expressway Suite 545,Houston,Texas,United States,04965,CRM
AUS05772,063 Gerald Lake,New York,New York,United States,91264,CRM
AUS05773,20668 Mercer Neck Suite 065,New York,New York,United States,58046,CRM
AUS05774,44948 Thomas Row,Phoenix,Arizona,United States,25463,CRM
AUS05775,530 Amanda Ways,Houston,Texas,United States,41066,CRM
AUS05776,2315 Michael Ferry,New York,New York,United States,05700,CRM
AUS05777,8090 Buchanan Views,Phoenix,Arizona,United States,27811,CRM
AUS05778,017 Taylor Forge,Los Angeles,California,United States,10453,CRM
AUS05779,69808 Corey Mountain Suite 878,Los Angeles,California,United States,70271,CRM
AUS05780,24600 Mueller Alley,Chicago,Illinois,United States,63264,CRM
AUS05781,907 Derek Circle,Houston,Texas,United States,97732,CRM
AUS05782,599 Holly Bridge Apt. 331,Phoenix,Arizona,United States,67474,CRM
AUS05783,7062 Baker Mall Suite 605,Phoenix,Arizona,United States,84027,CRM
AUS05784,9866 Garza Underpass Apt. 195,Los Angeles,California,United States,80788,CRM
AUS05785,1037 Monica Square Suite 004,Chicago,Illinois,United States,78413,CRM
AUS05786,0291 Joshua Springs Apt. 990,Houston,Texas,United States,89500,CRM
AUS05787,548 Antonio Walk Suite 741,New York,New York,United States,25744,CRM
AUS05788,897 Murphy Trail,Houston,Texas,United States,72520,CRM
AUS05789,50065 Jennifer Ports Suite 058,Phoenix,Arizona,United States,85474,CRM
AUS05790,602 Cody Track Apt. 675,Los Angeles,California,United States,81576,CRM
AUS05791,11653 Marie Neck Apt. 697,Phoenix,Arizona,United States,14291,CRM
AUS05792,020 Elizabeth Prairie,Chicago,Illinois,United States,01650,CRM
AUS05793,99557 Christopher Points Apt. 700,Chicago,Illinois,United States,03495,CRM
AUS05794,47003 Brandon Villages,New York,New York,United States,96954,CRM
AUS05795,3594 Martinez Turnpike Apt. 687,Houston,Texas,United States,38862,CRM
AUS05796,502 Adrian Inlet,New York,New York,United States,86243,CRM
AUS05797,313 Jones Brook,Los Angeles,California,United States,86601,CRM
AUS05798,33160 Mccoy Parkways Apt. 004,New York,New York,United States,87396,CRM
AUS05799,4239 Pamela Forge,Phoenix,Arizona,United States,34326,CRM
AUS05800,9426 Jimenez Ridges Suite 355,Phoenix,Arizona,United States,93215,CRM
AUS05801,0014 Carlos Creek,Houston,Texas,United States,33424,CRM
AUS05802,2967 Rivera Track Suite 338,Phoenix,Arizona,United States,73683,CRM
AUS05803,6700 Michael Unions,Phoenix,Arizona,United States,88929,CRM
AUS05804,642 Wright Row Apt. 933,Houston,Texas,United States,76130,CRM
AUS05805,5424 Martin Fall,Houston,Texas,United States,95625,CRM
AUS05806,53336 Barker Square Apt. 593,Chicago,Illinois,United States,20215,CRM
AUS05807,78877 Sullivan Loop,Los Angeles,California,United States,27858,CRM
AUS05808,7221 Anne Locks Suite 884,Phoenix,Arizona,United States,88913,CRM
AUS05809,51225 King Way,Phoenix,Arizona,United States,23215,CRM
AUS05810,1767 Carla Corners Suite 900,New York,New York,United States,59006,CRM
AUS05811,529 Patrick Skyway Apt. 096,New York,New York,United States,38220,CRM
AUS05812,65222 Ryan Center Apt. 965,Phoenix,Arizona,United States,94724,CRM
AUS05813,36392 Jennifer Club Apt. 094,New York,New York,United States,67816,CRM
AUS05814,84045 Melissa Isle Suite 308,New York,New York,United States,45993,CRM
AUS05815,52524 Christopher Falls Suite 692,Houston,Texas,United States,74479,CRM
AUS05816,959 Guerrero Stream,Los Angeles,California,United States,21038,CRM
AUS05817,075 Ronald Landing Apt. 495,Phoenix,Arizona,United States,11442,CRM
AUS05818,69067 Cherry Mount,Houston,Texas,United States,72425,CRM
AUS05819,624 Dennis Forest,Los Angeles,California,United States,65973,CRM
AUS05820,72370 Ingram Rest,Houston,Texas,United States,27152,CRM
AUS05821,5496 Erin Parks Apt. 811,Los Angeles,California,United States,19028,CRM
AUS05822,2191 Williams Green,Chicago,Illinois,United States,48857,CRM
AUS05823,147 Hansen Passage,Chicago,Illinois,United States,77807,CRM
AUS05824,633 Dixon Walks,Houston,Texas,United States,13694,CRM
AUS05825,621 Julie Avenue Apt. 366,Chicago,Illinois,United States,20776,CRM
AUS05826,9950 Christina Streets Apt. 195,Chicago,Illinois,United States,09295,CRM
AUS05827,7642 Diane Throughway Apt. 310,Los Angeles,California,United States,62056,CRM
AUS05828,808 Smith Canyon,Los Angeles,California,United States,15644,CRM
AUS05829,599 Cohen Tunnel Apt. 647,Los Angeles,California,United States,99197,CRM
AUS05830,92455 Nicole Hollow Suite 910,New York,New York,United States,75061,CRM
AUS05831,2305 Jon Pass,Houston,Texas,United States,30933,CRM
AUS05832,950 Palmer Cape,Houston,Texas,United States,16508,CRM
AUS05833,308 Sierra Crescent,New York,New York,United States,20362,CRM
AUS05834,87215 Campbell Vista,Houston,Texas,United States,46714,CRM
AUS05835,172 Carla Prairie Apt. 947,Los Angeles,California,United States,60862,CRM
AUS05836,7343 Cook Court Apt. 656,Chicago,Illinois,United States,78274,CRM
AUS05837,248 Keith Highway Apt. 275,Los Angeles,California,United States,48874,CRM
AUS05838,556 Hayes Wells,Phoenix,Arizona,United States,08547,CRM
AUS05839,726 Donald Ville Suite 675,New York,New York,United States,14308,CRM
AUS05840,973 David Square,New York,New York,United States,51352,CRM
AUS05841,444 Mendez Falls,Chicago,Illinois,United States,73797,CRM
AUS05842,07010 Sharon Island Apt. 870,Los Angeles,California,United States,23215,CRM
AUS05843,19747 Robles Grove,Chicago,Illinois,United States,43264,CRM
AUS05844,837 Jennifer Drive Apt. 418,Chicago,Illinois,United States,92121,CRM
AUS05845,7409 Palmer Drives,New York,New York,United States,63877,CRM
AUS05846,212 John Mountains Apt. 646,Phoenix,Arizona,United States,02059,CRM
AUS05847,84178 Hammond Viaduct Apt. 114,Houston,Texas,United States,93558,CRM
AUS05848,85037 Rachel Ports,Houston,Texas,United States,55054,CRM
AUS05849,24607 Thomas Wells Apt. 477,Los Angeles,California,United States,77741,CRM
AUS05850,7426 Carlos Course Suite 553,Los Angeles,California,United States,08308,CRM
AUS05851,42863 Brown Valley,Phoenix,Arizona,United States,50488,CRM
AUS05852,750 Salinas Alley Apt. 618,Houston,Texas,United States,12659,CRM
AUS05853,455 Allison Brook,Chicago,Illinois,United States,57297,CRM
AUS05854,576 Miller Run,Houston,Texas,United States,25541,CRM
AUS05855,54419 Mark Road Suite 776,Phoenix,Arizona,United States,39333,CRM
AUS05856,6390 Baldwin Valleys Apt. 736,Chicago,Illinois,United States,73628,CRM
AUS05857,7067 Peterson Rue,Houston,Texas,United States,75516,CRM
AUS05858,5955 Victoria Canyon Suite 065,Chicago,Illinois,United States,26012,CRM
AUS05859,83634 Joseph Road Apt. 923,New York,New York,United States,01686,CRM
AUS05860,931 Christopher Courts,Phoenix,Arizona,United States,38021,CRM
AUS05861,797 Scott Tunnel,Chicago,Illinois,United States,69732,CRM
AUS05862,459 Brendan Hollow Suite 548,Phoenix,Arizona,United States,56258,CRM
AUS05863,015 Natasha Pike,New York,New York,United States,83732,CRM
AUS05864,055 Natalie Plaza,Phoenix,Arizona,United States,78215,CRM
AUS05865,596 Henry Fork,Phoenix,Arizona,United States,93711,CRM
AUS05866,89706 Nicole Estates Apt. 609,Los Angeles,California,United States,79929,CRM
AUS05867,29425 Nichole Circles,Houston,Texas,United States,24379,CRM
AUS05868,073 Rodriguez Haven Apt. 572,Los Angeles,California,United States,88553,CRM
AUS05869,113 Rangel Plaza Apt. 119,Phoenix,Arizona,United States,08750,CRM
AUS05870,358 Johnson Crest,Los Angeles,California,United States,08307,CRM
AUS05871,357 Pacheco Rapid Suite 765,Phoenix,Arizona,United States,07223,CRM
AUS05872,479 Jacobson Loop,Houston,Texas,United States,11057,CRM
AUS05873,6055 Cardenas Walks Suite 953,Phoenix,Arizona,United States,50261,CRM
AUS05874,0298 Lowery Roads,Phoenix,Arizona,United States,60640,CRM
AUS05875,8611 Michelle Dale Suite 513,Los Angeles,California,United States,84992,CRM
AUS05876,7634 Terry Shore Apt. 470,Houston,Texas,United States,91294,CRM
AUS05877,6269 Anita Tunnel,New York,New York,United States,67728,CRM
AUS05878,286 Lori Place,New York,New York,United States,77788,CRM
AUS05879,674 Davis Mills,Phoenix,Arizona,United States,38868,CRM
AUS05880,22178 Lopez Hill Suite 283,Phoenix,Arizona,United States,36363,CRM
AUS05881,904 Morris Field Suite 048,Chicago,Illinois,United States,09980,CRM
AUS05882,0359 Kelly Mountain Apt. 929,New York,New York,United States,76304,CRM
AUS05883,97542 Jennifer Gardens Suite 931,Phoenix,Arizona,United States,41813,CRM
AUS05884,295 Smith Rest,Phoenix,Arizona,United States,88974,CRM
AUS05885,082 Susan Radial,Chicago,Illinois,United States,48221,CRM
AUS05886,981 Carlson Knolls Suite 097,Houston,Texas,United States,52658,CRM
AUS05887,475 Lindsay Green Suite 658,Chicago,Illinois,United States,50688,CRM
AUS05888,81316 Zhang Mountain Suite 471,Chicago,Illinois,United States,64236,CRM
AUS05889,48462 Jessica Lodge Suite 464,Phoenix,Arizona,United States,80898,CRM
AUS05890,2513 Pierce Flats Apt. 587,Chicago,Illinois,United States,47301,CRM
AUS05891,39387 Nicole Loop Suite 026,Phoenix,Arizona,United States,83513,CRM
AUS05892,76636 Bryan Lights,Houston,Texas,United States,12868,CRM
AUS05893,989 Jamie Plains Suite 735,Chicago,Illinois,United States,92661,CRM
AUS05894,373 Smith Turnpike Suite 138,Los Angeles,California,United States,66508,CRM
AUS05895,33857 Ricky Key,Chicago,Illinois,United States,29987,CRM
AUS05896,0152 Kelley Ways,Houston,Texas,United States,90805,CRM
AUS05897,68387 Jones Underpass Suite 600,Phoenix,Arizona,United States,75244,CRM
AUS05898,86291 Brooks Points,Los Angeles,California,United States,59058,CRM
AUS05899,27274 Sonya Springs,Chicago,Illinois,United States,25945,CRM
AUS05900,891 Robles Trafficway,New York,New York,United States,76087,CRM
AUS05901,233 Hernandez Station Apt. 322,Houston,Texas,United States,15994,CRM
AUS05902,472 Smith Tunnel Suite 998,Houston,Texas,United States,60582,CRM
AUS05903,207 Pennington Rapids,Los Angeles,California,United States,65573,CRM
AUS05904,08582 Thomas Shore Suite 196,Phoenix,Arizona,United States,35943,CRM
AUS05905,608 Joshua Squares Apt. 183,Los Angeles,California,United States,89113,CRM
AUS05906,4134 Katie Ways,Chicago,Illinois,United States,99173,CRM
AUS05907,7629 Le Neck,Chicago,Illinois,United States,66356,CRM
AUS05908,69304 Riley Junction Suite 470,Chicago,Illinois,United States,28216,CRM
AUS05909,388 Holmes Pines,Chicago,Illinois,United States,83364,CRM
AUS05910,096 White Tunnel,Houston,Texas,United States,02746,CRM
AUS05911,772 Derek Extension,Los Angeles,California,United States,28713,CRM
AUS05912,9027 Natasha Brooks Suite 054,Los Angeles,California,United States,43396,CRM
AUS05913,3695 Brown Stravenue,New York,New York,United States,24178,CRM
AUS05914,0388 Garrett Squares,Phoenix,Arizona,United States,15988,CRM
AUS05915,887 Bell Grove,Los Angeles,California,United States,74390,CRM
AUS05916,51546 Underwood Key Suite 885,Phoenix,Arizona,United States,98641,CRM
AUS05917,605 Joshua Creek Suite 393,Los Angeles,California,United States,54989,CRM
AUS05918,14107 David Terrace Apt. 660,Phoenix,Arizona,United States,80895,CRM
AUS05919,4383 Scott Station Suite 945,Los Angeles,California,United States,98166,CRM
AUS05920,5281 Amanda Courts Suite 931,Chicago,Illinois,United States,92886,CRM
AUS05921,47950 Joan Mills Apt. 021,Houston,Texas,United States,73230,CRM
AUS05922,5040 Jose Glen Suite 810,Phoenix,Arizona,United States,89594,CRM
AUS05923,2872 Evans Lodge Suite 126,New York,New York,United States,72009,CRM
AUS05924,054 Robert Spur,Chicago,Illinois,United States,17685,CRM
AUS05925,043 Mcgee Haven,Chicago,Illinois,United States,39386,CRM
AUS05926,567 Samuel Isle,Chicago,Illinois,United States,54471,CRM
AUS05927,90892 Vang Lakes Apt. 392,New York,New York,United States,43122,CRM
AUS05928,937 Kelly Island Suite 649,Houston,Texas,United States,87766,CRM
AUS05929,4221 Karen Port,Los Angeles,California,United States,71345,CRM
AUS05930,491 Anthony Divide Suite 976,New York,New York,United States,13097,CRM
AUS05931,856 Woods Branch Apt. 017,Los Angeles,California,United States,34228,CRM
AUS05932,86449 Cole Cape Apt. 257,New York,New York,United States,69799,CRM
AUS05933,016 Moreno Wells,Chicago,Illinois,United States,53056,CRM
AUS05934,1148 Daniel Inlet,Los Angeles,California,United States,79458,CRM
AUS05935,98408 Bryant Meadows,Phoenix,Arizona,United States,07822,CRM
AUS05936,79468 Merritt Cliff,Los Angeles,California,United States,80647,CRM
AUS05937,296 Leslie Haven,New York,New York,United States,33057,CRM
AUS05938,95527 Jeffery Ways Apt. 827,New York,New York,United States,76991,CRM
AUS05939,97208 Rodriguez Shore,Houston,Texas,United States,26979,CRM
AUS05940,8420 Samantha Brook Apt. 755,Los Angeles,California,United States,32125,CRM
AUS05941,5339 Scott Roads Apt. 886,Chicago,Illinois,United States,72335,CRM
AUS05942,3912 Wood Valley,Chicago,Illinois,United States,91521,CRM
AUS05943,793 Christopher Pass Apt. 130,Los Angeles,California,United States,47837,CRM
AUS05944,6518 Ruiz Harbors,Houston,Texas,United States,18480,CRM
AUS05945,949 Brown Orchard Suite 463,Houston,Texas,United States,36964,CRM
AUS05946,95370 Key Hollow,Houston,Texas,United States,92284,CRM
AUS05947,191 Brian Meadows Suite 695,Phoenix,Arizona,United States,26233,CRM
AUS05948,59875 Murphy Circles,Los Angeles,California,United States,99054,CRM
AUS05949,782 Kathryn Creek,Chicago,Illinois,United States,62221,CRM
AUS05950,73492 Robinson Row Suite 786,Houston,Texas,United States,32264,CRM
AUS05951,0732 Hall Plain,Chicago,Illinois,United States,68526,CRM
AUS05952,913 Meyer Place Apt. 275,Los Angeles,California,United States,75721,CRM
AUS05953,9619 Nelson Grove Apt. 122,Houston,Texas,United States,61295,CRM
AUS05954,70756 Cathy Fords Suite 335,Phoenix,Arizona,United States,52700,CRM
AUS05955,053 Stanley Ports,Houston,Texas,United States,88106,CRM
AUS05956,76278 Sherry Vista,Houston,Texas,United States,69333,CRM
AUS05957,820 Montgomery Summit,Phoenix,Arizona,United States,73850,CRM
AUS05958,10913 Anthony Squares Suite 880,Chicago,Illinois,United States,82133,CRM
AUS05959,9097 Tammy Key,Los Angeles,California,United States,45127,CRM
AUS05960,124 Christopher Drive,Phoenix,Arizona,United States,66038,CRM
AUS05961,7936 Andrea Union,Chicago,Illinois,United States,01800,CRM
AUS05962,496 Lauren Shoal Suite 624,New York,New York,United States,71591,CRM
AUS05963,49736 Amanda Mountains,Chicago,Illinois,United States,28652,CRM
AUS05964,07775 Lopez Mission,Chicago,Illinois,United States,91775,CRM
AUS05965,624 Allen Course Apt. 738,Phoenix,Arizona,United States,72820,CRM
AUS05966,256 Ramos Bypass Apt. 608,New York,New York,United States,36307,CRM
AUS05967,50889 Cassandra Motorway,Chicago,Illinois,United States,34350,CRM
AUS05968,00804 James Underpass Apt. 513,New York,New York,United States,04594,CRM
AUS05969,50138 Samuel Cove Apt. 045,Houston,Texas,United States,36041,CRM
AUS05970,339 Reid Stream Apt. 369,New York,New York,United States,25292,CRM
AUS05971,7079 Jensen Passage Suite 880,Los Angeles,California,United States,90318,CRM
AUS05972,567 White Ramp,Chicago,Illinois,United States,66280,CRM
AUS05973,870 Alex Fort Apt. 810,Chicago,Illinois,United States,22657,CRM
AUS05974,718 Kenneth Square Suite 872,Chicago,Illinois,United States,98075,CRM
AUS05975,23524 Porter Mount Suite 995,Chicago,Illinois,United States,94007,CRM
AUS05976,29077 Marquez Viaduct,Los Angeles,California,United States,07898,CRM
AUS05977,007 Torres Underpass Suite 712,Chicago,Illinois,United States,95240,CRM
AUS05978,284 Wallace Lake Suite 513,New York,New York,United States,18126,CRM
AUS05979,7386 Christine Brook,Los Angeles,California,United States,74571,CRM
AUS05980,6402 Dylan Point,Phoenix,Arizona,United States,96384,CRM
AUS05981,491 Carrillo Pines,Chicago,Illinois,United States,21345,CRM
AUS05982,26031 Mcfarland Radial Apt. 263,Chicago,Illinois,United States,41004,CRM
AUS05983,451 Phillip Center Apt. 952,Chicago,Illinois,United States,58731,CRM
AUS05984,27533 Jennifer Square Apt. 233,Houston,Texas,United States,67712,CRM
AUS05985,8951 Stein Island Suite 874,Phoenix,Arizona,United States,57709,CRM
AUS05986,351 Nunez Squares,Chicago,Illinois,United States,95698,CRM
AUS05987,9129 Michael Neck Apt. 125,Houston,Texas,United States,05963,CRM
AUS05988,8747 Kevin Spring Suite 815,Los Angeles,California,United States,13426,CRM
AUS05989,243 Christopher Summit Apt. 738,Los Angeles,California,United States,21163,CRM
AUS05990,21287 Davis Coves,Chicago,Illinois,United States,16599,CRM
AUS05991,235 Anne Drive,Houston,Texas,United States,75162,CRM
AUS05992,14876 Beverly Island,New York,New York,United States,94880,CRM
AUS05993,31660 Robinson Rue,New York,New York,United States,63913,CRM
AUS05994,433 Lindsay Extension,Los Angeles,California,United States,53550,CRM
AUS05995,80015 Wells Greens Suite 723,Chicago,Illinois,United States,12823,CRM
AUS05996,3044 Angela Plaza,Houston,Texas,United States,74554,CRM
AUS05997,0885 Ferguson Station,Houston,Texas,United States,50822,CRM
AUS05998,71676 James Mill,New York,New York,United States,08835,CRM
AUS05999,2422 Dunn Camp Apt. 342,Los Angeles,California,United States,11852,CRM
AUS06000,639 Humphrey Street Suite 836,Phoenix,Arizona,United States,31545,CRM
AUS06001,32103 Taylor Springs Apt. 718,Houston,Texas,United States,21175,CRM
AUS06002,4758 Katherine Burgs,Chicago,Illinois,United States,63311,CRM
AUS06003,14940 Pacheco Neck Suite 279,Chicago,Illinois,United States,63559,CRM
AUS06004,4219 Alexander Route,New York,New York,United States,25451,CRM
AUS06005,629 Jacobs Hill,Phoenix,Arizona,United States,15371,CRM
AUS06006,195 Phillips Heights,Chicago,Illinois,United States,19381,CRM
AUS06007,8980 Claudia Stream Apt. 256,New York,New York,United States,73731,CRM
AUS06008,8340 Mcguire Club Apt. 098,Chicago,Illinois,United States,99291,CRM
AUS06009,89549 Susan Viaduct,Los Angeles,California,United States,42599,CRM
AUS06010,991 Ryan Plains,New York,New York,United States,94858,CRM
AUS06011,27703 Norton Divide Suite 165,Houston,Texas,United States,76776,CRM
AUS06012,0709 Kelly Inlet,Chicago,Illinois,United States,37032,CRM
AUS06013,61492 Lyons Isle Apt. 815,Los Angeles,California,United States,42230,CRM
AUS06014,306 Stephanie Ford Suite 737,Chicago,Illinois,United States,71099,CRM
AUS06015,4203 Smith Row Suite 898,Houston,Texas,United States,70773,CRM
AUS06016,078 Dylan Canyon,Phoenix,Arizona,United States,04538,CRM
AUS06017,5532 Eric Ford,Los Angeles,California,United States,38648,CRM
AUS06018,757 Antonio Springs Suite 964,New York,New York,United States,61950,CRM
AUS06019,780 Katie Knolls Apt. 216,Chicago,Illinois,United States,21923,CRM
AUS06020,97579 Anderson Greens Suite 601,Los Angeles,California,United States,03659,CRM
AUS06021,5134 Stewart Land Suite 655,New York,New York,United States,72591,CRM
AUS06022,914 Morris Light Apt. 443,New York,New York,United States,17851,CRM
AUS06023,50684 Taylor Extension,Houston,Texas,United States,22717,CRM
AUS06024,38509 Brandon Islands Suite 877,Houston,Texas,United States,51287,CRM
AUS06025,605 Morris Shoal,Chicago,Illinois,United States,63077,CRM
AUS06026,44714 Angela Mountain Apt. 624,Los Angeles,California,United States,33241,CRM
AUS06027,0314 Tiffany Walks,Los Angeles,California,United States,08255,CRM
AUS06028,84289 Angel Square Suite 551,New York,New York,United States,50123,CRM
AUS06029,497 Ortiz Squares,Los Angeles,California,United States,58086,CRM
AUS06030,680 Peter Plains,Los Angeles,California,United States,60822,CRM
AUS06031,59085 Baker Prairie,New York,New York,United States,31183,CRM
AUS06032,756 Boyd Tunnel,Houston,Texas,United States,76027,CRM
AUS06033,2248 Cole Pines,New York,New York,United States,51513,CRM
AUS06034,85515 Cole Crossing,Houston,Texas,United States,85770,CRM
AUS06035,77525 Steve Expressway Apt. 873,Los Angeles,California,United States,33510,CRM
AUS06036,6169 Madison Burgs Suite 016,Chicago,Illinois,United States,48134,CRM
AUS06037,4632 Jesus Divide Suite 380,Los Angeles,California,United States,24519,CRM
AUS06038,469 Brown Key,Phoenix,Arizona,United States,42716,CRM
AUS06039,9100 Stephen Squares,Phoenix,Arizona,United States,41052,CRM
AUS06040,35281 Jessica Heights Suite 835,New York,New York,United States,97599,CRM
AUS06041,789 Michelle Parkways Apt. 034,Chicago,Illinois,United States,26270,CRM
AUS06042,4331 Scott Parkway Suite 060,Phoenix,Arizona,United States,67800,CRM
AUS06043,2519 Holder Court Suite 917,Los Angeles,California,United States,76988,CRM
AUS06044,5822 Brandt Unions Apt. 267,Houston,Texas,United States,11228,CRM
AUS06045,91127 Evan Causeway Apt. 241,Chicago,Illinois,United States,42183,CRM
AUS06046,7161 Geoffrey Shoals,New York,New York,United States,55894,CRM
AUS06047,904 Brooks Key,New York,New York,United States,98753,CRM
AUS06048,24106 Jesus Pass,Chicago,Illinois,United States,34559,CRM
AUS06049,136 Wilson Oval,Phoenix,Arizona,United States,18639,CRM
AUS06050,10283 Guzman Station Suite 614,Houston,Texas,United States,67298,CRM
AUS06051,110 Guerrero Gateway Apt. 667,Houston,Texas,United States,68994,CRM
AUS06052,40728 Jesus Terrace Apt. 241,Chicago,Illinois,United States,47188,CRM
AUS06053,8305 Kimberly Island,Phoenix,Arizona,United States,18410,CRM
AUS06054,11694 Lowery Plains Suite 671,Los Angeles,California,United States,91952,CRM
AUS06055,8543 Conner Valley,Chicago,Illinois,United States,23099,CRM
AUS06056,3303 Pugh Cape Suite 333,New York,New York,United States,26229,CRM
AUS06057,81451 Mcguire Center Suite 322,Chicago,Illinois,United States,80224,CRM
AUS06058,29962 Timothy Trace,Los Angeles,California,United States,77293,CRM
AUS06059,370 Lynch Lake Apt. 006,New York,New York,United States,65325,CRM
AUS06060,98368 Becker Rue Apt. 929,Chicago,Illinois,United States,52866,CRM
AUS06061,4019 Heather Plains,Chicago,Illinois,United States,44472,CRM
AUS06062,57151 Kane Crossroad,Houston,Texas,United States,10636,CRM
AUS06063,977 Adam Flats Apt. 057,Los Angeles,California,United States,79317,CRM
AUS06064,306 Gonzales Station Apt. 448,Phoenix,Arizona,United States,29534,CRM
AUS06065,1789 Leah Causeway,Los Angeles,California,United States,57373,CRM
AUS06066,69182 Taylor Pine,New York,New York,United States,71028,CRM
AUS06067,2389 Anthony Ports Apt. 994,Chicago,Illinois,United States,92499,CRM
AUS06068,36905 Peter Landing Suite 545,Los Angeles,California,United States,45188,CRM
AUS06069,754 David Forge,Los Angeles,California,United States,90034,CRM
AUS06070,130 David Dale,Los Angeles,California,United States,95911,CRM
AUS06071,8703 Mclaughlin Via,New York,New York,United States,31911,CRM
AUS06072,9825 Richard Dam,New York,New York,United States,60916,CRM
AUS06073,542 Shannon Springs,Houston,Texas,United States,02452,CRM
AUS06074,05747 Matthews Ridges,Houston,Texas,United States,36097,CRM
AUS06075,0325 Patton Knoll,Houston,Texas,United States,50697,CRM
AUS06076,551 Carroll Pass Apt. 826,Chicago,Illinois,United States,50694,CRM
AUS06077,5052 Martinez Center,New York,New York,United States,87349,CRM
AUS06078,80096 Hernandez Skyway,Los Angeles,California,United States,96610,CRM
AUS06079,9070 Tyler Stravenue Suite 604,Chicago,Illinois,United States,67164,CRM
AUS06080,46153 Diaz Crossroad Suite 409,Los Angeles,California,United States,48207,CRM
AUS06081,0299 Erica Forks Suite 472,Houston,Texas,United States,10687,CRM
AUS06082,992 Diana Alley Suite 523,Los Angeles,California,United States,68032,CRM
AUS06083,177 Haley Throughway,Phoenix,Arizona,United States,83163,CRM
AUS06084,4165 Kathryn View Suite 349,Los Angeles,California,United States,42573,CRM
AUS06085,2984 Walker Estates Suite 248,Houston,Texas,United States,43986,CRM
AUS06086,1750 Carroll Lane,Chicago,Illinois,United States,84442,CRM
AUS06087,276 Nicole Orchard,Los Angeles,California,United States,62289,CRM
AUS06088,8346 Thompson Oval,Phoenix,Arizona,United States,93103,CRM
AUS06089,730 Jeremiah Square Suite 031,Phoenix,Arizona,United States,84291,CRM
AUS06090,6509 Maxwell Fall,New York,New York,United States,27500,CRM
AUS06091,00381 Ryan Ports Apt. 869,New York,New York,United States,38953,CRM
AUS06092,343 Sanders Ports Suite 883,Houston,Texas,United States,96570,CRM
AUS06093,3369 Brian Pine Apt. 432,Los Angeles,California,United States,76753,CRM
AUS06094,5426 Jackson Gateway Apt. 390,Los Angeles,California,United States,19862,CRM
AUS06095,134 Stacy Lodge,Phoenix,Arizona,United States,87008,CRM
AUS06096,1054 Khan Valleys Suite 936,Houston,Texas,United States,67720,CRM
AUS06097,2078 Moon Course,Houston,Texas,United States,14846,CRM
AUS06098,14211 Natasha Courts Apt. 080,Houston,Texas,United States,47130,CRM
AUS06099,4672 Rebecca Loaf Suite 776,Chicago,Illinois,United States,32383,CRM
AUS06100,411 Martin Way,Phoenix,Arizona,United States,35138,CRM
AUS06101,1843 Chad Mountain,Los Angeles,California,United States,09101,CRM
AUS06102,1925 Timothy Well Suite 249,New York,New York,United States,16054,CRM
AUS06103,191 Heather Port Apt. 908,Chicago,Illinois,United States,48621,CRM
AUS06104,36277 Travis Lock,New York,New York,United States,91176,CRM
AUS06105,226 Laura Manors,New York,New York,United States,76514,CRM
AUS06106,216 Michael Cape Apt. 305,New York,New York,United States,73676,CRM
AUS06107,5985 Anderson Union Suite 273,Houston,Texas,United States,37350,CRM
AUS06108,7277 Anderson Passage Apt. 312,Houston,Texas,United States,89250,CRM
AUS06109,7094 Torres Prairie Suite 170,Los Angeles,California,United States,67127,CRM
AUS06110,9581 Colon Rapid,New York,New York,United States,72471,CRM
AUS06111,926 Mary Parks,Chicago,Illinois,United States,15674,CRM
AUS06112,641 Neal Square Apt. 065,Chicago,Illinois,United States,53998,CRM
AUS06113,6715 Ford Islands,Houston,Texas,United States,91990,CRM
AUS06114,2017 Christopher Shores Apt. 545,Phoenix,Arizona,United States,65171,CRM
AUS06115,09060 Harmon Fords Apt. 411,New York,New York,United States,69406,CRM
AUS06116,51193 Miller Fall Suite 247,New York,New York,United States,55735,CRM
AUS06117,8606 Martinez Estate Suite 671,Houston,Texas,United States,88181,CRM
AUS06118,45943 James Forge Apt. 560,Phoenix,Arizona,United States,56702,CRM
AUS06119,6249 Foster Port,Phoenix,Arizona,United States,80751,CRM
AUS06120,838 Joseph Meadows Apt. 142,Chicago,Illinois,United States,96875,CRM
AUS06121,2155 Jonathan Springs Apt. 974,Phoenix,Arizona,United States,67295,CRM
AUS06122,2245 Morris Knolls,Phoenix,Arizona,United States,66892,CRM
AUS06123,9171 Jennifer Shoals Suite 338,Chicago,Illinois,United States,57918,CRM
AUS06124,39407 Joshua Mission,Phoenix,Arizona,United States,34153,CRM
AUS06125,4744 Barajas Spurs Suite 783,Chicago,Illinois,United States,98410,CRM
AUS06126,2694 Smith Squares Apt. 559,Houston,Texas,United States,28432,CRM
AUS06127,391 David Ridges,Phoenix,Arizona,United States,98097,CRM
AUS06128,4730 Kenneth Valleys,Chicago,Illinois,United States,55644,CRM
AUS06129,81558 Shannon Square Suite 652,New York,New York,United States,74486,CRM
AUS06130,809 Adams Views Suite 465,Los Angeles,California,United States,55378,CRM
AUS06131,6502 Baker Mall,Los Angeles,California,United States,86393,CRM
AUS06132,6229 Rivera Village,New York,New York,United States,97019,CRM
AUS06133,79797 Booker Extension,Chicago,Illinois,United States,51537,CRM
AUS06134,4723 Phillips Streets,Chicago,Illinois,United States,28464,CRM
AUS06135,0676 Haley Island,Chicago,Illinois,United States,21079,CRM
AUS06136,878 Michael Station,Phoenix,Arizona,United States,55698,CRM
AUS06137,15691 Thompson Field Apt. 879,Chicago,Illinois,United States,35786,CRM
AUS06138,87713 Rebecca Extensions Apt. 058,Phoenix,Arizona,United States,08530,CRM
AUS06139,423 Christopher Crest Apt. 057,Phoenix,Arizona,United States,27049,CRM
AUS06140,926 Ryan Park Suite 179,Houston,Texas,United States,30979,CRM
AUS06141,763 Adam Mountain Apt. 559,Los Angeles,California,United States,23103,CRM
AUS06142,393 Scott Oval Apt. 898,Phoenix,Arizona,United States,57436,CRM
AUS06143,899 Perry Springs Apt. 018,New York,New York,United States,15361,CRM
AUS06144,06252 Torres Curve Suite 908,Houston,Texas,United States,21258,CRM
AUS06145,5217 Gonzalez River Apt. 418,Chicago,Illinois,United States,34450,CRM
AUS06146,916 Turner Extension,Houston,Texas,United States,09665,CRM
AUS06147,756 Rollins Station Apt. 746,Houston,Texas,United States,73455,CRM
AUS06148,59487 Stephanie Isle Suite 245,Chicago,Illinois,United States,76687,CRM
AUS06149,808 John Pine,Los Angeles,California,United States,13220,CRM
AUS06150,117 Tracy Square Apt. 845,Los Angeles,California,United States,53231,CRM
AUS06151,4929 Jeffrey Crescent,Phoenix,Arizona,United States,07753,CRM
AUS06152,830 Jacob Mountain,Chicago,Illinois,United States,28001,CRM
AUS06153,11390 Porter Glen,New York,New York,United States,12806,CRM
AUS06154,0012 Craig Pass Suite 229,Los Angeles,California,United States,28966,CRM
AUS06155,677 Daniel Falls,Phoenix,Arizona,United States,64716,CRM
AUS06156,09766 Felicia Squares Apt. 492,New York,New York,United States,36156,CRM
AUS06157,3133 Jamie Trail Suite 752,Los Angeles,California,United States,38981,CRM
AUS06158,544 Martinez Cliff Apt. 754,Los Angeles,California,United States,08045,CRM
AUS06159,801 Thomas Divide,Los Angeles,California,United States,42532,CRM
AUS06160,49229 George Cape,Houston,Texas,United States,54238,CRM
AUS06161,2860 Martin Valleys,Houston,Texas,United States,26000,CRM
AUS06162,465 Frederick Port Suite 181,Houston,Texas,United States,50237,CRM
AUS06163,872 Lori Viaduct Suite 081,Phoenix,Arizona,United States,46202,CRM
AUS06164,0538 Justin Points Suite 289,Chicago,Illinois,United States,04507,CRM
AUS06165,19456 Christopher Fields,Chicago,Illinois,United States,40597,CRM
AUS06166,2147 Morrow Plaza Apt. 424,Chicago,Illinois,United States,16374,CRM
AUS06167,8883 Grimes Point Apt. 891,Los Angeles,California,United States,99593,CRM
AUS06168,38288 Courtney Junctions,New York,New York,United States,10771,CRM
AUS06169,86664 Crystal Orchard,Phoenix,Arizona,United States,47112,CRM
AUS06170,10644 Sharp Expressway,Los Angeles,California,United States,15517,CRM
AUS06171,100 Estes Station Apt. 169,Phoenix,Arizona,United States,06802,CRM
AUS06172,4755 Torres Corners Apt. 432,New York,New York,United States,66636,CRM
AUS06173,00971 Ryan Harbors,New York,New York,United States,53548,CRM
AUS06174,118 Rebecca Pine,Phoenix,Arizona,United States,28606,CRM
AUS06175,42385 Randy Squares Suite 538,Houston,Texas,United States,53278,CRM
AUS06176,9990 Shari Bridge,Phoenix,Arizona,United States,54987,CRM
AUS06177,2693 Phillips Parks Suite 669,Los Angeles,California,United States,87514,CRM
AUS06178,32358 Hardin Circles,Chicago,Illinois,United States,97734,CRM
AUS06179,859 Robbins Ridges,Los Angeles,California,United States,37239,CRM
AUS06180,6402 Chen Springs,Chicago,Illinois,United States,91541,CRM
AUS06181,621 Doris Hills Suite 522,Chicago,Illinois,United States,16185,CRM
AUS06182,1691 Kevin Shores,Los Angeles,California,United States,62611,CRM
AUS06183,274 Miller Spurs Apt. 852,Houston,Texas,United States,83019,CRM
AUS06184,55115 Coleman Drives,New York,New York,United States,57118,CRM
AUS06185,0414 James Branch,Los Angeles,California,United States,75491,CRM
AUS06186,062 Rodriguez Keys,Los Angeles,California,United States,40961,CRM
AUS06187,17577 Raymond Crest,Los Angeles,California,United States,75362,CRM
AUS06188,11365 Sarah Spurs,Chicago,Illinois,United States,07150,CRM
AUS06189,002 Veronica Track Apt. 132,New York,New York,United States,63279,CRM
AUS06190,9042 Sandoval Haven Apt. 017,Houston,Texas,United States,01763,CRM
AUS06191,4198 Todd Groves,Phoenix,Arizona,United States,32823,CRM
AUS06192,4376 Carroll Circle Suite 912,Chicago,Illinois,United States,07180,CRM
AUS06193,4410 Jones Tunnel Suite 789,Houston,Texas,United States,25890,CRM
AUS06194,77258 Powers Path Apt. 528,Chicago,Illinois,United States,17413,CRM
AUS06195,87716 Michelle Point Suite 450,Chicago,Illinois,United States,94178,CRM
AUS06196,7845 Campbell Fort Apt. 446,Houston,Texas,United States,99002,CRM
AUS06197,742 Gutierrez Viaduct Suite 611,Phoenix,Arizona,United States,44525,CRM
AUS06198,401 Ray Valleys,Chicago,Illinois,United States,88921,CRM
AUS06199,365 Julia Shores,Phoenix,Arizona,United States,11191,CRM
AUS06200,24017 Garcia Way,Phoenix,Arizona,United States,39118,CRM
AUS06201,491 Esparza Street,Chicago,Illinois,United States,36799,CRM
AUS06202,3184 Russell Spring Apt. 661,Los Angeles,California,United States,88263,CRM
AUS06203,10568 Justin Glen,New York,New York,United States,59638,CRM
AUS06204,9990 Samantha Corners Suite 584,Phoenix,Arizona,United States,90654,CRM
AUS06205,640 Elizabeth Passage Apt. 208,Chicago,Illinois,United States,85598,CRM
AUS06206,48102 Courtney Mews,Los Angeles,California,United States,89966,CRM
AUS06207,177 Brittany Station Suite 268,Phoenix,Arizona,United States,96971,CRM
AUS06208,687 Nelson Mill,New York,New York,United States,75731,CRM
AUS06209,991 Christine Port,Chicago,Illinois,United States,39021,CRM
AUS06210,58038 Angela Valley Suite 758,Phoenix,Arizona,United States,86526,CRM
AUS06211,98693 Blake Plains Apt. 597,New York,New York,United States,75755,CRM
AUS06212,37134 Christopher Parkway,New York,New York,United States,39267,CRM
AUS06213,5427 Collins Cliff Suite 649,Phoenix,Arizona,United States,81036,CRM
AUS06214,94959 Curtis Canyon Apt. 538,Chicago,Illinois,United States,15082,CRM
AUS06215,636 Nicholas Vista Apt. 191,Phoenix,Arizona,United States,41435,CRM
AUS06216,97759 Billy Overpass Apt. 614,New York,New York,United States,37657,CRM
AUS06217,176 Tanner Trail,Houston,Texas,United States,80683,CRM
AUS06218,9225 Lutz Village,New York,New York,United States,57910,CRM
AUS06219,4308 Rogers Harbor,New York,New York,United States,62422,CRM
AUS06220,8293 Gina Circle Suite 262,Phoenix,Arizona,United States,64665,CRM
AUS06221,647 Moran Springs Suite 219,Houston,Texas,United States,27542,CRM
AUS06222,464 Hoover Curve,Chicago,Illinois,United States,83378,CRM
AUS06223,42049 White Radial,Chicago,Illinois,United States,37097,CRM
AUS06224,6669 Fisher River,Phoenix,Arizona,United States,32036,CRM
AUS06225,72453 Danielle Green Apt. 544,New York,New York,United States,62567,CRM
AUS06226,8106 Rhodes Oval Suite 494,New York,New York,United States,63468,CRM
AUS06227,77524 Michael Prairie Apt. 759,New York,New York,United States,79271,CRM
AUS06228,157 Johnson Cliffs Suite 433,Chicago,Illinois,United States,16788,CRM
AUS06229,6620 Williams Island,Los Angeles,California,United States,63855,CRM
AUS06230,8514 Malone Mission,Los Angeles,California,United States,20131,CRM
AUS06231,438 Michael Cove,Houston,Texas,United States,65754,CRM
AUS06232,4136 David Parks Apt. 939,Los Angeles,California,United States,21358,CRM
AUS06233,55528 James Views Apt. 504,New York,New York,United States,27538,CRM
AUS06234,823 Jason Route,New York,New York,United States,62082,CRM
AUS06235,79616 Amber Glens,Phoenix,Arizona,United States,47052,CRM
AUS06236,681 Angela Shoals,New York,New York,United States,45535,CRM
AUS06237,82201 Hernandez Locks,Los Angeles,California,United States,41273,CRM
AUS06238,6323 Miller Creek Apt. 922,Phoenix,Arizona,United States,61757,CRM
AUS06239,7340 Collins Curve,Chicago,Illinois,United States,95896,CRM
AUS06240,43464 Conrad Way,New York,New York,United States,27526,CRM
AUS06241,8207 Bishop Crest Suite 748,Phoenix,Arizona,United States,07721,CRM
AUS06242,0114 Dominique Station,Houston,Texas,United States,09878,CRM
AUS06243,7169 Daniel Light,Houston,Texas,United States,63946,CRM
AUS06244,85082 James Rue Suite 795,New York,New York,United States,39426,CRM
AUS06245,79083 Lisa Via Apt. 788,Houston,Texas,United States,34381,CRM
AUS06246,917 Bryant Heights,Phoenix,Arizona,United States,08080,CRM
AUS06247,433 Willie Vista Apt. 220,Chicago,Illinois,United States,23140,CRM
AUS06248,90943 Bean Pass Apt. 427,Phoenix,Arizona,United States,76668,CRM
AUS06249,225 Butler Passage,Houston,Texas,United States,16684,CRM
AUS06250,683 Robinson Union Apt. 030,Chicago,Illinois,United States,86711,CRM
AUS06251,37266 Henry Streets,Phoenix,Arizona,United States,43675,CRM
AUS06252,65171 John Harbors Suite 790,Los Angeles,California,United States,95830,CRM
AUS06253,12781 Oconnor Branch,Chicago,Illinois,United States,38665,CRM
AUS06254,9410 Anthony Lodge Apt. 451,Chicago,Illinois,United States,69652,CRM
AUS06255,6850 Jessica Ridges Apt. 352,Chicago,Illinois,United States,73085,CRM
AUS06256,75045 Morris Skyway,Los Angeles,California,United States,72284,CRM
AUS06257,545 Jonathan Parks,New York,New York,United States,85509,CRM
AUS06258,13537 Victoria Unions Suite 376,Houston,Texas,United States,50948,CRM
AUS06259,4352 Haley Forks Apt. 738,Houston,Texas,United States,09965,CRM
AUS06260,80522 Margaret Rue Suite 007,New York,New York,United States,35168,CRM
AUS06261,6025 Hardin Mount,Phoenix,Arizona,United States,66990,CRM
AUS06262,48827 Smith Inlet Apt. 800,Los Angeles,California,United States,19939,CRM
AUS06263,560 Kevin Wells Suite 177,Los Angeles,California,United States,95306,CRM
AUS06264,2581 Chen Square Apt. 762,Chicago,Illinois,United States,71422,CRM
AUS06265,097 Donald Dale Suite 418,Chicago,Illinois,United States,50183,CRM
AUS06266,2008 Matthew Viaduct Suite 367,Phoenix,Arizona,United States,43416,CRM
AUS06267,99156 Richard Skyway Apt. 396,New York,New York,United States,71362,CRM
AUS06268,785 Gutierrez Light Suite 507,Houston,Texas,United States,80364,CRM
AUS06269,23565 Cline Expressway Apt. 500,Chicago,Illinois,United States,87773,CRM
AUS06270,36782 Robert Grove Apt. 019,Los Angeles,California,United States,36459,CRM
AUS06271,5496 Brian Rapid Suite 683,New York,New York,United States,60009,CRM
AUS06272,76912 Micheal Mews,Chicago,Illinois,United States,35412,CRM
AUS06273,340 Peggy Stream Apt. 217,Los Angeles,California,United States,49011,CRM
AUS06274,753 Fleming Wall Suite 948,Phoenix,Arizona,United States,09443,CRM
AUS06275,6349 Alejandro Vista,Los Angeles,California,United States,95914,CRM
AUS06276,782 Jamie Village Suite 607,Houston,Texas,United States,05650,CRM
AUS06277,97498 Hubbard Villages,Houston,Texas,United States,61553,CRM
AUS06278,30539 Tracy Port Apt. 836,New York,New York,United States,96885,CRM
AUS06279,21564 Joel Neck Suite 680,Phoenix,Arizona,United States,74886,CRM
AUS06280,0113 Ross Centers Apt. 626,New York,New York,United States,13815,CRM
AUS06281,212 Alexandra Ways,Chicago,Illinois,United States,15933,CRM
AUS06282,214 Joanne Union Apt. 467,New York,New York,United States,15563,CRM
AUS06283,14763 Beck Haven Suite 042,Los Angeles,California,United States,21847,CRM
AUS06284,99303 Laura Trafficway,Chicago,Illinois,United States,86084,CRM
AUS06285,49802 Cook Centers Suite 306,Chicago,Illinois,United States,99938,CRM
AUS06286,36819 Douglas Spur Suite 876,Los Angeles,California,United States,66805,CRM
AUS06287,88217 Thomas Port,Phoenix,Arizona,United States,86047,CRM
AUS06288,40707 Stephens Street Apt. 193,Chicago,Illinois,United States,84548,CRM
AUS06289,01679 Davis Mall,New York,New York,United States,06340,CRM
AUS06290,4812 Miller Manors,Houston,Texas,United States,68063,CRM
AUS06291,09081 Miles Club,New York,New York,United States,69853,CRM
AUS06292,890 Morgan Route,New York,New York,United States,49600,CRM
AUS06293,81311 Williams Stream,Phoenix,Arizona,United States,17836,CRM
AUS06294,05850 Luna Harbor Suite 929,Los Angeles,California,United States,37933,CRM
AUS06295,7125 Cochran Lakes Suite 581,Chicago,Illinois,United States,79932,CRM
AUS06296,5419 Johnson Fords Apt. 268,Los Angeles,California,United States,11100,CRM
AUS06297,758 Henderson Points Apt. 298,Chicago,Illinois,United States,15910,CRM
AUS06298,2268 Christopher Fields,Phoenix,Arizona,United States,52972,CRM
AUS06299,0986 Yvonne Mountain Suite 240,Los Angeles,California,United States,41207,CRM
AUS06300,64020 Snyder Avenue Suite 986,Phoenix,Arizona,United States,67137,CRM
AUS06301,710 James Ridge,New York,New York,United States,79583,CRM
AUS06302,0607 Mark Rest,Houston,Texas,United States,21396,CRM
AUS06303,1131 Robert Green Suite 170,Houston,Texas,United States,91588,CRM
AUS06304,600 Black Island Apt. 874,Chicago,Illinois,United States,41092,CRM
AUS06305,2524 Kyle Pass Suite 144,New York,New York,United States,27831,CRM
AUS06306,8944 Dixon Trafficway,Chicago,Illinois,United States,74683,CRM
AUS06307,00094 Johnson Underpass,Chicago,Illinois,United States,61882,CRM
AUS06308,46177 Mendez Glen Apt. 318,Phoenix,Arizona,United States,60157,CRM
AUS06309,175 Flores Courts Suite 692,Houston,Texas,United States,61847,CRM
AUS06310,65216 Moore Expressway,Phoenix,Arizona,United States,54374,CRM
AUS06311,91385 Henry Via Suite 442,New York,New York,United States,35750,CRM
AUS06312,85921 Moreno Cove Apt. 604,Los Angeles,California,United States,70794,CRM
AUS06313,37055 Natalie Union Suite 161,Houston,Texas,United States,21337,CRM
AUS06314,2045 Roger Terrace Apt. 403,Los Angeles,California,United States,77223,CRM
AUS06315,39094 Jeremy Wells,Houston,Texas,United States,95053,CRM
AUS06316,21362 Richard Rapid,Houston,Texas,United States,17313,CRM
AUS06317,15605 Jordan Wells Apt. 917,Los Angeles,California,United States,11658,CRM
AUS06318,54171 Debra Alley,Houston,Texas,United States,75945,CRM
AUS06319,932 Randall Islands,Los Angeles,California,United States,86994,CRM
AUS06320,77976 Johnson Place Apt. 820,Phoenix,Arizona,United States,71557,CRM
AUS06321,7668 Shea Plaza Suite 723,Los Angeles,California,United States,45556,CRM
AUS06322,28835 Dean Cliff,Chicago,Illinois,United States,55869,CRM
AUS06323,326 Foster Camp,Phoenix,Arizona,United States,26505,CRM
AUS06324,1248 Richards Cliffs Suite 259,New York,New York,United States,95142,CRM
AUS06325,256 Matthew Spring Apt. 523,Houston,Texas,United States,47306,CRM
AUS06326,771 Raymond Fall,Chicago,Illinois,United States,03704,CRM
AUS06327,17323 Susan Heights Apt. 692,New York,New York,United States,43126,CRM
AUS06328,173 Smith Trail,Chicago,Illinois,United States,75384,CRM
AUS06329,925 Ann Dam,Phoenix,Arizona,United States,17384,CRM
AUS06330,18589 Henry Stravenue Apt. 060,Los Angeles,California,United States,45231,CRM
AUS06331,83586 Blevins Tunnel,New York,New York,United States,26499,CRM
AUS06332,9858 Brock Mill,Los Angeles,California,United States,71122,CRM
AUS06333,32014 Kevin Walks Apt. 512,New York,New York,United States,89742,CRM
AUS06334,1031 David Light,Los Angeles,California,United States,30714,CRM
AUS06335,9680 Holmes Skyway,Phoenix,Arizona,United States,03458,CRM
AUS06336,205 Delgado Ports,New York,New York,United States,84616,CRM
AUS06337,008 Smith Lodge Suite 986,New York,New York,United States,09349,CRM
AUS06338,942 Jennifer Groves,Chicago,Illinois,United States,53353,CRM
AUS06339,3024 Sabrina Well Suite 793,Chicago,Illinois,United States,61680,CRM
AUS06340,4786 Christina Throughway,Chicago,Illinois,United States,78007,CRM
AUS06341,95703 Green Course Apt. 472,Phoenix,Arizona,United States,51518,CRM
AUS06342,6620 Brooke Turnpike Suite 294,Los Angeles,California,United States,64006,CRM
AUS06343,9200 Robert Lock,New York,New York,United States,87262,CRM
AUS06344,813 Patrick Views Apt. 732,Houston,Texas,United States,31419,CRM
AUS06345,88837 Kyle Mount Suite 580,Los Angeles,California,United States,68135,CRM
AUS06346,393 Kathryn Springs,Chicago,Illinois,United States,77409,CRM
AUS06347,20950 Jeffery Views Suite 319,Houston,Texas,United States,50666,CRM
AUS06348,571 Barker Keys Suite 255,New York,New York,United States,77131,CRM
AUS06349,6218 William Groves Apt. 651,Los Angeles,California,United States,55099,CRM
AUS06350,007 Susan Corners Suite 754,Houston,Texas,United States,48854,CRM
AUS06351,1892 Shelley Cliffs Apt. 905,Phoenix,Arizona,United States,93957,CRM
AUS06352,895 Douglas Pine Apt. 419,Houston,Texas,United States,22215,CRM
AUS06353,995 Briggs Mall,Los Angeles,California,United States,33905,CRM
AUS06354,3916 Guzman Motorway,Houston,Texas,United States,93152,CRM
AUS06355,7047 Figueroa Vista,New York,New York,United States,59074,CRM
AUS06356,901 Brown Garden,Phoenix,Arizona,United States,36473,CRM
AUS06357,5039 Karen Views Suite 538,Chicago,Illinois,United States,89878,CRM
AUS06358,470 Cook Islands,New York,New York,United States,61735,CRM
AUS06359,9176 Rivera Pass,Chicago,Illinois,United States,13514,CRM
AUS06360,5757 Hubbard Summit,Los Angeles,California,United States,07743,CRM
AUS06361,1929 Roger Cliff,Houston,Texas,United States,33898,CRM
AUS06362,203 Kristi Haven Apt. 220,Houston,Texas,United States,01002,CRM
AUS06363,7433 Amanda Plains Apt. 939,Chicago,Illinois,United States,61318,CRM
AUS06364,33059 Jones Street Apt. 505,New York,New York,United States,00946,CRM
AUS06365,2129 Preston Islands Suite 156,Houston,Texas,United States,62227,CRM
AUS06366,0152 Yolanda Parkways Apt. 943,Phoenix,Arizona,United States,76056,CRM
AUS06367,0272 Perez Ridge Apt. 342,New York,New York,United States,54458,CRM
AUS06368,16178 Allison Club,Los Angeles,California,United States,15363,CRM
AUS06369,163 Bradley Fords,Houston,Texas,United States,13104,CRM
AUS06370,962 Bowen Knolls,Phoenix,Arizona,United States,44498,CRM
AUS06371,8947 Hammond Valley Suite 843,New York,New York,United States,25060,CRM
AUS06372,5043 Scott Extensions Suite 794,Los Angeles,California,United States,05567,CRM
AUS06373,9567 Hall Loop Suite 884,Chicago,Illinois,United States,23582,CRM
AUS06374,0117 Donna Flat,New York,New York,United States,30214,CRM
AUS06375,21810 Kaylee Islands Suite 836,Chicago,Illinois,United States,24573,CRM
AUS06376,573 Nielsen Squares Apt. 772,Los Angeles,California,United States,06969,CRM
AUS06377,363 Hill Road,Chicago,Illinois,United States,52619,CRM
AUS06378,3182 Steven Club Apt. 654,Houston,Texas,United States,88253,CRM
AUS06379,30387 Stephanie Trail Apt. 756,Los Angeles,California,United States,19680,CRM
AUS06380,20855 Salas Ranch,Phoenix,Arizona,United States,81845,CRM
AUS06381,1788 Rebecca Lane,Phoenix,Arizona,United States,42181,CRM
AUS06382,076 Amy Fork Apt. 716,Houston,Texas,United States,56903,CRM
AUS06383,7627 Willie Square Suite 866,Phoenix,Arizona,United States,28909,CRM
AUS06384,58362 Andrew Points Apt. 680,New York,New York,United States,08025,CRM
AUS06385,798 Rachel Extension Suite 177,Houston,Texas,United States,53281,CRM
AUS06386,7158 Terry Dam,Los Angeles,California,United States,67758,CRM
AUS06387,414 Jason Knolls Apt. 237,Los Angeles,California,United States,06119,CRM
AUS06388,47809 Zuniga Street,Houston,Texas,United States,13802,CRM
AUS06389,2035 Stewart Plains,Chicago,Illinois,United States,53832,CRM
AUS06390,367 Mark Row Suite 425,New York,New York,United States,51149,CRM
AUS06391,95348 Michael Turnpike,Los Angeles,California,United States,48959,CRM
AUS06392,566 Cuevas Via,Houston,Texas,United States,15806,CRM
AUS06393,09270 Katherine Mission,Phoenix,Arizona,United States,88624,CRM
AUS06394,5497 Franklin Alley Suite 936,Chicago,Illinois,United States,22373,CRM
AUS06395,6117 Lisa Shore,Phoenix,Arizona,United States,36137,CRM
AUS06396,463 Hunter Path Apt. 348,Houston,Texas,United States,93266,CRM
AUS06397,9060 Martinez Squares Suite 566,Phoenix,Arizona,United States,17694,CRM
AUS06398,4531 Thomas Causeway,Houston,Texas,United States,79184,CRM
AUS06399,6666 Choi Mount,Phoenix,Arizona,United States,57105,CRM
AUS06400,03828 Moore River Apt. 369,Chicago,Illinois,United States,18162,CRM
AUS06401,42631 Jonathan Ramp,Los Angeles,California,United States,96972,CRM
AUS06402,36419 Burke Streets,Los Angeles,California,United States,27650,CRM
AUS06403,2556 Bates Lights,Chicago,Illinois,United States,91848,CRM
AUS06404,0432 Stephanie Forest,New York,New York,United States,70535,CRM
AUS06405,4693 Michael Loop,New York,New York,United States,68524,CRM
AUS06406,621 Michael Way Apt. 949,Los Angeles,California,United States,57959,CRM
AUS06407,414 Jordan Mall Suite 198,Los Angeles,California,United States,52363,CRM
AUS06408,825 Tony Gardens,Los Angeles,California,United States,13449,CRM
AUS06409,4884 Zhang Oval Apt. 055,New York,New York,United States,72366,CRM
AUS06410,898 Watkins Forks,Houston,Texas,United States,91755,CRM
AUS06411,90393 Ryan Rapids,Houston,Texas,United States,49832,CRM
AUS06412,83314 Danielle Lakes,Houston,Texas,United States,44398,CRM
AUS06413,612 Smith Rapid Suite 673,Phoenix,Arizona,United States,10890,CRM
AUS06414,5389 Jennifer Shore Apt. 120,Houston,Texas,United States,26090,CRM
AUS06415,226 Craig Alley,Phoenix,Arizona,United States,53512,CRM
AUS06416,1952 Brenda Mission,New York,New York,United States,76449,CRM
AUS06417,1191 Jimenez Extensions,Phoenix,Arizona,United States,29752,CRM
AUS06418,29170 Donna Lodge Suite 557,Chicago,Illinois,United States,54249,CRM
AUS06419,30332 Morse Estate Apt. 808,Houston,Texas,United States,57671,CRM
AUS06420,279 Melanie Tunnel,New York,New York,United States,82616,CRM
AUS06421,03589 Sloan Prairie Suite 862,Chicago,Illinois,United States,47623,CRM
AUS06422,390 Carly Divide,Phoenix,Arizona,United States,67632,CRM
AUS06423,421 Odom Haven,Houston,Texas,United States,75682,CRM
AUS06424,223 Danielle Roads Apt. 833,Houston,Texas,United States,36388,CRM
AUS06425,85283 Renee Valleys,New York,New York,United States,98543,CRM
AUS06426,833 Campbell Parkways Suite 716,Houston,Texas,United States,85011,CRM
AUS06427,423 Eric Fall,Phoenix,Arizona,United States,89764,CRM
AUS06428,81687 Stacy Vista Suite 942,New York,New York,United States,80609,CRM
AUS06429,070 Gloria Junction Apt. 085,Los Angeles,California,United States,27206,CRM
AUS06430,400 Jesus Throughway,New York,New York,United States,21893,CRM
AUS06431,6914 Sullivan Drive Apt. 434,Chicago,Illinois,United States,14473,CRM
AUS06432,97061 Edwards Route Apt. 040,Houston,Texas,United States,87377,CRM
AUS06433,006 Michael Dale,New York,New York,United States,02510,CRM
AUS06434,3184 Rich Circles,New York,New York,United States,09452,CRM
AUS06435,1378 Paul Flats,Los Angeles,California,United States,72652,CRM
AUS06436,71267 Wolfe Pine,Houston,Texas,United States,98604,CRM
AUS06437,330 Michael Ford,Los Angeles,California,United States,25973,CRM
AUS06438,116 Maxwell Well Apt. 576,Los Angeles,California,United States,35495,CRM
AUS06439,7123 Mora Mall,Los Angeles,California,United States,53594,CRM
AUS06440,02811 Wells Ridge Apt. 947,Phoenix,Arizona,United States,55668,CRM
AUS06441,711 Jonathan Drives Apt. 264,Phoenix,Arizona,United States,55147,CRM
AUS06442,99756 Dunn Corners Apt. 774,Houston,Texas,United States,03055,CRM
AUS06443,91025 Levy Knolls,New York,New York,United States,84538,CRM
AUS06444,161 Cindy Flat Apt. 047,Phoenix,Arizona,United States,44198,CRM
AUS06445,13590 Watson Center Suite 675,Houston,Texas,United States,45217,CRM
AUS06446,907 Kristen Cape Suite 644,New York,New York,United States,19413,CRM
AUS06447,8843 Dillon Station Suite 603,New York,New York,United States,17908,CRM
AUS06448,21418 Bell Keys Apt. 085,Los Angeles,California,United States,37300,CRM
AUS06449,279 Jonathan Rapids,Houston,Texas,United States,55674,CRM
AUS06450,05817 Tammy Manors Apt. 969,Houston,Texas,United States,60095,CRM
AUS06451,766 Smith Club Suite 847,New York,New York,United States,06645,CRM
AUS06452,197 Freeman Lakes,Chicago,Illinois,United States,19236,CRM
AUS06453,9800 Hoover Gateway Apt. 493,Houston,Texas,United States,35340,CRM
AUS06454,0470 Lucas Village,Phoenix,Arizona,United States,84558,CRM
AUS06455,31682 Mitchell Trail,Houston,Texas,United States,58812,CRM
AUS06456,91804 Melanie Meadow,Chicago,Illinois,United States,35624,CRM
AUS06457,320 David Park Suite 775,Chicago,Illinois,United States,57955,CRM
AUS06458,057 Peck Tunnel,Phoenix,Arizona,United States,58024,CRM
AUS06459,114 Cynthia Turnpike,Houston,Texas,United States,36903,CRM
AUS06460,22902 Kenneth Fall Suite 373,Chicago,Illinois,United States,56779,CRM
AUS06461,76141 Ronald Walks Apt. 998,New York,New York,United States,80361,CRM
AUS06462,796 Valdez Locks Apt. 516,Los Angeles,California,United States,90243,CRM
AUS06463,7681 Tina Mountains,Los Angeles,California,United States,16505,CRM
AUS06464,916 Ryan Isle Apt. 705,New York,New York,United States,10158,CRM
AUS06465,42683 Jacqueline Forges Suite 393,Phoenix,Arizona,United States,88284,CRM
AUS06466,357 Stevens Cove,Phoenix,Arizona,United States,59464,CRM
AUS06467,71423 Bethany Crossroad,New York,New York,United States,52747,CRM
AUS06468,933 Julia Loop,New York,New York,United States,21132,CRM
AUS06469,89626 Kimberly Pass,Chicago,Illinois,United States,14581,CRM
AUS06470,00347 Haynes Valley,Phoenix,Arizona,United States,88700,CRM
AUS06471,2049 Melinda Plain,New York,New York,United States,29559,CRM
AUS06472,264 Aguirre Ways,Houston,Texas,United States,70363,CRM
AUS06473,07072 Leslie Station Apt. 195,Phoenix,Arizona,United States,21227,CRM
AUS06474,3050 Hicks Rapids Suite 005,Phoenix,Arizona,United States,40042,CRM
AUS06475,6339 Arnold Lakes Suite 936,Phoenix,Arizona,United States,55771,CRM
AUS06476,4203 Watkins Mountains,New York,New York,United States,01560,CRM
AUS06477,342 April Key Apt. 227,Phoenix,Arizona,United States,77645,CRM
AUS06478,710 Donald Orchard Apt. 427,Chicago,Illinois,United States,20603,CRM
AUS06479,65963 Henderson Mall Suite 536,New York,New York,United States,73298,CRM
AUS06480,7329 Jones Run Apt. 240,Los Angeles,California,United States,53309,CRM
AUS06481,73394 Boyd Isle,Los Angeles,California,United States,92129,CRM
AUS06482,69567 Luke Key,Los Angeles,California,United States,98567,CRM
AUS06483,102 Wagner Land,Chicago,Illinois,United States,38339,CRM
AUS06484,2442 Tyler Spurs Apt. 171,Los Angeles,California,United States,65642,CRM
AUS06485,20493 Lawson Station Apt. 103,New York,New York,United States,72118,CRM
AUS06486,2938 Jones Crossing Apt. 564,New York,New York,United States,36067,CRM
AUS06487,1431 Michael Ways,Houston,Texas,United States,86408,CRM
AUS06488,50947 Richardson Gateway Suite 026,Chicago,Illinois,United States,74045,CRM
AUS06489,44281 Cruz Dam Suite 139,Houston,Texas,United States,80020,CRM
AUS06490,99187 Kelsey Tunnel,Houston,Texas,United States,07057,CRM
AUS06491,01896 Harper Shores,New York,New York,United States,72632,CRM
AUS06492,478 Myers Ramp Apt. 268,Chicago,Illinois,United States,70992,CRM
AUS06493,1804 Montes Plains Apt. 140,Los Angeles,California,United States,25961,CRM
AUS06494,9612 John Land,Phoenix,Arizona,United States,49167,CRM
AUS06495,0094 Austin Circles Suite 939,New York,New York,United States,78090,CRM
AUS06496,961 Wilson Parkway Suite 140,Chicago,Illinois,United States,94333,CRM
AUS06497,99983 Walls Islands,Chicago,Illinois,United States,77871,CRM
AUS06498,96070 Stewart Square,Chicago,Illinois,United States,79510,CRM
AUS06499,844 Charles Vista Apt. 156,New York,New York,United States,55910,CRM
AUS06500,765 Romero Highway,New York,New York,United States,88374,CRM
AUS06501,327 Ronald Point Apt. 602,New York,New York,United States,12120,CRM
AUS06502,74376 Randy River Apt. 768,Los Angeles,California,United States,35158,CRM
AUS06503,401 John Mountains,Los Angeles,California,United States,52229,CRM
AUS06504,8562 Jacobson Path,Chicago,Illinois,United States,98186,CRM
AUS06505,3525 Coleman Ports,Phoenix,Arizona,United States,15336,CRM
AUS06506,4634 Rodriguez Pines,Houston,Texas,United States,34770,CRM
AUS06507,18418 Allen Gateway,Houston,Texas,United States,42844,CRM
AUS06508,4546 Mills Walks,Houston,Texas,United States,22937,CRM
AUS06509,917 Mary Branch Apt. 862,Los Angeles,California,United States,89846,CRM
AUS06510,57934 Shawn Road Apt. 789,Los Angeles,California,United States,81448,CRM
AUS06511,72958 Dustin Points Suite 864,Houston,Texas,United States,73326,CRM
AUS06512,930 Martin Roads Apt. 530,New York,New York,United States,60186,CRM
AUS06513,39817 Gutierrez Highway,Houston,Texas,United States,25084,CRM
AUS06514,69434 Gonzalez Parkways Apt. 380,Houston,Texas,United States,85568,CRM
AUS06515,47115 Kimberly Crossroad Suite 854,Chicago,Illinois,United States,03551,CRM
AUS06516,88183 Joseph Mills Suite 490,Phoenix,Arizona,United States,16623,CRM
AUS06517,23924 Smith Inlet,New York,New York,United States,94496,CRM
AUS06518,969 Hutchinson Ferry,Chicago,Illinois,United States,08327,CRM
AUS06519,55441 Ann Crossroad Apt. 709,Los Angeles,California,United States,83902,CRM
AUS06520,73108 Margaret Brooks,Houston,Texas,United States,96403,CRM
AUS06521,006 Ellen Glens Suite 908,New York,New York,United States,48163,CRM
AUS06522,086 Edwards Points Suite 876,Chicago,Illinois,United States,29246,CRM
AUS06523,01649 Jonathan Mall Suite 518,New York,New York,United States,06723,CRM
AUS06524,3817 Joseph Ville,Houston,Texas,United States,46629,CRM
AUS06525,09248 Russell Trail Apt. 559,Los Angeles,California,United States,55530,CRM
AUS06526,52164 Garza Centers Apt. 258,Houston,Texas,United States,49055,CRM
AUS06527,035 Lopez Bridge,Chicago,Illinois,United States,81852,CRM
AUS06528,198 Dawson Islands Apt. 981,Phoenix,Arizona,United States,36692,CRM
AUS06529,17143 Juan Rest,Houston,Texas,United States,99894,CRM
AUS06530,686 Bell Shoal,Phoenix,Arizona,United States,42991,CRM
AUS06531,93603 Richard Rest Suite 276,Phoenix,Arizona,United States,08602,CRM
AUS06532,0919 Castillo Pike Suite 841,Houston,Texas,United States,30095,CRM
AUS06533,882 Stephanie Highway,Los Angeles,California,United States,26033,CRM
AUS06534,34489 Beverly Freeway,Houston,Texas,United States,30493,CRM
AUS06535,04843 Kim Ville,Houston,Texas,United States,29982,CRM
AUS06536,954 Lawson Plains,Houston,Texas,United States,70887,CRM
AUS06537,6227 Freeman Locks Suite 874,New York,New York,United States,84696,CRM
AUS06538,35831 Higgins Highway,Houston,Texas,United States,53342,CRM
AUS06539,8542 James Village Apt. 009,New York,New York,United States,53564,CRM
AUS06540,313 Heather Stream,Chicago,Illinois,United States,35460,CRM
AUS06541,59122 Brown Plaza,Phoenix,Arizona,United States,82365,CRM
AUS06542,86779 Misty Roads,Chicago,Illinois,United States,29287,CRM
AUS06543,933 Swanson Station,Houston,Texas,United States,46373,CRM
AUS06544,291 Ferrell Drive Suite 899,Houston,Texas,United States,01732,CRM
AUS06545,6292 Beth Glens,Houston,Texas,United States,49219,CRM
AUS06546,8432 Diana Fork Apt. 309,Phoenix,Arizona,United States,65272,CRM
AUS06547,01628 Marshall Parks,Houston,Texas,United States,13426,CRM
AUS06548,5016 Yesenia Burgs Suite 629,Chicago,Illinois,United States,70552,CRM
AUS06549,661 Richards Street,Houston,Texas,United States,10013,CRM
AUS06550,9588 Natalie Lakes,Los Angeles,California,United States,90037,CRM
AUS06551,500 Megan Plains Apt. 901,Chicago,Illinois,United States,54161,CRM
AUS06552,1502 Tyler Flats Suite 756,Los Angeles,California,United States,13670,CRM
AUS06553,0943 Smith Hollow,Phoenix,Arizona,United States,85609,CRM
AUS06554,4467 Rebecca Road Suite 150,Chicago,Illinois,United States,27352,CRM
AUS06555,52066 Rojas Trail,New York,New York,United States,54625,CRM
AUS06556,751 Nicholas Keys,Phoenix,Arizona,United States,33843,CRM
AUS06557,95803 Woods Throughway,Phoenix,Arizona,United States,03003,CRM
AUS06558,1055 Michelle Station,New York,New York,United States,37881,CRM
AUS06559,027 Edwards Lock,Houston,Texas,United States,07705,CRM
AUS06560,50663 Watts Stream,Phoenix,Arizona,United States,84977,CRM
AUS06561,19513 Acevedo Circles,Houston,Texas,United States,70882,CRM
AUS06562,6044 Thornton Brooks Suite 405,Chicago,Illinois,United States,33905,CRM
AUS06563,92717 Jill Village Apt. 305,Chicago,Illinois,United States,72385,CRM
AUS06564,389 Wu Plains Suite 924,Chicago,Illinois,United States,63375,CRM
AUS06565,46989 Daniel Points,Los Angeles,California,United States,90679,CRM
AUS06566,728 Nicole Pike Suite 280,Chicago,Illinois,United States,13463,CRM
AUS06567,625 Hood Port Suite 429,Phoenix,Arizona,United States,18115,CRM
AUS06568,7252 Roth Isle Suite 033,New York,New York,United States,43597,CRM
AUS06569,317 Kim Springs,Phoenix,Arizona,United States,10502,CRM
AUS06570,0381 John Forges Suite 277,New York,New York,United States,79146,CRM
AUS06571,94420 Matthew Road,Houston,Texas,United States,41714,CRM
AUS06572,803 Santos Springs Apt. 161,Phoenix,Arizona,United States,28415,CRM
AUS06573,3044 Grace Harbor,Houston,Texas,United States,56074,CRM
AUS06574,2403 Parker Bridge Suite 204,Phoenix,Arizona,United States,38188,CRM
AUS06575,8423 Jones Glen Apt. 553,Los Angeles,California,United States,45803,CRM
AUS06576,6760 Victor Motorway,Chicago,Illinois,United States,47416,CRM
AUS06577,413 Timothy Rue,Los Angeles,California,United States,29134,CRM
AUS06578,164 Roberta Course,Chicago,Illinois,United States,68583,CRM
AUS06579,097 White Inlet Apt. 976,Phoenix,Arizona,United States,73129,CRM
AUS06580,7399 Williams Islands Apt. 846,Chicago,Illinois,United States,81134,CRM
AUS06581,9341 Tyler Islands Apt. 496,New York,New York,United States,46124,CRM
AUS06582,00104 Miles Heights Apt. 161,Houston,Texas,United States,34829,CRM
AUS06583,3297 Perry River Suite 998,Houston,Texas,United States,27079,CRM
AUS06584,29685 Perry Village,New York,New York,United States,53240,CRM
AUS06585,41093 Stephanie Pass Suite 437,New York,New York,United States,79713,CRM
AUS06586,3580 Welch Ramp Apt. 163,New York,New York,United States,69355,CRM
AUS06587,72446 Michael Meadows Apt. 538,Los Angeles,California,United States,40211,CRM
AUS06588,2217 Hogan Mills Apt. 967,Los Angeles,California,United States,06619,CRM
AUS06589,66944 Lopez Plains,Los Angeles,California,United States,33180,CRM
AUS06590,587 Kristin Spring Apt. 520,Los Angeles,California,United States,44432,CRM
AUS06591,7569 Turner Shoal Apt. 275,Los Angeles,California,United States,26847,CRM
AUS06592,45749 Julie Lodge,Phoenix,Arizona,United States,77603,CRM
AUS06593,44850 Tate Centers,Los Angeles,California,United States,06724,CRM
AUS06594,2377 Catherine Square Suite 347,Chicago,Illinois,United States,50834,CRM
AUS06595,51547 Carol Brook Apt. 221,New York,New York,United States,62910,CRM
AUS06596,93189 Lisa Locks Suite 607,New York,New York,United States,61155,CRM
AUS06597,22601 Perez Skyway Suite 737,Phoenix,Arizona,United States,53387,CRM
AUS06598,60666 Julia Mountain,Los Angeles,California,United States,43726,CRM
AUS06599,015 Terri Drives Apt. 433,Houston,Texas,United States,58504,CRM
AUS06600,148 Williams Causeway Suite 230,Houston,Texas,United States,44976,CRM
AUS06601,71560 Kara Village,New York,New York,United States,57620,CRM
AUS06602,3150 Baker Station,New York,New York,United States,01234,CRM
AUS06603,0026 Smith Loaf Suite 270,Chicago,Illinois,United States,31178,CRM
AUS06604,34807 Collins Manor,Chicago,Illinois,United States,75539,CRM
AUS06605,88066 Kenneth Mountain,Phoenix,Arizona,United States,77119,CRM
AUS06606,9497 Chelsea Hills Apt. 190,Houston,Texas,United States,94318,CRM
AUS06607,1144 Christopher Point,Houston,Texas,United States,40734,CRM
AUS06608,68400 Malone Shoals Apt. 537,Chicago,Illinois,United States,05358,CRM
AUS06609,5536 Reese Wells Suite 515,Chicago,Illinois,United States,38430,CRM
AUS06610,597 Donald Heights Suite 509,Phoenix,Arizona,United States,10932,CRM
AUS06611,354 Deborah Spurs,Phoenix,Arizona,United States,80686,CRM
AUS06612,975 Sarah Parks,Chicago,Illinois,United States,42929,CRM
AUS06613,1620 Miles Mountain,Los Angeles,California,United States,59113,CRM
AUS06614,00185 Katie Centers Suite 432,Chicago,Illinois,United States,60406,CRM
AUS06615,451 Nicholas Mission Apt. 581,New York,New York,United States,80095,CRM
AUS06616,8197 Foster Stravenue Apt. 349,Los Angeles,California,United States,85615,CRM
AUS06617,0204 Alexis Fields,Chicago,Illinois,United States,06934,CRM
AUS06618,87449 Moore Curve,Los Angeles,California,United States,20495,CRM
AUS06619,398 Megan Coves,Chicago,Illinois,United States,55048,CRM
AUS06620,621 Luis Center,Houston,Texas,United States,30105,CRM
AUS06621,74843 Christopher Shores Apt. 047,New York,New York,United States,56615,CRM
AUS06622,85560 Jeanne Brooks Suite 603,Chicago,Illinois,United States,77564,CRM
AUS06623,4671 Hanson Pass Apt. 217,Chicago,Illinois,United States,66315,CRM
AUS06624,4421 Derrick Villages,Los Angeles,California,United States,95411,CRM
AUS06625,71446 Cox Hill Suite 429,Phoenix,Arizona,United States,12317,CRM
AUS06626,08584 Christopher Coves Apt. 232,Los Angeles,California,United States,11136,CRM
AUS06627,323 Jose Green,Los Angeles,California,United States,49837,CRM
AUS06628,0040 Walker Turnpike Apt. 142,New York,New York,United States,51926,CRM
AUS06629,1965 Lee Flat,Los Angeles,California,United States,49035,CRM
AUS06630,377 Nicholas Path Apt. 324,Chicago,Illinois,United States,75454,CRM
AUS06631,45733 Mckinney Freeway Suite 906,Phoenix,Arizona,United States,57530,CRM
AUS06632,2478 Richardson Avenue,Los Angeles,California,United States,57158,CRM
AUS06633,017 Aguilar Groves,Chicago,Illinois,United States,91397,CRM
AUS06634,03939 Murphy Walk,Phoenix,Arizona,United States,65429,CRM
AUS06635,1941 Lopez Drives,New York,New York,United States,46654,CRM
AUS06636,33232 Todd Mills,New York,New York,United States,84413,CRM
AUS06637,529 Angela Rapids,Houston,Texas,United States,62011,CRM
AUS06638,834 Roman Crossroad Suite 986,New York,New York,United States,49765,CRM
AUS06639,955 Mcintyre Plains Apt. 416,Los Angeles,California,United States,29627,CRM
AUS06640,082 Andrew Gateway,Chicago,Illinois,United States,69635,CRM
AUS06641,27933 Church Wells Suite 126,New York,New York,United States,50134,CRM
AUS06642,406 Matthew Parkways Suite 608,Houston,Texas,United States,34024,CRM
AUS06643,58831 Turner Street,Chicago,Illinois,United States,56733,CRM
AUS06644,1945 Roberts Knolls,Phoenix,Arizona,United States,54010,CRM
AUS06645,74440 Matthew Mountains,Chicago,Illinois,United States,61748,CRM
AUS06646,045 Samantha Port Suite 974,Houston,Texas,United States,65272,CRM
AUS06647,7958 Holland Trace Suite 198,Houston,Texas,United States,13125,CRM
AUS06648,013 Terry Rest Apt. 521,Chicago,Illinois,United States,83686,CRM
AUS06649,865 Johnson Views Apt. 451,Houston,Texas,United States,60044,CRM
AUS06650,3447 Andre Forks Suite 858,Houston,Texas,United States,80092,CRM
AUS06651,9497 Joshua Lane,New York,New York,United States,68421,CRM
AUS06652,30671 Carlos Underpass,Phoenix,Arizona,United States,85832,CRM
AUS06653,53444 John Plaza Suite 258,New York,New York,United States,89839,CRM
AUS06654,107 Kristopher Lake,Phoenix,Arizona,United States,48509,CRM
AUS06655,104 Olivia Land Apt. 638,Los Angeles,California,United States,79232,CRM
AUS06656,843 Cole Route,Houston,Texas,United States,80433,CRM
AUS06657,569 Payne Cove,Phoenix,Arizona,United States,13687,CRM
AUS06658,928 Alexandria Ridges,Houston,Texas,United States,04389,CRM
AUS06659,5343 Graham Corner,Phoenix,Arizona,United States,70942,CRM
AUS06660,980 Walker Route Apt. 711,Phoenix,Arizona,United States,27591,CRM
AUS06661,435 Victoria Points Apt. 525,Chicago,Illinois,United States,14630,CRM
AUS06662,0578 Munoz Mountain Apt. 254,Houston,Texas,United States,90534,CRM
AUS06663,594 Sampson Bypass,Chicago,Illinois,United States,98423,CRM
AUS06664,31812 Green Forges,Los Angeles,California,United States,63781,CRM
AUS06665,392 Brown Ways,Chicago,Illinois,United States,19552,CRM
AUS06666,7718 Cameron Burg Apt. 435,New York,New York,United States,11581,CRM
AUS06667,801 Brown Points Apt. 908,Chicago,Illinois,United States,96270,CRM
AUS06668,0008 Bryan View,Los Angeles,California,United States,89667,CRM
AUS06669,95333 Yolanda Fields,Chicago,Illinois,United States,17049,CRM
AUS06670,42570 Wells Roads Suite 241,Los Angeles,California,United States,29517,CRM
AUS06671,039 Chavez Extension,Phoenix,Arizona,United States,46411,CRM
AUS06672,88672 April Manors,New York,New York,United States,47847,CRM
AUS06673,227 Chelsea Throughway,New York,New York,United States,81773,CRM
AUS06674,63010 Nelson Orchard Suite 496,Los Angeles,California,United States,62905,CRM
AUS06675,158 Jason Mills,Phoenix,Arizona,United States,17448,CRM
AUS06676,9139 Stephanie Parkway,Los Angeles,California,United States,58017,CRM
AUS06677,630 Leslie Orchard,Phoenix,Arizona,United States,98027,CRM
AUS06678,087 Darrell Crossing Suite 984,Houston,Texas,United States,24426,CRM
AUS06679,8878 Susan Squares Apt. 212,Phoenix,Arizona,United States,71492,CRM
AUS06680,8086 Robert Harbor Suite 907,Chicago,Illinois,United States,37317,CRM
AUS06681,6106 Michael Unions,Phoenix,Arizona,United States,79744,CRM
AUS06682,63199 Jimenez Extensions Suite 859,New York,New York,United States,62018,CRM
AUS06683,824 Campos Brook,New York,New York,United States,88120,CRM
AUS06684,92472 Miller Square Apt. 241,Phoenix,Arizona,United States,36615,CRM
AUS06685,8572 Cook Isle Apt. 369,Los Angeles,California,United States,39354,CRM
AUS06686,53601 David Camp,Chicago,Illinois,United States,00664,CRM
AUS06687,975 Melissa Ridge Suite 246,Los Angeles,California,United States,32274,CRM
AUS06688,04259 Jodi Drive,New York,New York,United States,67479,CRM
AUS06689,972 Brittany Hollow Suite 812,Chicago,Illinois,United States,00756,CRM
AUS06690,29544 Brandy Estates,Houston,Texas,United States,44309,CRM
AUS06691,376 Johnson Fall Apt. 064,Phoenix,Arizona,United States,95862,CRM
AUS06692,12323 David Dale,New York,New York,United States,85952,CRM
AUS06693,5799 Richmond Plaza Suite 223,Chicago,Illinois,United States,73371,CRM
AUS06694,7236 Keith Road Apt. 932,Chicago,Illinois,United States,64913,CRM
AUS06695,76154 Ronald Turnpike Apt. 473,New York,New York,United States,94016,CRM
AUS06696,8025 Heather Road Apt. 149,Phoenix,Arizona,United States,86063,CRM
AUS06697,785 Samantha Skyway Suite 070,New York,New York,United States,71968,CRM
AUS06698,823 Braun Isle Suite 550,Los Angeles,California,United States,27904,CRM
AUS06699,1410 Dennis Locks,Chicago,Illinois,United States,43866,CRM
AUS06700,5169 Michelle Springs Suite 002,Chicago,Illinois,United States,73754,CRM
AUS06701,8892 Angela Station Suite 224,Phoenix,Arizona,United States,92789,CRM
AUS06702,139 Kelly Road Suite 847,New York,New York,United States,49441,CRM
AUS06703,4278 Daniel Walk,Chicago,Illinois,United States,89752,CRM
AUS06704,143 Moreno Neck,Houston,Texas,United States,33212,CRM
AUS06705,58134 Taylor Course,Phoenix,Arizona,United States,22711,CRM
AUS06706,6547 Snyder Knoll Suite 611,Los Angeles,California,United States,00627,CRM
AUS06707,37058 Nguyen Manors,Phoenix,Arizona,United States,27423,CRM
AUS06708,068 Kristina Meadows Suite 427,Phoenix,Arizona,United States,78284,CRM
AUS06709,7007 Kim Ports Suite 399,Chicago,Illinois,United States,79969,CRM
AUS06710,8189 Lozano Manors Suite 466,Phoenix,Arizona,United States,09874,CRM
AUS06711,42143 Dennis Hills,Houston,Texas,United States,63793,CRM
AUS06712,7415 Brian Tunnel,New York,New York,United States,14692,CRM
AUS06713,736 Clark Points,Houston,Texas,United States,85884,CRM
AUS06714,841 Cook Station,Houston,Texas,United States,82281,CRM
AUS06715,3451 Cook Dam,Houston,Texas,United States,17796,CRM
AUS06716,34719 Rachel View Suite 030,Chicago,Illinois,United States,52998,CRM
AUS06717,10798 James Field Suite 631,Phoenix,Arizona,United States,23994,CRM
AUS06718,758 Alexis Bridge Suite 659,Phoenix,Arizona,United States,52912,CRM
AUS06719,06842 Mcclain Forks Apt. 020,Los Angeles,California,United States,62566,CRM
AUS06720,86147 Adam Brook Apt. 511,Chicago,Illinois,United States,88634,CRM
AUS06721,04775 Martin Via Suite 030,Houston,Texas,United States,09068,CRM
AUS06722,422 Andrews Mews,Los Angeles,California,United States,49331,CRM
AUS06723,775 Barber Walk,Chicago,Illinois,United States,49790,CRM
AUS06724,27711 Shah Ferry,Phoenix,Arizona,United States,15551,CRM
AUS06725,4097 Watson Crest Apt. 695,Chicago,Illinois,United States,13682,CRM
AUS06726,0828 Ayala Avenue,Chicago,Illinois,United States,28323,CRM
AUS06727,485 Stone Canyon,New York,New York,United States,91585,CRM
AUS06728,60645 Katherine Stravenue Apt. 614,Chicago,Illinois,United States,89889,CRM
AUS06729,89980 Adams Shores Apt. 655,Phoenix,Arizona,United States,69409,CRM
AUS06730,415 Amy Overpass Apt. 803,New York,New York,United States,70415,CRM
AUS06731,19888 Williams Loaf Suite 401,Chicago,Illinois,United States,19066,CRM
AUS06732,9352 Daniels Dale Apt. 770,Houston,Texas,United States,21543,CRM
AUS06733,6283 Phillips Greens,Chicago,Illinois,United States,30812,CRM
AUS06734,17320 Kelley Ranch,New York,New York,United States,27627,CRM
AUS06735,316 Christopher Shoals Suite 573,Los Angeles,California,United States,25898,CRM
AUS06736,83322 Flores Drive Apt. 958,Chicago,Illinois,United States,89650,CRM
AUS06737,424 Blevins Extension,New York,New York,United States,11051,CRM
AUS06738,15169 Robert Ways,New York,New York,United States,09485,CRM
AUS06739,21953 Juarez Creek Suite 965,New York,New York,United States,77769,CRM
AUS06740,928 Bradford Hills,Phoenix,Arizona,United States,96091,CRM
AUS06741,8088 Steven Mountains,Phoenix,Arizona,United States,31665,CRM
AUS06742,345 Nelson Manors Apt. 993,Houston,Texas,United States,81801,CRM
AUS06743,27237 Tina Loaf Suite 796,Los Angeles,California,United States,31173,CRM
AUS06744,0212 Chan Crest Apt. 922,Houston,Texas,United States,53738,CRM
AUS06745,5926 Martinez Drive Suite 957,Phoenix,Arizona,United States,68646,CRM
AUS06746,58316 Christian Dam,Chicago,Illinois,United States,55819,CRM
AUS06747,061 Carpenter Estates Apt. 861,Phoenix,Arizona,United States,49175,CRM
AUS06748,99697 Mark Ridges,New York,New York,United States,57395,CRM
AUS06749,39498 Kelly Branch,Chicago,Illinois,United States,51531,CRM
AUS06750,715 Jacobs Trail,Phoenix,Arizona,United States,11770,CRM
AUS06751,077 Janet Turnpike Apt. 427,Chicago,Illinois,United States,34568,CRM
AUS06752,62779 Morgan Crossing,Los Angeles,California,United States,58262,CRM
AUS06753,80823 Katherine Unions Suite 871,New York,New York,United States,38380,CRM
AUS06754,0479 Wilson Point,Los Angeles,California,United States,01570,CRM
AUS06755,803 Paul Bridge Apt. 220,Phoenix,Arizona,United States,86096,CRM
AUS06756,74606 Mcmahon Turnpike Apt. 432,New York,New York,United States,69612,CRM
AUS06757,0328 Charles Heights Suite 251,Houston,Texas,United States,61281,CRM
AUS06758,9928 Ralph Keys Apt. 684,Los Angeles,California,United States,81658,CRM
AUS06759,16172 Kevin Ville Suite 782,Chicago,Illinois,United States,73908,CRM
AUS06760,95832 David Dam Apt. 531,Chicago,Illinois,United States,17615,CRM
AUS06761,4142 Garcia Isle Apt. 585,Phoenix,Arizona,United States,33291,CRM
AUS06762,066 Stanley Camp Suite 865,Los Angeles,California,United States,69523,CRM
AUS06763,973 Miller Garden,Los Angeles,California,United States,30286,CRM
AUS06764,6785 Alexandra Spring,Los Angeles,California,United States,14076,CRM
AUS06765,374 Orozco Brooks Suite 572,Phoenix,Arizona,United States,54588,CRM
AUS06766,6561 Flores Junctions,Houston,Texas,United States,35432,CRM
AUS06767,83086 Brandon Inlet Suite 903,Chicago,Illinois,United States,24834,CRM
AUS06768,57024 Foster Glen,Houston,Texas,United States,04823,CRM
AUS06769,05519 Dean Corners Apt. 676,Houston,Texas,United States,06266,CRM
AUS06770,8801 Jonathan Coves,Houston,Texas,United States,55524,CRM
AUS06771,02197 Kenneth Circle Apt. 913,Chicago,Illinois,United States,55541,CRM
AUS06772,3057 Powell Mills Suite 569,Los Angeles,California,United States,35694,CRM
AUS06773,9479 Sutton Branch,New York,New York,United States,42771,CRM
AUS06774,85304 Yu Plain Suite 173,Chicago,Illinois,United States,83686,CRM
AUS06775,30520 Huang Well Suite 855,Chicago,Illinois,United States,34266,CRM
AUS06776,681 Neal Path,Los Angeles,California,United States,70161,CRM
AUS06777,2981 Cooley Rapids,Los Angeles,California,United States,57808,CRM
AUS06778,7260 Schaefer Row Apt. 450,Chicago,Illinois,United States,23210,CRM
AUS06779,0589 Melissa Stream Suite 663,Houston,Texas,United States,25851,CRM
AUS06780,021 Lee Extensions Apt. 186,Phoenix,Arizona,United States,39394,CRM
AUS06781,70162 Ashley Expressway Apt. 855,Houston,Texas,United States,42185,CRM
AUS06782,61065 Stephanie Forks Suite 665,Houston,Texas,United States,02081,CRM
AUS06783,37219 Welch Spurs,Chicago,Illinois,United States,40827,CRM
AUS06784,149 Jackson Shoal,Los Angeles,California,United States,64478,CRM
AUS06785,71751 Lynn Square,Chicago,Illinois,United States,82771,CRM
AUS06786,4286 Grimes Valley Suite 014,Chicago,Illinois,United States,58940,CRM
AUS06787,83483 Wright Drive Suite 660,Chicago,Illinois,United States,97717,CRM
AUS06788,2440 Stephanie Plains Apt. 080,Los Angeles,California,United States,37112,CRM
AUS06789,01267 Smith Path Suite 522,Phoenix,Arizona,United States,74939,CRM
AUS06790,08617 Amy Shores Apt. 446,Los Angeles,California,United States,53621,CRM
AUS06791,2422 Ruiz Centers,Chicago,Illinois,United States,21937,CRM
AUS06792,79841 Clark Fields,Los Angeles,California,United States,70037,CRM
AUS06793,064 Richardson Rapid,Houston,Texas,United States,01124,CRM
AUS06794,53926 Heather Cape Apt. 625,Los Angeles,California,United States,43422,CRM
AUS06795,48851 Lee Ramp,Houston,Texas,United States,25636,CRM
AUS06796,61153 Barber Roads,New York,New York,United States,81024,CRM
AUS06797,87286 Charles Alley Suite 977,Los Angeles,California,United States,51936,CRM
AUS06798,943 Michael Key Apt. 201,Chicago,Illinois,United States,30396,CRM
AUS06799,63299 Nathan Prairie,Chicago,Illinois,United States,67317,CRM
AUS06800,6276 Griffin Glens Apt. 108,Houston,Texas,United States,11355,CRM
AUS06801,132 Brenda Shoals Suite 851,Houston,Texas,United States,36469,CRM
AUS06802,89658 Jeanne Crossroad Suite 287,Chicago,Illinois,United States,10275,CRM
AUS06803,3971 Gary Mountains Suite 667,Phoenix,Arizona,United States,64061,CRM
AUS06804,95482 Cameron Mountain,Phoenix,Arizona,United States,45648,CRM
AUS06805,984 Christina Run,Chicago,Illinois,United States,02961,CRM
AUS06806,925 Clark Green,New York,New York,United States,09806,CRM
AUS06807,11696 Scott Roads,Houston,Texas,United States,24024,CRM
AUS06808,05992 Gill Flats Suite 548,Chicago,Illinois,United States,68840,CRM
AUS06809,4612 Smith Park Suite 885,Phoenix,Arizona,United States,87468,CRM
AUS06810,1952 Warren Street Apt. 714,Phoenix,Arizona,United States,14907,CRM
AUS06811,0023 Zamora Pike,Chicago,Illinois,United States,47679,CRM
AUS06812,1111 Ashley Island,Phoenix,Arizona,United States,90910,CRM
AUS06813,870 Graham Knoll,Chicago,Illinois,United States,13642,CRM
AUS06814,44453 Brooks Bridge,Chicago,Illinois,United States,30834,CRM
AUS06815,733 Jesse Village Suite 021,Los Angeles,California,United States,41420,CRM
AUS06816,841 Walters Track Apt. 695,New York,New York,United States,08237,CRM
AUS06817,47854 Robert Drive Suite 214,Los Angeles,California,United States,68493,CRM
AUS06818,823 Joshua Isle,Los Angeles,California,United States,05355,CRM
AUS06819,42377 Cory Tunnel,Los Angeles,California,United States,54334,CRM
AUS06820,6028 Delgado Burgs Suite 001,New York,New York,United States,21717,CRM
AUS06821,566 Corey Extension,Phoenix,Arizona,United States,64669,CRM
AUS06822,62357 Elliott Port,Houston,Texas,United States,50146,CRM
AUS06823,90188 Angela Cliff Apt. 834,Phoenix,Arizona,United States,15298,CRM
AUS06824,6891 Mariah Keys Suite 244,Los Angeles,California,United States,41694,CRM
AUS06825,7367 Potter Estates,Phoenix,Arizona,United States,52164,CRM
AUS06826,76772 Morgan Ports Apt. 240,Houston,Texas,United States,27604,CRM
AUS06827,35878 Louis Station,Houston,Texas,United States,55752,CRM
AUS06828,07496 Torres Mill Suite 882,Houston,Texas,United States,66361,CRM
AUS06829,131 Brian Manor Suite 980,New York,New York,United States,86367,CRM
AUS06830,745 Amanda Walks Apt. 507,New York,New York,United States,37389,CRM
AUS06831,527 Baker Village Suite 867,Chicago,Illinois,United States,15350,CRM
AUS06832,9624 Griffin Glen,Chicago,Illinois,United States,89115,CRM
AUS06833,318 Adam Highway Suite 075,Chicago,Illinois,United States,42775,CRM
AUS06834,4510 Gina Mountain,Houston,Texas,United States,20605,CRM
AUS06835,744 Stephanie Prairie Suite 335,Los Angeles,California,United States,44833,CRM
AUS06836,572 Mcbride Streets,Houston,Texas,United States,29093,CRM
AUS06837,659 Juan Ridge,Chicago,Illinois,United States,85095,CRM
AUS06838,71163 Jonathan Walks Apt. 806,Chicago,Illinois,United States,02599,CRM
AUS06839,930 House Crossing Suite 697,Los Angeles,California,United States,70174,CRM
AUS06840,1609 Johnson Vista Suite 125,New York,New York,United States,36351,CRM
AUS06841,9672 Julie Plaza,Phoenix,Arizona,United States,13499,CRM
AUS06842,6347 Justin Springs Suite 880,New York,New York,United States,71315,CRM
AUS06843,935 Jimmy Lakes Apt. 713,New York,New York,United States,09847,CRM
AUS06844,33357 Amy Views Apt. 958,Chicago,Illinois,United States,57698,CRM
AUS06845,51365 Castro Passage Apt. 599,Houston,Texas,United States,49568,CRM
AUS06846,19541 Smith Overpass,Los Angeles,California,United States,24027,CRM
AUS06847,6297 Murphy Inlet Apt. 396,Phoenix,Arizona,United States,10220,CRM
AUS06848,5655 Robertson Bypass Suite 826,Phoenix,Arizona,United States,15177,CRM
AUS06849,1040 Krista Bridge,New York,New York,United States,05103,CRM
AUS06850,9073 Brown Square Apt. 222,New York,New York,United States,67920,CRM
AUS06851,2387 Lopez Club,Los Angeles,California,United States,03974,CRM
AUS06852,698 Weber Fords Apt. 042,Los Angeles,California,United States,50489,CRM
AUS06853,362 Yates Forks,New York,New York,United States,99190,CRM
AUS06854,7885 Keith Lodge Suite 272,Houston,Texas,United States,52356,CRM
AUS06855,663 Melissa Light Suite 329,Los Angeles,California,United States,78967,CRM
AUS06856,6499 Christina Crossing,Chicago,Illinois,United States,64103,CRM
AUS06857,25489 Randall Overpass,Los Angeles,California,United States,96295,CRM
AUS06858,66988 Cassandra Lake,Houston,Texas,United States,91643,CRM
AUS06859,2765 Brenda Radial,New York,New York,United States,14911,CRM
AUS06860,72867 Donna Gardens Suite 383,Houston,Texas,United States,84929,CRM
AUS06861,4518 Aguilar Brooks,Phoenix,Arizona,United States,35019,CRM
AUS06862,0862 Amy Crest,New York,New York,United States,75570,CRM
AUS06863,9444 Cynthia Squares Apt. 952,Phoenix,Arizona,United States,44181,CRM
AUS06864,55396 Daniels Square,Chicago,Illinois,United States,14233,CRM
AUS06865,9408 Thornton Orchard,Chicago,Illinois,United States,17405,CRM
AUS06866,5277 Morton Via Apt. 340,Chicago,Illinois,United States,78672,CRM
AUS06867,4991 Huff Camp Suite 823,Phoenix,Arizona,United States,67221,CRM
AUS06868,4143 Craig Stravenue Suite 603,Chicago,Illinois,United States,40097,CRM
AUS06869,87731 Karen Squares,Chicago,Illinois,United States,89705,CRM
AUS06870,002 Kristen Inlet,Chicago,Illinois,United States,27667,CRM
AUS06871,34909 Karen Court,New York,New York,United States,23841,CRM
AUS06872,1748 Johnson Mount,Los Angeles,California,United States,52755,CRM
AUS06873,29452 Chelsea Meadows,Los Angeles,California,United States,90767,CRM
AUS06874,8021 Curtis Manors,Chicago,Illinois,United States,70768,CRM
AUS06875,6606 Davila Canyon Apt. 038,Los Angeles,California,United States,15195,CRM
AUS06876,369 Linda Manors Apt. 415,Chicago,Illinois,United States,74136,CRM
AUS06877,83666 White Pass Apt. 601,Los Angeles,California,United States,50790,CRM
AUS06878,6682 Austin Green Suite 209,Phoenix,Arizona,United States,14824,CRM
AUS06879,1101 Ryan Village,Houston,Texas,United States,62916,CRM
AUS06880,85455 Boyd Villages Apt. 259,Phoenix,Arizona,United States,13553,CRM
AUS06881,44817 Hernandez Pike,Phoenix,Arizona,United States,33635,CRM
AUS06882,2846 Elliott Underpass,Phoenix,Arizona,United States,12582,CRM
AUS06883,612 Cannon Land Suite 433,Chicago,Illinois,United States,03836,CRM
AUS06884,83778 Gutierrez Rue Apt. 209,Phoenix,Arizona,United States,49168,CRM
AUS06885,777 Sarah Pass,Chicago,Illinois,United States,10025,CRM
AUS06886,27393 Amber Islands Apt. 392,New York,New York,United States,50483,CRM
AUS06887,9260 Margaret Cliffs,Chicago,Illinois,United States,51510,CRM
AUS06888,6779 Mary Courts Apt. 228,Chicago,Illinois,United States,55863,CRM
AUS06889,9673 Robert Path Apt. 585,Los Angeles,California,United States,46981,CRM
AUS06890,83888 Diana Road,Phoenix,Arizona,United States,13154,CRM
AUS06891,5352 Thompson Ridges Apt. 789,Houston,Texas,United States,90307,CRM
AUS06892,59820 Patrick Crest,Houston,Texas,United States,44344,CRM
AUS06893,50133 Lynn Brook Suite 946,New York,New York,United States,39520,CRM
AUS06894,081 Washington Road Suite 457,Chicago,Illinois,United States,60145,CRM
AUS06895,1724 Daisy Mission Suite 726,New York,New York,United States,90321,CRM
AUS06896,1004 Jose Springs Suite 144,Los Angeles,California,United States,85611,CRM
AUS06897,806 Harris Trail Apt. 065,Chicago,Illinois,United States,98653,CRM
AUS06898,1460 Brown Forks,Houston,Texas,United States,91875,CRM
AUS06899,1486 Veronica Roads,Houston,Texas,United States,25699,CRM
AUS06900,24519 Hinton Spur,Phoenix,Arizona,United States,27881,CRM
AUS06901,6991 Nicole Field,Los Angeles,California,United States,77926,CRM
AUS06902,553 Allen Stravenue Suite 982,New York,New York,United States,24958,CRM
AUS06903,49474 Mackenzie Manor,Houston,Texas,United States,06142,CRM
AUS06904,148 Payne Ville,Houston,Texas,United States,14727,CRM
AUS06905,74521 Brady Prairie Suite 922,Phoenix,Arizona,United States,57549,CRM
AUS06906,513 Oconnor Summit,Phoenix,Arizona,United States,97577,CRM
AUS06907,9931 Jason Streets,Phoenix,Arizona,United States,05938,CRM
AUS06908,834 Elizabeth Spur,Los Angeles,California,United States,04060,CRM
AUS06909,5155 Angela Streets,Houston,Texas,United States,59855,CRM
AUS06910,950 Sparks Estate Apt. 691,Chicago,Illinois,United States,26521,CRM
AUS06911,36963 Kim Lights,Phoenix,Arizona,United States,11446,CRM
AUS06912,125 Mendoza Land,Houston,Texas,United States,14725,CRM
AUS06913,4733 David Throughway Apt. 856,Los Angeles,California,United States,61966,CRM
AUS06914,58462 Scott Extensions,Phoenix,Arizona,United States,19447,CRM
AUS06915,9486 Oneill Lodge Apt. 611,Phoenix,Arizona,United States,44723,CRM
AUS06916,902 John Junction Suite 685,Los Angeles,California,United States,76109,CRM
AUS06917,8612 Acosta Coves,Los Angeles,California,United States,39392,CRM
AUS06918,9481 Harmon Vista,Houston,Texas,United States,83777,CRM
AUS06919,4336 Turner Radial Apt. 591,Houston,Texas,United States,16376,CRM
AUS06920,62454 Timothy Expressway,Houston,Texas,United States,09298,CRM
AUS06921,256 Frederick Ranch,New York,New York,United States,46787,CRM
AUS06922,280 Lucas Springs Suite 413,Phoenix,Arizona,United States,80155,CRM
AUS06923,755 Fletcher Harbor,New York,New York,United States,04127,CRM
AUS06924,455 Kathy Corners Apt. 589,Los Angeles,California,United States,96486,CRM
AUS06925,4328 Blevins Plain,New York,New York,United States,83348,CRM
AUS06926,633 Kristina Motorway Apt. 899,Phoenix,Arizona,United States,49532,CRM
AUS06927,6713 Cannon Trafficway Suite 419,Houston,Texas,United States,23881,CRM
AUS06928,207 Howard Underpass Apt. 436,New York,New York,United States,09328,CRM
AUS06929,19310 Lee Flats Apt. 200,Chicago,Illinois,United States,22550,CRM
AUS06930,8310 Donald Landing,New York,New York,United States,09418,CRM
AUS06931,0154 Davis Ville Suite 158,New York,New York,United States,94970,CRM
AUS06932,7868 Sarah Pike,Phoenix,Arizona,United States,12669,CRM
AUS06933,90516 Erica Causeway,Phoenix,Arizona,United States,90352,CRM
AUS06934,66960 Jones Branch,Phoenix,Arizona,United States,37390,CRM
AUS06935,83950 Todd Drive,Phoenix,Arizona,United States,82310,CRM
AUS06936,476 Kimberly Estates,Los Angeles,California,United States,77444,CRM
AUS06937,265 Dustin Isle,New York,New York,United States,63905,CRM
AUS06938,8191 Johnson Meadow Apt. 160,New York,New York,United States,17714,CRM
AUS06939,17781 Medina Rapids,Los Angeles,California,United States,70558,CRM
AUS06940,41872 Collins Throughway Suite 341,Houston,Texas,United States,15989,CRM
AUS06941,8293 Deanna Road,Chicago,Illinois,United States,38616,CRM
AUS06942,697 Rodriguez Lights,Los Angeles,California,United States,46717,CRM
AUS06943,4665 Roberts Square Suite 815,Los Angeles,California,United States,99932,CRM
AUS06944,8048 Liu Track,Houston,Texas,United States,05662,CRM
AUS06945,28868 Kristina Village Apt. 980,Los Angeles,California,United States,26871,CRM
AUS06946,076 Elliott Shoal Suite 047,Houston,Texas,United States,66186,CRM
AUS06947,61958 Daniel Cape Apt. 240,New York,New York,United States,91498,CRM
AUS06948,2302 Christopher Circles Suite 869,Chicago,Illinois,United States,08948,CRM
AUS06949,688 Ronald Trail Suite 699,New York,New York,United States,42697,CRM
AUS06950,0970 Salas Centers Apt. 120,Chicago,Illinois,United States,81896,CRM
AUS06951,20198 Stevens Pine,New York,New York,United States,07796,CRM
AUS06952,40833 Ortiz Garden,Los Angeles,California,United States,31438,CRM
AUS06953,5326 Gould Gardens,Phoenix,Arizona,United States,29132,CRM
AUS06954,382 Amanda Squares,New York,New York,United States,81561,CRM
AUS06955,545 Gary Mountain,Phoenix,Arizona,United States,29787,CRM
AUS06956,904 Michael Cliffs Apt. 958,Los Angeles,California,United States,84257,CRM
AUS06957,41421 Natasha Course,New York,New York,United States,32586,CRM
AUS06958,9573 Thomas Bypass Suite 724,Houston,Texas,United States,10143,CRM
AUS06959,595 Sanford Grove,Phoenix,Arizona,United States,13052,CRM
AUS06960,77263 Christine Ports,Houston,Texas,United States,47201,CRM
AUS06961,426 Watson Trace,Los Angeles,California,United States,13317,CRM
AUS06962,925 Paul Wall Suite 621,Houston,Texas,United States,03876,CRM
AUS06963,116 John Bypass Suite 294,Phoenix,Arizona,United States,34252,CRM
AUS06964,9961 Laura Ford Apt. 707,New York,New York,United States,16276,CRM
AUS06965,433 Teresa Fork Apt. 713,New York,New York,United States,32115,CRM
AUS06966,053 Danielle Manors,New York,New York,United States,09954,CRM
AUS06967,2708 Miller Squares,Phoenix,Arizona,United States,67774,CRM
AUS06968,086 Allen Lodge Suite 937,Phoenix,Arizona,United States,24851,CRM
AUS06969,621 Gregory Isle Suite 947,Los Angeles,California,United States,70672,CRM
AUS06970,6739 Laura Isle,Houston,Texas,United States,28533,CRM
AUS06971,976 Holly Brooks Suite 024,Los Angeles,California,United States,07406,CRM
AUS06972,609 Robert Stravenue Suite 366,New York,New York,United States,06428,CRM
AUS06973,74332 John Springs Apt. 979,Houston,Texas,United States,91444,CRM
AUS06974,890 Pace Cliffs Suite 320,Phoenix,Arizona,United States,19788,CRM
AUS06975,979 Harrison Hill Apt. 992,Chicago,Illinois,United States,84008,CRM
AUS06976,01855 Jonathan Run Suite 757,Los Angeles,California,United States,97493,CRM
AUS06977,824 Smith Fields,Chicago,Illinois,United States,95159,CRM
AUS06978,3177 Harris Fields,Los Angeles,California,United States,73600,CRM
AUS06979,19351 Butler Avenue,Chicago,Illinois,United States,59755,CRM
AUS06980,04472 Curry Divide Apt. 651,Phoenix,Arizona,United States,31774,CRM
AUS06981,8429 Hector Heights,New York,New York,United States,42944,CRM
AUS06982,2268 William Harbors Suite 043,Chicago,Illinois,United States,35930,CRM
AUS06983,03831 Perry Green,New York,New York,United States,55930,CRM
AUS06984,83085 Chambers Turnpike,New York,New York,United States,36277,CRM
AUS06985,28449 Gilbert Isle,Houston,Texas,United States,67445,CRM
AUS06986,9998 Martha Harbor Apt. 822,Los Angeles,California,United States,97002,CRM
AUS06987,6940 Rivera Valley,Phoenix,Arizona,United States,63741,CRM
AUS06988,448 Anna Cliffs Apt. 422,Chicago,Illinois,United States,52192,CRM
AUS06989,260 Williamson Court,Phoenix,Arizona,United States,68920,CRM
AUS06990,85577 Sarah Meadows,Phoenix,Arizona,United States,65237,CRM
AUS06991,99295 Calvin Grove,New York,New York,United States,02119,CRM
AUS06992,080 Mark Shoal,New York,New York,United States,83944,CRM
AUS06993,8118 Monica Light Suite 396,Houston,Texas,United States,47863,CRM
AUS06994,38872 Lori Neck Suite 295,Los Angeles,California,United States,02272,CRM
AUS06995,99867 Kelly Stravenue Suite 809,Chicago,Illinois,United States,35245,CRM
AUS06996,920 Donaldson Hill Suite 461,New York,New York,United States,93669,CRM
AUS06997,235 Jonathon Road,Houston,Texas,United States,29619,CRM
AUS06998,952 Matthews Ranch,Houston,Texas,United States,50129,CRM
AUS06999,1895 Patel Landing,Chicago,Illinois,United States,46811,CRM
AUS07000,58641 Moore Run,Chicago,Illinois,United States,75407,CRM
AUS07001,4628 Cooper Courts,Houston,Texas,United States,74216,CRM
AUS07002,97710 Moore Lakes Apt. 791,New York,New York,United States,96819,CRM
AUS07003,589 Andrew Point,Los Angeles,California,United States,85983,CRM
AUS07004,4379 Li Cliffs,New York,New York,United States,70869,CRM
AUS07005,62451 Lee Common,Los Angeles,California,United States,49774,CRM
AUS07006,5927 Virginia Green Suite 702,Phoenix,Arizona,United States,29308,CRM
AUS07007,145 Corey Brook,Houston,Texas,United States,14185,CRM
AUS07008,7158 Oneill Ways Suite 085,Phoenix,Arizona,United States,99690,CRM
AUS07009,0230 Ramirez Circle,Phoenix,Arizona,United States,44346,CRM
AUS07010,48374 Michael Mews Apt. 674,Houston,Texas,United States,76493,CRM
AUS07011,23133 Dillon Ramp Suite 460,Chicago,Illinois,United States,61207,CRM
AUS07012,912 Lane Ridges,Houston,Texas,United States,58231,CRM
AUS07013,4914 Garcia Wells,Los Angeles,California,United States,12165,CRM
AUS07014,971 Kevin Center Apt. 348,Los Angeles,California,United States,97146,CRM
AUS07015,639 Martinez Pass,Phoenix,Arizona,United States,38759,CRM
AUS07016,090 Mejia Harbor,Phoenix,Arizona,United States,01959,CRM
AUS07017,28710 Craig Locks,Houston,Texas,United States,87133,CRM
AUS07018,381 Miller Green Suite 618,Chicago,Illinois,United States,71117,CRM
AUS07019,768 Swanson Trail Apt. 460,New York,New York,United States,40613,CRM
AUS07020,486 Sierra Club,Phoenix,Arizona,United States,20859,CRM
AUS07021,61566 Daniel Islands Apt. 380,Los Angeles,California,United States,92850,CRM
AUS07022,46136 Robert Curve Apt. 133,New York,New York,United States,43460,CRM
AUS07023,421 Richardson Spring Suite 703,Houston,Texas,United States,17982,CRM
AUS07024,5491 Tracey Fort,Los Angeles,California,United States,16625,CRM
AUS07025,88053 Torres Brooks Apt. 753,New York,New York,United States,04605,CRM
AUS07026,5772 Williams Trace Suite 074,Phoenix,Arizona,United States,13845,CRM
AUS07027,3030 Jones Forges,Houston,Texas,United States,22522,CRM
AUS07028,3936 Blankenship Vista,Los Angeles,California,United States,09161,CRM
AUS07029,706 Moore Junction Apt. 610,New York,New York,United States,16129,CRM
AUS07030,02950 Henry Hill,Chicago,Illinois,United States,37777,CRM
AUS07031,5536 Martin Center,Los Angeles,California,United States,22579,CRM
AUS07032,644 Watson Streets Suite 603,Chicago,Illinois,United States,62485,CRM
AUS07033,8741 Jaclyn Crossroad Apt. 714,Los Angeles,California,United States,13730,CRM
AUS07034,0062 Patricia Light,Los Angeles,California,United States,32084,CRM
AUS07035,33690 Willis Mews Suite 814,New York,New York,United States,23713,CRM
AUS07036,3071 Levy Extensions,Los Angeles,California,United States,65415,CRM
AUS07037,7423 Mitchell Causeway,Houston,Texas,United States,48643,CRM
AUS07038,206 Briggs Coves Suite 025,Phoenix,Arizona,United States,34825,CRM
AUS07039,5460 Simmons Greens Suite 153,Los Angeles,California,United States,74669,CRM
AUS07040,59219 Jonathan Forks,Phoenix,Arizona,United States,40846,CRM
AUS07041,9461 Stephanie Cliff,Houston,Texas,United States,96531,CRM
AUS07042,3564 Malone Viaduct,Phoenix,Arizona,United States,92111,CRM
AUS07043,8364 Pittman Locks,Phoenix,Arizona,United States,68715,CRM
AUS07044,5847 Young Springs,New York,New York,United States,18466,CRM
AUS07045,5161 Hampton Way,Houston,Texas,United States,90523,CRM
AUS07046,526 Michael Streets Suite 561,Houston,Texas,United States,81305,CRM
AUS07047,6909 Jerome Mews Suite 723,Chicago,Illinois,United States,05892,CRM
AUS07048,5112 John Oval,Chicago,Illinois,United States,78533,CRM
AUS07049,444 Guerrero Pines Apt. 783,Los Angeles,California,United States,20336,CRM
AUS07050,3594 Brown Mount Suite 200,New York,New York,United States,96937,CRM
AUS07051,4638 Smith Shoal,New York,New York,United States,72569,CRM
AUS07052,893 Harrell Parks,New York,New York,United States,32106,CRM
AUS07053,37019 Rose Land Apt. 136,Phoenix,Arizona,United States,25225,CRM
AUS07054,962 Serrano Ramp Apt. 032,Los Angeles,California,United States,00883,CRM
AUS07055,72356 Greer Viaduct Apt. 022,Phoenix,Arizona,United States,11443,CRM
AUS07056,1348 William Lodge,New York,New York,United States,94336,CRM
AUS07057,2314 Armstrong Lodge,New York,New York,United States,41902,CRM
AUS07058,9403 Lee Dale Suite 499,New York,New York,United States,03178,CRM
AUS07059,53383 James Fork Suite 513,Los Angeles,California,United States,95239,CRM
AUS07060,202 Livingston Causeway,New York,New York,United States,14639,CRM
AUS07061,58200 Pierce Crossing,New York,New York,United States,27511,CRM
AUS07062,90847 Donna Manor,Houston,Texas,United States,28488,CRM
AUS07063,06027 Laura Courts,Houston,Texas,United States,29943,CRM
AUS07064,98618 Brian Inlet,New York,New York,United States,35233,CRM
AUS07065,36372 Mark Mountains,New York,New York,United States,88472,CRM
AUS07066,707 Marsh Club,Los Angeles,California,United States,92998,CRM
AUS07067,904 Mark Points,Chicago,Illinois,United States,15968,CRM
AUS07068,87017 Brown Views Apt. 458,New York,New York,United States,55408,CRM
AUS07069,639 Gregory Lake Suite 455,Houston,Texas,United States,71568,CRM
AUS07070,4277 Adrian Row,Los Angeles,California,United States,88483,CRM
AUS07071,20850 Levine Plains Suite 224,New York,New York,United States,56593,CRM
AUS07072,37770 Kelly Drive Suite 819,Houston,Texas,United States,74652,CRM
AUS07073,2007 Huffman Junction Suite 452,New York,New York,United States,61995,CRM
AUS07074,8260 Steven Knolls,Phoenix,Arizona,United States,10199,CRM
AUS07075,648 Michael Pines,New York,New York,United States,06787,CRM
AUS07076,3370 Monica Trace,Houston,Texas,United States,51508,CRM
AUS07077,8517 Gonzalez Village,Phoenix,Arizona,United States,67009,CRM
AUS07078,978 Kelly Harbors,Houston,Texas,United States,78937,CRM
AUS07079,366 Braun Course Apt. 910,Chicago,Illinois,United States,47187,CRM
AUS07080,5971 Rocha Orchard Apt. 368,Houston,Texas,United States,94118,CRM
AUS07081,184 James Summit,New York,New York,United States,14552,CRM
AUS07082,7016 Guerra Crossroad Suite 369,Houston,Texas,United States,43570,CRM
AUS07083,95294 Charles Forks,Los Angeles,California,United States,03838,CRM
AUS07084,91473 Thomas Union Suite 128,Houston,Texas,United States,90303,CRM
AUS07085,9567 Smith Lane,Phoenix,Arizona,United States,22551,CRM
AUS07086,0579 Jimenez Crossing Apt. 526,Chicago,Illinois,United States,01977,CRM
AUS07087,20655 Sullivan Spurs,Los Angeles,California,United States,75850,CRM
AUS07088,5944 Charles Knolls,Phoenix,Arizona,United States,61663,CRM
AUS07089,483 Zhang Bridge,Phoenix,Arizona,United States,47007,CRM
AUS07090,2530 Amber Plaza Apt. 822,Houston,Texas,United States,98443,CRM
AUS07091,84504 Wells Plain,Houston,Texas,United States,79984,CRM
AUS07092,0420 Brittany Oval Apt. 538,Houston,Texas,United States,95874,CRM
AUS07093,254 Michelle Isle Suite 867,New York,New York,United States,21374,CRM
AUS07094,2517 Erika Mission Suite 852,Los Angeles,California,United States,18650,CRM
AUS07095,9419 Cheryl Cape,Chicago,Illinois,United States,94802,CRM
AUS07096,352 Aguilar Street Suite 848,Houston,Texas,United States,67926,CRM
AUS07097,91534 Jacob Garden Suite 859,Phoenix,Arizona,United States,78983,CRM
AUS07098,50649 Nelson Village Apt. 502,Houston,Texas,United States,21718,CRM
AUS07099,25887 Meadows Crossroad Suite 203,Los Angeles,California,United States,64184,CRM
AUS07100,904 Christopher Forest Apt. 313,Houston,Texas,United States,90333,CRM
AUS07101,14718 Daniel Underpass,Houston,Texas,United States,74845,CRM
AUS07102,2571 Griffith Road Apt. 710,New York,New York,United States,46594,CRM
AUS07103,025 Ryan Roads,Phoenix,Arizona,United States,05516,CRM
AUS07104,606 Leonard Track Suite 762,Chicago,Illinois,United States,83619,CRM
AUS07105,067 Brock Lake Apt. 394,Los Angeles,California,United States,56682,CRM
AUS07106,76384 Murphy Square Apt. 600,Los Angeles,California,United States,75422,CRM
AUS07107,07060 Tina Trace Apt. 811,Houston,Texas,United States,62971,CRM
AUS07108,43435 Michele Island Apt. 929,Phoenix,Arizona,United States,51390,CRM
AUS07109,370 Maria Lake Suite 118,New York,New York,United States,31436,CRM
AUS07110,0751 Johnson Prairie,New York,New York,United States,07885,CRM
AUS07111,731 Howard Mill Suite 375,Phoenix,Arizona,United States,72688,CRM
AUS07112,3978 Clark Unions Apt. 317,Phoenix,Arizona,United States,63885,CRM
AUS07113,928 Buckley Place Apt. 324,Los Angeles,California,United States,08539,CRM
AUS07114,0390 Michael Corner Apt. 542,Phoenix,Arizona,United States,78179,CRM
AUS07115,753 Henderson Shoal,Chicago,Illinois,United States,93556,CRM
AUS07116,10375 Smith Garden Suite 909,Houston,Texas,United States,93973,CRM
AUS07117,98563 Guzman View Apt. 371,Chicago,Illinois,United States,93147,CRM
AUS07118,063 Rita Station Apt. 450,Phoenix,Arizona,United States,64559,CRM
AUS07119,24848 Aaron Corners Apt. 643,Houston,Texas,United States,47063,CRM
AUS07120,4462 Moore Brooks Suite 820,Chicago,Illinois,United States,68230,CRM
AUS07121,62681 Katherine Common,New York,New York,United States,44004,CRM
AUS07122,8711 Amanda Extension,Phoenix,Arizona,United States,43337,CRM
AUS07123,9108 Johnston Crest Suite 330,Chicago,Illinois,United States,98196,CRM
AUS07124,9202 Robertson Camp,Los Angeles,California,United States,27572,CRM
AUS07125,65908 Hoffman Pine,Los Angeles,California,United States,43529,CRM
AUS07126,23158 Cassandra Freeway Apt. 564,Houston,Texas,United States,39377,CRM
AUS07127,31231 Christina Shores Suite 055,Chicago,Illinois,United States,21293,CRM
AUS07128,18966 Brittany Island Apt. 900,Phoenix,Arizona,United States,72708,CRM
AUS07129,62186 Barajas Mews,Chicago,Illinois,United States,68568,CRM
AUS07130,818 Jones Squares Apt. 089,Los Angeles,California,United States,20054,CRM
AUS07131,27212 Kelly Knoll,Chicago,Illinois,United States,75915,CRM
AUS07132,54547 Long Common,Houston,Texas,United States,25043,CRM
AUS07133,216 Smith Meadow Suite 455,Los Angeles,California,United States,27690,CRM
AUS07134,003 Daniel Stravenue Suite 701,Los Angeles,California,United States,63337,CRM
AUS07135,844 Kimberly Run Suite 376,Los Angeles,California,United States,92906,CRM
AUS07136,35926 Goodman Keys Apt. 628,Phoenix,Arizona,United States,44119,CRM
AUS07137,22633 Wright Crossing,Los Angeles,California,United States,94719,CRM
AUS07138,55431 Harper Cove Apt. 880,Houston,Texas,United States,07662,CRM
AUS07139,0292 Paul Squares Apt. 534,Chicago,Illinois,United States,69654,CRM
AUS07140,4449 Craig Inlet Suite 332,Chicago,Illinois,United States,76357,CRM
AUS07141,1589 Jason Locks Apt. 064,New York,New York,United States,36866,CRM
AUS07142,20426 Walker Walks Apt. 720,Chicago,Illinois,United States,16895,CRM
AUS07143,24804 Jason Fork,Chicago,Illinois,United States,38461,CRM
AUS07144,29802 Morris Vista Suite 879,Chicago,Illinois,United States,77721,CRM
AUS07145,55189 Sarah Coves,New York,New York,United States,17491,CRM
AUS07146,79409 Herman Villages Suite 035,Phoenix,Arizona,United States,93154,CRM
AUS07147,10822 Garcia Stravenue Suite 440,Chicago,Illinois,United States,38265,CRM
AUS07148,35883 Elizabeth Curve Suite 655,Phoenix,Arizona,United States,21969,CRM
AUS07149,9320 Lisa Mall,Phoenix,Arizona,United States,29770,CRM
AUS07150,94602 Karen Curve,Houston,Texas,United States,58446,CRM
AUS07151,42150 Ann Locks Apt. 209,New York,New York,United States,88325,CRM
AUS07152,814 Russell Gateway Apt. 237,New York,New York,United States,00947,CRM
AUS07153,86453 Erica Vista Apt. 969,Chicago,Illinois,United States,43600,CRM
AUS07154,486 Kristy Mountains Apt. 240,Phoenix,Arizona,United States,50091,CRM
AUS07155,9314 Jeffrey Gateway Apt. 395,Los Angeles,California,United States,68423,CRM
AUS07156,52394 Noble Crossing Apt. 233,Phoenix,Arizona,United States,03318,CRM
AUS07157,059 Barbara Plains,Chicago,Illinois,United States,74587,CRM
AUS07158,85033 Patterson Motorway Apt. 846,Phoenix,Arizona,United States,57969,CRM
AUS07159,3981 Hall Viaduct Apt. 754,Phoenix,Arizona,United States,36233,CRM
AUS07160,75834 Graham Isle,Phoenix,Arizona,United States,49827,CRM
AUS07161,96795 Martin Drive Apt. 717,Los Angeles,California,United States,92510,CRM
AUS07162,54733 Henry Islands,Los Angeles,California,United States,53835,CRM
AUS07163,07336 Michael Rapids Suite 444,New York,New York,United States,19855,CRM
AUS07164,739 Smith Harbors,Los Angeles,California,United States,39766,CRM
AUS07165,64094 Dustin Squares Apt. 040,Chicago,Illinois,United States,60579,CRM
AUS07166,64292 Steven Common,Houston,Texas,United States,09658,CRM
AUS07167,93244 Megan Brook Suite 310,Houston,Texas,United States,24648,CRM
AUS07168,032 Davis Trace Suite 699,Chicago,Illinois,United States,82658,CRM
AUS07169,32806 Gabriel Wells Apt. 367,Los Angeles,California,United States,41709,CRM
AUS07170,815 Chase Passage,Los Angeles,California,United States,18596,CRM
AUS07171,02523 Thornton Trail,New York,New York,United States,04431,CRM
AUS07172,2081 Troy Mission,New York,New York,United States,04073,CRM
AUS07173,7535 Lucas Passage,Chicago,Illinois,United States,52883,CRM
AUS07174,9364 Trevor Knoll Apt. 713,Phoenix,Arizona,United States,28440,CRM
AUS07175,27530 Ward Canyon Apt. 608,Los Angeles,California,United States,91428,CRM
AUS07176,375 Carlos Islands,Houston,Texas,United States,36772,CRM
AUS07177,0469 Scott Roads,Phoenix,Arizona,United States,19341,CRM
AUS07178,341 Payne Rapid Apt. 742,Phoenix,Arizona,United States,73410,CRM
AUS07179,61812 Moon Harbors Apt. 871,Los Angeles,California,United States,07729,CRM
AUS07180,048 Huffman Islands,Chicago,Illinois,United States,34354,CRM
AUS07181,510 Scott Vista Suite 645,Chicago,Illinois,United States,79382,CRM
AUS07182,46880 Billy Plaza Apt. 416,Houston,Texas,United States,72283,CRM
AUS07183,8497 Cordova Shoal,Houston,Texas,United States,66208,CRM
AUS07184,0072 Walker Plains,Los Angeles,California,United States,82679,CRM
AUS07185,83950 Denise Loop Apt. 282,Phoenix,Arizona,United States,74085,CRM
AUS07186,5454 Andrew Station Suite 204,New York,New York,United States,31148,CRM
AUS07187,5395 Sandra Mission Apt. 939,New York,New York,United States,96895,CRM
AUS07188,62574 Glass Parks,New York,New York,United States,90526,CRM
AUS07189,8192 Jeff Vista,Los Angeles,California,United States,35664,CRM
AUS07190,276 Williams Fall,New York,New York,United States,07989,CRM
AUS07191,55925 Carol Groves Suite 947,Phoenix,Arizona,United States,09636,CRM
AUS07192,738 Sharp Lane,Los Angeles,California,United States,84369,CRM
AUS07193,48780 Emily Summit Suite 794,New York,New York,United States,29458,CRM
AUS07194,41376 Amy Village,New York,New York,United States,82221,CRM
AUS07195,780 Erickson Light Apt. 881,Chicago,Illinois,United States,86392,CRM
AUS07196,120 Hart Pine Apt. 323,New York,New York,United States,27547,CRM
AUS07197,52840 Carmen Trafficway Suite 348,New York,New York,United States,31402,CRM
AUS07198,1155 Katherine Isle Suite 397,Houston,Texas,United States,77004,CRM
AUS07199,2366 Murphy Rapid Apt. 703,Los Angeles,California,United States,09789,CRM
AUS07200,991 Danielle Mills,Phoenix,Arizona,United States,49459,CRM
AUS07201,6960 Cody Point Apt. 649,Houston,Texas,United States,57302,CRM
AUS07202,8078 Rodriguez Avenue,Houston,Texas,United States,88335,CRM
AUS07203,414 Green Row Suite 338,Houston,Texas,United States,27743,CRM
AUS07204,285 Mitchell Ville,Phoenix,Arizona,United States,51387,CRM
AUS07205,6354 Adams Landing,Houston,Texas,United States,59944,CRM
AUS07206,559 Sarah Brook,Houston,Texas,United States,35917,CRM
AUS07207,2843 Price Underpass,Phoenix,Arizona,United States,72256,CRM
AUS07208,58870 House Turnpike Apt. 038,Houston,Texas,United States,32060,CRM
AUS07209,45959 Elizabeth Knoll,Los Angeles,California,United States,57052,CRM
AUS07210,3576 Steven Parkway Apt. 199,Phoenix,Arizona,United States,88998,CRM
AUS07211,416 Smith Prairie Suite 333,Houston,Texas,United States,60098,CRM
AUS07212,137 Hardin Squares,Houston,Texas,United States,75576,CRM
AUS07213,500 Jennifer Street Apt. 350,Chicago,Illinois,United States,92954,CRM
AUS07214,7483 Osborne View,Los Angeles,California,United States,80504,CRM
AUS07215,616 Lisa Pass,Houston,Texas,United States,92385,CRM
AUS07216,782 Miller Street,Houston,Texas,United States,51325,CRM
AUS07217,9439 Benjamin Pike Suite 786,Los Angeles,California,United States,04699,CRM
AUS07218,3017 Leslie Junctions Suite 677,Chicago,Illinois,United States,80479,CRM
AUS07219,38349 Smith Alley Suite 329,Chicago,Illinois,United States,41794,CRM
AUS07220,40615 Miranda Path Apt. 228,New York,New York,United States,33462,CRM
AUS07221,344 Isaiah Hollow Suite 604,Phoenix,Arizona,United States,57584,CRM
AUS07222,700 Salazar Keys,Phoenix,Arizona,United States,55198,CRM
AUS07223,01792 Heather Hollow Suite 294,Los Angeles,California,United States,17036,CRM
AUS07224,60530 Garcia Lake Apt. 947,Los Angeles,California,United States,04449,CRM
AUS07225,6758 Kimberly Land Suite 166,Chicago,Illinois,United States,37195,CRM
AUS07226,539 Rodriguez Walks,Phoenix,Arizona,United States,97363,CRM
AUS07227,41404 Sophia Bridge,Phoenix,Arizona,United States,71937,CRM
AUS07228,3170 Jonathan Viaduct,Chicago,Illinois,United States,06250,CRM
AUS07229,47536 Kevin Summit,Chicago,Illinois,United States,42081,CRM
AUS07230,614 Jenkins Spur Suite 279,Los Angeles,California,United States,45700,CRM
AUS07231,9417 Linda Haven Apt. 108,Houston,Texas,United States,81125,CRM
AUS07232,2049 Mason Locks,Phoenix,Arizona,United States,26480,CRM
AUS07233,32300 Simpson Alley Suite 218,Chicago,Illinois,United States,03394,CRM
AUS07234,297 Livingston Crossroad,Chicago,Illinois,United States,84827,CRM
AUS07235,45270 Floyd Ford Apt. 809,New York,New York,United States,21996,CRM
AUS07236,15034 Mcbride Parkways,Houston,Texas,United States,40453,CRM
AUS07237,66366 William Rapids,Phoenix,Arizona,United States,06586,CRM
AUS07238,82886 Ball Stream Suite 630,New York,New York,United States,38932,CRM
AUS07239,59255 Roberta Roads Apt. 810,Houston,Texas,United States,94477,CRM
AUS07240,965 Lauren Viaduct,Los Angeles,California,United States,25427,CRM
AUS07241,1789 Christina Falls,Los Angeles,California,United States,01106,CRM
AUS07242,0245 Erin Brooks Suite 704,Phoenix,Arizona,United States,05394,CRM
AUS07243,356 Corey Summit,Chicago,Illinois,United States,94006,CRM
AUS07244,0927 Alvarado Inlet,Los Angeles,California,United States,88527,CRM
AUS07245,57244 Richardson Manor,Los Angeles,California,United States,53976,CRM
AUS07246,72684 Stephen Ridge,Phoenix,Arizona,United States,48482,CRM
AUS07247,194 Jay Canyon Apt. 112,New York,New York,United States,01826,CRM
AUS07248,0605 Ali Ports Apt. 971,Chicago,Illinois,United States,53972,CRM
AUS07249,2748 Christopher Fords,Chicago,Illinois,United States,39063,CRM
AUS07250,606 Chapman Way,New York,New York,United States,12085,CRM
AUS07251,0310 Tara Way Suite 396,Phoenix,Arizona,United States,58023,CRM
AUS07252,3455 Delgado Meadows,Los Angeles,California,United States,66662,CRM
AUS07253,73005 David Hills,Phoenix,Arizona,United States,25736,CRM
AUS07254,47486 Rush Valleys Suite 098,Phoenix,Arizona,United States,95810,CRM
AUS07255,2441 Deleon Island,Los Angeles,California,United States,99373,CRM
AUS07256,3400 James Underpass,Chicago,Illinois,United States,16292,CRM
AUS07257,10273 Daniels Well Suite 890,Houston,Texas,United States,99505,CRM
AUS07258,460 Stone Islands,Houston,Texas,United States,44037,CRM
AUS07259,6677 Mariah Burgs Suite 971,Houston,Texas,United States,90526,CRM
AUS07260,71666 Stewart Center,New York,New York,United States,05281,CRM
AUS07261,891 Douglas Garden,Houston,Texas,United States,99925,CRM
AUS07262,194 Christopher Crossing,Chicago,Illinois,United States,14973,CRM
AUS07263,20744 Elizabeth Station Apt. 054,New York,New York,United States,88839,CRM
AUS07264,8638 David Springs,Houston,Texas,United States,67449,CRM
AUS07265,9093 Joseph Circle,Chicago,Illinois,United States,16728,CRM
AUS07266,40451 Rodriguez Ranch Apt. 632,Phoenix,Arizona,United States,24317,CRM
AUS07267,90891 Gaines Ranch,New York,New York,United States,40200,CRM
AUS07268,145 Greene Viaduct Apt. 899,New York,New York,United States,51060,CRM
AUS07269,299 Amber Parkway Apt. 543,New York,New York,United States,00985,CRM
AUS07270,439 Robinson Route,Los Angeles,California,United States,36310,CRM
AUS07271,9579 Joanna Curve,New York,New York,United States,75311,CRM
AUS07272,6749 Hickman Estates,Phoenix,Arizona,United States,63201,CRM
AUS07273,948 David Mountain Apt. 289,Chicago,Illinois,United States,67327,CRM
AUS07274,93345 Johnson Cliff,Phoenix,Arizona,United States,30021,CRM
AUS07275,82986 Rodriguez Fork,New York,New York,United States,21938,CRM
AUS07276,903 Moore Throughway,Los Angeles,California,United States,03421,CRM
AUS07277,0134 Paul Track,Houston,Texas,United States,35015,CRM
AUS07278,13758 Richard Port Apt. 365,Phoenix,Arizona,United States,42495,CRM
AUS07279,3486 Watson Ways,New York,New York,United States,82859,CRM
AUS07280,79310 Bright Knolls,New York,New York,United States,09550,CRM
AUS07281,604 Tammy Court,New York,New York,United States,13276,CRM
AUS07282,95890 Campbell View,Chicago,Illinois,United States,27787,CRM
AUS07283,8085 Douglas Summit Apt. 986,Houston,Texas,United States,10255,CRM
AUS07284,8480 Alison Rapid Suite 533,Chicago,Illinois,United States,77373,CRM
AUS07285,5276 Jessica Village,New York,New York,United States,02766,CRM
AUS07286,75353 Jamie Camp,Chicago,Illinois,United States,98314,CRM
AUS07287,388 Martin Plain Suite 692,Los Angeles,California,United States,12330,CRM
AUS07288,8769 Kylie Centers Suite 969,Houston,Texas,United States,44731,CRM
AUS07289,533 Decker Grove Suite 457,Los Angeles,California,United States,92949,CRM
AUS07290,491 Hicks Bridge,New York,New York,United States,18361,CRM
AUS07291,498 Daniel Gardens Apt. 412,New York,New York,United States,96530,CRM
AUS07292,7882 Maureen Ville,Los Angeles,California,United States,41334,CRM
AUS07293,34819 Ramirez Extension Apt. 457,New York,New York,United States,75455,CRM
AUS07294,31322 Mccormick Stravenue,Los Angeles,California,United States,26220,CRM
AUS07295,05318 Tony Glen Suite 263,Phoenix,Arizona,United States,36402,CRM
AUS07296,3033 Quinn Lane,Los Angeles,California,United States,35246,CRM
AUS07297,421 Jessica Plains,Chicago,Illinois,United States,10651,CRM
AUS07298,94981 Jordan Garden,Houston,Texas,United States,49920,CRM
AUS07299,99942 Ward Fork Apt. 964,New York,New York,United States,82554,CRM
AUS07300,44930 Brian Park Apt. 342,New York,New York,United States,21253,CRM
AUS07301,0926 Richardson Place Suite 987,Phoenix,Arizona,United States,59966,CRM
AUS07302,2410 Jones Bridge,Houston,Texas,United States,49587,CRM
AUS07303,6330 Tiffany Pass,Houston,Texas,United States,51655,CRM
AUS07304,28415 Fitzgerald Roads,New York,New York,United States,41273,CRM
AUS07305,43399 Gibbs Garden,New York,New York,United States,22138,CRM
AUS07306,72864 Joe Loaf,New York,New York,United States,11058,CRM
AUS07307,19174 Ryan Isle Suite 922,New York,New York,United States,44575,CRM
AUS07308,73995 Matthew Shoals Suite 337,New York,New York,United States,18041,CRM
AUS07309,2152 Perkins Ville Suite 103,Los Angeles,California,United States,93291,CRM
AUS07310,000 Barker Stravenue,Phoenix,Arizona,United States,81102,CRM
AUS07311,0822 Mccullough Lake Apt. 434,Los Angeles,California,United States,11528,CRM
AUS07312,02159 Lewis Path Suite 663,Houston,Texas,United States,49129,CRM
AUS07313,2336 Stephanie Mountain,Phoenix,Arizona,United States,21596,CRM
AUS07314,035 Christina Gardens,Houston,Texas,United States,63903,CRM
AUS07315,01447 Briana Drive,Chicago,Illinois,United States,37122,CRM
AUS07316,121 Anderson Land,Los Angeles,California,United States,25063,CRM
AUS07317,19759 Day Spring Suite 481,Los Angeles,California,United States,10025,CRM
AUS07318,09773 Anthony Locks Suite 951,Houston,Texas,United States,58434,CRM
AUS07319,0187 Amanda Rapids,New York,New York,United States,74035,CRM
AUS07320,747 Castro Knoll,Los Angeles,California,United States,74977,CRM
AUS07321,4416 Peggy Passage Apt. 035,Phoenix,Arizona,United States,31863,CRM
AUS07322,528 Evan Divide,Houston,Texas,United States,57724,CRM
AUS07323,3606 Cummings Garden,Chicago,Illinois,United States,80596,CRM
AUS07324,7408 Avila Bypass Suite 030,Chicago,Illinois,United States,93380,CRM
AUS07325,4986 Cooke Lakes Suite 085,Los Angeles,California,United States,79207,CRM
AUS07326,12407 Christine Motorway Suite 780,Los Angeles,California,United States,13289,CRM
AUS07327,444 Michael Isle,Los Angeles,California,United States,37069,CRM
AUS07328,1295 Stacy Manors,Phoenix,Arizona,United States,49581,CRM
AUS07329,96444 Megan Shore Apt. 943,Chicago,Illinois,United States,95421,CRM
AUS07330,632 Donald Forge,New York,New York,United States,76002,CRM
AUS07331,43794 Jonathan Park,Phoenix,Arizona,United States,45749,CRM
AUS07332,973 Andrew Ville Apt. 594,Phoenix,Arizona,United States,19242,CRM
AUS07333,439 Ross Flats,New York,New York,United States,29584,CRM
AUS07334,05082 Summers Trail Suite 072,New York,New York,United States,93582,CRM
AUS07335,375 Villarreal Flat Apt. 521,Houston,Texas,United States,76915,CRM
AUS07336,6413 Lauren Orchard,Houston,Texas,United States,23812,CRM
AUS07337,921 Patterson Meadow,Los Angeles,California,United States,46164,CRM
AUS07338,373 Strickland Lodge,Houston,Texas,United States,99013,CRM
AUS07339,6402 Suzanne Park Apt. 217,New York,New York,United States,11995,CRM
AUS07340,17902 Christopher Spur Suite 475,Phoenix,Arizona,United States,97333,CRM
AUS07341,360 Julie Heights,Los Angeles,California,United States,92970,CRM
AUS07342,15024 Darlene Street,Chicago,Illinois,United States,14950,CRM
AUS07343,976 Moore Stravenue,Phoenix,Arizona,United States,52459,CRM
AUS07344,38879 Clark Locks,Houston,Texas,United States,48007,CRM
AUS07345,858 Shaw Islands,New York,New York,United States,23169,CRM
AUS07346,7209 Lee Mission,Phoenix,Arizona,United States,96120,CRM
AUS07347,009 Tonya Rue Suite 767,Chicago,Illinois,United States,14407,CRM
AUS07348,602 Fowler Streets,Los Angeles,California,United States,59105,CRM
AUS07349,924 Clark Crossroad Apt. 609,Houston,Texas,United States,17545,CRM
AUS07350,87546 Ashley Island Apt. 448,Los Angeles,California,United States,71768,CRM
AUS07351,534 Martin Bypass,Houston,Texas,United States,22696,CRM
AUS07352,321 Danielle Unions,New York,New York,United States,48117,CRM
AUS07353,749 Bryant Rapids,Chicago,Illinois,United States,78630,CRM
AUS07354,481 Sandy Viaduct Apt. 997,Los Angeles,California,United States,06754,CRM
AUS07355,57353 Smith Plaza,Houston,Texas,United States,22157,CRM
AUS07356,8375 Natalie Court Suite 284,Los Angeles,California,United States,72148,CRM
AUS07357,17492 Roberto Branch,New York,New York,United States,03276,CRM
AUS07358,209 Robin Inlet,Phoenix,Arizona,United States,87197,CRM
AUS07359,82950 Long Garden,Chicago,Illinois,United States,39138,CRM
AUS07360,06026 Jeremiah Key Apt. 329,Chicago,Illinois,United States,85564,CRM
AUS07361,919 Emily Crossing Apt. 977,Phoenix,Arizona,United States,80932,CRM
AUS07362,04354 Derek Tunnel,Los Angeles,California,United States,33163,CRM
AUS07363,510 Diane Way Apt. 987,Los Angeles,California,United States,91704,CRM
AUS07364,517 Rachel Meadows,Chicago,Illinois,United States,59516,CRM
AUS07365,09408 Parker Path,Chicago,Illinois,United States,14935,CRM
AUS07366,456 Marc Mission,Houston,Texas,United States,75960,CRM
AUS07367,282 Alicia Spurs,Houston,Texas,United States,68915,CRM
AUS07368,476 Peter Route Apt. 981,Houston,Texas,United States,27483,CRM
AUS07369,13174 Flores Extensions Suite 138,New York,New York,United States,14168,CRM
AUS07370,67116 Matthew Drives Suite 211,Phoenix,Arizona,United States,66756,CRM
AUS07371,17611 Petersen Camp,Chicago,Illinois,United States,59117,CRM
AUS07372,42481 Devin Spurs,New York,New York,United States,08691,CRM
AUS07373,009 Brenda Locks Suite 404,Los Angeles,California,United States,03772,CRM
AUS07374,374 Austin Village Suite 706,Houston,Texas,United States,56531,CRM
AUS07375,72868 Powell Ferry Suite 318,Chicago,Illinois,United States,41278,CRM
AUS07376,13680 Jacqueline Falls Apt. 631,Houston,Texas,United States,42963,CRM
AUS07377,13562 Woodard Fields,Houston,Texas,United States,53291,CRM
AUS07378,733 Kaylee Parkways Suite 260,New York,New York,United States,78913,CRM
AUS07379,5294 Susan Plaza Suite 665,Houston,Texas,United States,67655,CRM
AUS07380,150 Flores Extensions Apt. 111,Chicago,Illinois,United States,69493,CRM
AUS07381,08093 Gary Square Apt. 495,Chicago,Illinois,United States,79653,CRM
AUS07382,5118 Erika Forest Suite 496,Los Angeles,California,United States,14524,CRM
AUS07383,7663 Jennifer Forks Apt. 698,New York,New York,United States,39897,CRM
AUS07384,098 Jones Canyon,New York,New York,United States,02157,CRM
AUS07385,72083 Adam Land,Chicago,Illinois,United States,69745,CRM
AUS07386,03482 Williams Avenue,Phoenix,Arizona,United States,10712,CRM
AUS07387,3844 Cory Ridge,New York,New York,United States,65027,CRM
AUS07388,16451 Callahan Crossroad,Los Angeles,California,United States,69983,CRM
AUS07389,17269 Adam Skyway Apt. 943,New York,New York,United States,23882,CRM
AUS07390,01365 Barbara Gateway,Los Angeles,California,United States,99893,CRM
AUS07391,920 Jenkins Expressway Suite 269,Phoenix,Arizona,United States,55863,CRM
AUS07392,943 Kathy Shoal Apt. 170,Houston,Texas,United States,73491,CRM
AUS07393,2438 John Expressway Apt. 558,Houston,Texas,United States,59916,CRM
AUS07394,095 Jones Way,Houston,Texas,United States,34523,CRM
AUS07395,710 Clark Brooks Suite 561,Chicago,Illinois,United States,44341,CRM
AUS07396,51000 Elizabeth Freeway Suite 334,Phoenix,Arizona,United States,22060,CRM
AUS07397,487 Garrett Crest,Phoenix,Arizona,United States,79740,CRM
AUS07398,3554 Linda Freeway,New York,New York,United States,11027,CRM
AUS07399,821 Samuel Station,Chicago,Illinois,United States,55667,CRM
AUS07400,66027 Griffin Shore,Chicago,Illinois,United States,45432,CRM
AUS07401,634 Adam Stream,Phoenix,Arizona,United States,04236,CRM
AUS07402,226 Zamora Trail Suite 218,Chicago,Illinois,United States,70542,CRM
AUS07403,630 Debra Rapids Suite 900,Los Angeles,California,United States,80559,CRM
AUS07404,25177 Larson Pine,New York,New York,United States,73185,CRM
AUS07405,088 Ashley View,Los Angeles,California,United States,24499,CRM
AUS07406,885 Kevin Road,Phoenix,Arizona,United States,25489,CRM
AUS07407,067 Cheryl Cape Apt. 884,Los Angeles,California,United States,44292,CRM
AUS07408,71566 Malik Island Suite 833,New York,New York,United States,08454,CRM
AUS07409,7172 Mary Crest Suite 570,Houston,Texas,United States,24387,CRM
AUS07410,89523 Moore Turnpike,New York,New York,United States,39746,CRM
AUS07411,7317 Ibarra Plains,Houston,Texas,United States,21173,CRM
AUS07412,994 Leonard Passage Apt. 137,Phoenix,Arizona,United States,74684,CRM
AUS07413,265 Williams Route,New York,New York,United States,81600,CRM
AUS07414,75997 Eric Estates Suite 979,Chicago,Illinois,United States,10237,CRM
AUS07415,493 Coleman Lodge,Houston,Texas,United States,81730,CRM
AUS07416,77545 Carter Mountain Apt. 388,New York,New York,United States,60831,CRM
AUS07417,636 Hall Walks Suite 078,Los Angeles,California,United States,75177,CRM
AUS07418,38607 Mitchell Stravenue,New York,New York,United States,56353,CRM
AUS07419,43143 Bonilla Curve,New York,New York,United States,75189,CRM
AUS07420,585 Jill Tunnel Apt. 496,Houston,Texas,United States,34971,CRM
AUS07421,5897 Robert Trace Suite 885,Los Angeles,California,United States,90813,CRM
AUS07422,93062 Campbell Port Suite 401,Los Angeles,California,United States,60990,CRM
AUS07423,7874 Padilla Terrace Apt. 792,Chicago,Illinois,United States,80141,CRM
AUS07424,952 Kari Loop,Los Angeles,California,United States,39706,CRM
AUS07425,9015 Nathan Stravenue Suite 405,New York,New York,United States,62442,CRM
AUS07426,013 Murray Hollow Suite 158,Los Angeles,California,United States,82019,CRM
AUS07427,185 Butler Locks,Phoenix,Arizona,United States,99390,CRM
AUS07428,93517 Monique Islands,New York,New York,United States,46133,CRM
AUS07429,693 Paula Fork Apt. 367,New York,New York,United States,92202,CRM
AUS07430,7115 Chris Lane Suite 739,Chicago,Illinois,United States,79313,CRM
AUS07431,125 Regina Vista,Los Angeles,California,United States,66668,CRM
AUS07432,964 Glass Valley Apt. 441,Los Angeles,California,United States,30688,CRM
AUS07433,1400 Guzman Cliffs,Phoenix,Arizona,United States,90457,CRM
AUS07434,9208 Miller Route Suite 946,Chicago,Illinois,United States,89036,CRM
AUS07435,22831 Michael Points Apt. 923,New York,New York,United States,11300,CRM
AUS07436,835 Patrick Route Apt. 832,Chicago,Illinois,United States,36175,CRM
AUS07437,4387 Jordan Port Apt. 552,Los Angeles,California,United States,22420,CRM
AUS07438,34873 Colin Underpass,Chicago,Illinois,United States,32288,CRM
AUS07439,22627 Adams Prairie,Phoenix,Arizona,United States,80210,CRM
AUS07440,35720 Cooper Rest,Los Angeles,California,United States,17882,CRM
AUS07441,594 Gonzales Cape Suite 298,Chicago,Illinois,United States,44689,CRM
AUS07442,3133 Howard River Apt. 669,New York,New York,United States,84624,CRM
AUS07443,2148 Anderson Rapids Apt. 820,New York,New York,United States,01643,CRM
AUS07444,70788 Patterson Stravenue,Chicago,Illinois,United States,67958,CRM
AUS07445,02235 Miller Forks,Los Angeles,California,United States,63981,CRM
AUS07446,506 Edwards Alley Apt. 448,Chicago,Illinois,United States,24838,CRM
AUS07447,2249 April Square,Chicago,Illinois,United States,68175,CRM
AUS07448,8456 Jennifer Station Suite 941,Los Angeles,California,United States,15619,CRM
AUS07449,168 Mason Crescent,Houston,Texas,United States,43467,CRM
AUS07450,56203 James Inlet Apt. 552,Houston,Texas,United States,40447,CRM
AUS07451,8652 Andrew Prairie,Chicago,Illinois,United States,17481,CRM
AUS07452,513 Haley River Suite 102,Los Angeles,California,United States,22728,CRM
AUS07453,91871 Michael Grove Apt. 038,Phoenix,Arizona,United States,23695,CRM
AUS07454,615 Williams Plaza Apt. 595,Chicago,Illinois,United States,81947,CRM
AUS07455,253 Deborah Key,Phoenix,Arizona,United States,70905,CRM
AUS07456,20905 Smith Turnpike,Houston,Texas,United States,95572,CRM
AUS07457,627 Moore Meadow,New York,New York,United States,79168,CRM
AUS07458,44633 Heather Brook,New York,New York,United States,54238,CRM
AUS07459,16716 Munoz Villages Apt. 468,Los Angeles,California,United States,80398,CRM
AUS07460,371 Sophia Loop,Phoenix,Arizona,United States,18743,CRM
AUS07461,706 Vang Unions Apt. 891,Phoenix,Arizona,United States,30338,CRM
AUS07462,8285 Blankenship Drives,Phoenix,Arizona,United States,22439,CRM
AUS07463,952 Webster Inlet Apt. 965,Phoenix,Arizona,United States,05555,CRM
AUS07464,835 Kaylee Court,Houston,Texas,United States,17157,CRM
AUS07465,176 Joseph Island,Phoenix,Arizona,United States,70241,CRM
AUS07466,14751 Shepard Cliffs,New York,New York,United States,39640,CRM
AUS07467,7493 Hanson Divide,Houston,Texas,United States,18874,CRM
AUS07468,985 Garza Wall Apt. 222,Phoenix,Arizona,United States,73402,CRM
AUS07469,002 Christopher Road Suite 106,Los Angeles,California,United States,58024,CRM
AUS07470,363 Shelley Island Apt. 751,New York,New York,United States,36289,CRM
AUS07471,10877 Ray Path,New York,New York,United States,97674,CRM
AUS07472,4285 Ayers Wall Apt. 942,Los Angeles,California,United States,97882,CRM
AUS07473,237 Stewart Trail Suite 357,Houston,Texas,United States,81618,CRM
AUS07474,49241 Jason Village,Los Angeles,California,United States,79190,CRM
AUS07475,5760 Foster Isle,Chicago,Illinois,United States,85526,CRM
AUS07476,08668 Tammy Plains Apt. 367,Houston,Texas,United States,28276,CRM
AUS07477,10939 Wilson Expressway Suite 129,Los Angeles,California,United States,64388,CRM
AUS07478,6877 Conner Mountains Suite 440,Phoenix,Arizona,United States,38047,CRM
AUS07479,271 Pollard Junction,Houston,Texas,United States,01721,CRM
AUS07480,93912 Porter Alley,Phoenix,Arizona,United States,85324,CRM
AUS07481,865 Yang Junctions,Houston,Texas,United States,76948,CRM
AUS07482,8918 Mccoy Cape Apt. 311,New York,New York,United States,07854,CRM
AUS07483,2823 Lisa Park,Houston,Texas,United States,20923,CRM
AUS07484,53983 Scott Mills Suite 048,Chicago,Illinois,United States,96734,CRM
AUS07485,5348 Katrina Vista Apt. 258,Chicago,Illinois,United States,76689,CRM
AUS07486,2807 Proctor Locks,Phoenix,Arizona,United States,47362,CRM
AUS07487,62093 Billy Passage,Houston,Texas,United States,52072,CRM
AUS07488,630 Juarez Radial,Houston,Texas,United States,37534,CRM
AUS07489,4555 Fox Mountains Apt. 094,New York,New York,United States,23977,CRM
AUS07490,040 Erin Path Suite 559,Phoenix,Arizona,United States,51064,CRM
AUS07491,4891 Scott Hollow Apt. 820,Houston,Texas,United States,55929,CRM
AUS07492,600 Juarez River,Los Angeles,California,United States,28186,CRM
AUS07493,563 Romero Fork Apt. 306,Los Angeles,California,United States,62103,CRM
AUS07494,97148 Monica Shoals,Phoenix,Arizona,United States,35987,CRM
AUS07495,40121 Michael Estates,Los Angeles,California,United States,32058,CRM
AUS07496,95750 Patterson Fords Apt. 409,Houston,Texas,United States,75688,CRM
AUS07497,5232 Dominique Valley Apt. 982,Los Angeles,California,United States,33012,CRM
AUS07498,962 Brianna Plains Apt. 727,Los Angeles,California,United States,25852,CRM
AUS07499,973 Archer Via,Phoenix,Arizona,United States,77332,CRM
AUS07500,3434 Monique Port Apt. 889,New York,New York,United States,48516,CRM
AUS07501,86903 Gregg Avenue,Chicago,Illinois,United States,78244,CRM
AUS07502,1398 Smith Spur,Los Angeles,California,United States,46349,CRM
AUS07503,606 Vernon Turnpike,Houston,Texas,United States,68276,CRM
AUS07504,905 Hendrix Ridge,New York,New York,United States,82446,CRM
AUS07505,499 Gonzalez Plaza Suite 109,New York,New York,United States,97278,CRM
AUS07506,750 Lewis Ways Suite 680,Phoenix,Arizona,United States,84882,CRM
AUS07507,39590 Jeremy Shoal,Chicago,Illinois,United States,41752,CRM
AUS07508,4888 David Port Suite 132,Houston,Texas,United States,95424,CRM
AUS07509,47253 Kelsey Forest,Chicago,Illinois,United States,62860,CRM
AUS07510,09675 Tiffany Isle,Los Angeles,California,United States,29057,CRM
AUS07511,330 Elizabeth Highway,Los Angeles,California,United States,45816,CRM
AUS07512,422 Mark Mountains Suite 285,New York,New York,United States,30699,CRM
AUS07513,977 Oliver Crescent Apt. 804,Phoenix,Arizona,United States,62602,CRM
AUS07514,85449 Norman Mews Suite 778,Houston,Texas,United States,37993,CRM
AUS07515,619 Buck Gateway Suite 450,Los Angeles,California,United States,79521,CRM
AUS07516,74770 Patricia Cove Apt. 109,Chicago,Illinois,United States,10380,CRM
AUS07517,490 King Summit,Los Angeles,California,United States,88260,CRM
AUS07518,45159 Goodman Fords Suite 374,Houston,Texas,United States,78287,CRM
AUS07519,9579 Jonathan Spur,Phoenix,Arizona,United States,73090,CRM
AUS07520,44337 Gomez Knoll Suite 679,Los Angeles,California,United States,90597,CRM
AUS07521,987 Weiss Camp Suite 948,Phoenix,Arizona,United States,65434,CRM
AUS07522,9983 Mason Wells,Los Angeles,California,United States,40898,CRM
AUS07523,44203 Brenda Spring,Los Angeles,California,United States,73660,CRM
AUS07524,8116 Stephens Road Suite 820,Houston,Texas,United States,96927,CRM
AUS07525,162 Perry Roads,Phoenix,Arizona,United States,77708,CRM
AUS07526,363 Charles Way,Los Angeles,California,United States,67333,CRM
AUS07527,6279 Baker Manors,Phoenix,Arizona,United States,73551,CRM
AUS07528,5189 Nancy Ville,Phoenix,Arizona,United States,10207,CRM
AUS07529,369 Patrick Meadows,Los Angeles,California,United States,81534,CRM
AUS07530,8343 Wiggins Mill Apt. 443,New York,New York,United States,36185,CRM
AUS07531,082 Walters Squares Suite 298,New York,New York,United States,85374,CRM
AUS07532,4792 Walker Forest Apt. 205,Los Angeles,California,United States,57377,CRM
AUS07533,6975 Teresa Lodge Suite 943,Chicago,Illinois,United States,95248,CRM
AUS07534,92130 Alexander Plaza Apt. 023,Los Angeles,California,United States,93851,CRM
AUS07535,045 Thomas Estate Suite 229,Houston,Texas,United States,99044,CRM
AUS07536,7568 Dickson Ramp Suite 278,New York,New York,United States,04664,CRM
AUS07537,4481 Lucero Square,Los Angeles,California,United States,87574,CRM
AUS07538,39601 Ryan Burgs,Chicago,Illinois,United States,79226,CRM
AUS07539,9091 Tony Run Apt. 202,Phoenix,Arizona,United States,81907,CRM
AUS07540,84239 Hernandez Loaf,Chicago,Illinois,United States,24556,CRM
AUS07541,368 Ward Vista,Chicago,Illinois,United States,61132,CRM
AUS07542,2084 Jessica Spur Apt. 161,Phoenix,Arizona,United States,45911,CRM
AUS07543,78848 Gomez Plain Apt. 263,Los Angeles,California,United States,24525,CRM
AUS07544,6393 Joseph Lane,Chicago,Illinois,United States,94416,CRM
AUS07545,11883 Gardner Lodge Suite 207,Phoenix,Arizona,United States,94208,CRM
AUS07546,74253 Smith Viaduct,Phoenix,Arizona,United States,21430,CRM
AUS07547,3795 Amy Canyon Suite 473,Phoenix,Arizona,United States,19529,CRM
AUS07548,52422 Travis Rapids,Chicago,Illinois,United States,52430,CRM
AUS07549,76048 Hunter Views Suite 418,New York,New York,United States,73278,CRM
AUS07550,616 Stein Lock,New York,New York,United States,40127,CRM
AUS07551,596 Angela Turnpike,Houston,Texas,United States,40608,CRM
AUS07552,3848 Christina Brook Apt. 068,New York,New York,United States,75554,CRM
AUS07553,818 Gibson Heights Suite 276,Los Angeles,California,United States,24786,CRM
AUS07554,5361 Lyons Roads Apt. 890,Chicago,Illinois,United States,78543,CRM
AUS07555,536 Warren Lakes,Houston,Texas,United States,53403,CRM
AUS07556,6478 Bonilla Mill Apt. 822,Los Angeles,California,United States,91896,CRM
AUS07557,6711 Phillips Greens,New York,New York,United States,34420,CRM
AUS07558,08926 Ramos Courts Apt. 253,Phoenix,Arizona,United States,49144,CRM
AUS07559,0344 Cindy Glen,Los Angeles,California,United States,72583,CRM
AUS07560,85044 Holloway Manor Suite 005,Chicago,Illinois,United States,74291,CRM
AUS07561,0772 Ball Wells,Houston,Texas,United States,05810,CRM
AUS07562,79223 Rodriguez Village Suite 796,Phoenix,Arizona,United States,23095,CRM
AUS07563,1245 Michael Brooks Suite 898,Phoenix,Arizona,United States,36925,CRM
AUS07564,079 Evan Terrace,New York,New York,United States,94282,CRM
AUS07565,09244 Troy Ford Suite 355,Phoenix,Arizona,United States,42379,CRM
AUS07566,44087 Krueger Station Suite 197,Los Angeles,California,United States,56023,CRM
AUS07567,698 Gina Vista,Chicago,Illinois,United States,73109,CRM
AUS07568,839 Anthony Radial,Los Angeles,California,United States,01771,CRM
AUS07569,447 Thomas Locks,New York,New York,United States,85937,CRM
AUS07570,62950 Thompson Gardens,New York,New York,United States,41253,CRM
AUS07571,309 Jessica Plaza,Chicago,Illinois,United States,11123,CRM
AUS07572,115 Flowers Pine Apt. 915,Houston,Texas,United States,30644,CRM
AUS07573,614 Dunn Way Suite 434,Los Angeles,California,United States,02451,CRM
AUS07574,532 Joseph Squares,Houston,Texas,United States,80175,CRM
AUS07575,304 Clayton Lakes Suite 607,Los Angeles,California,United States,27567,CRM
AUS07576,43237 Ross Ports Apt. 262,New York,New York,United States,69521,CRM
AUS07577,7793 Vanessa Mountain,New York,New York,United States,76871,CRM
AUS07578,1275 Michelle Stream,New York,New York,United States,82046,CRM
AUS07579,85806 Jessica Tunnel Suite 540,New York,New York,United States,80178,CRM
AUS07580,38243 Yolanda Dale,Chicago,Illinois,United States,06928,CRM
AUS07581,57233 Katherine Orchard,Phoenix,Arizona,United States,41070,CRM
AUS07582,5510 John Glens,Phoenix,Arizona,United States,71890,CRM
AUS07583,370 Harrison Harbor,Houston,Texas,United States,74823,CRM
AUS07584,32767 Michelle Fords,Chicago,Illinois,United States,20802,CRM
AUS07585,3871 Paige Mountain,Phoenix,Arizona,United States,58186,CRM
AUS07586,625 Kennedy Road,Los Angeles,California,United States,37305,CRM
AUS07587,32118 Wheeler Gateway,Houston,Texas,United States,71452,CRM
AUS07588,680 Wolf Mountain,Chicago,Illinois,United States,27676,CRM
AUS07589,111 Howell Estate,Chicago,Illinois,United States,59702,CRM
AUS07590,5679 Pennington Locks Apt. 399,New York,New York,United States,67028,CRM
AUS07591,9149 Mark Pass,Phoenix,Arizona,United States,87041,CRM
AUS07592,15007 Heather Wells Suite 538,Phoenix,Arizona,United States,47140,CRM
AUS07593,61831 Bell Highway,Chicago,Illinois,United States,50151,CRM
AUS07594,7910 Ward Port,Phoenix,Arizona,United States,55604,CRM
AUS07595,57324 Dudley Inlet,New York,New York,United States,24914,CRM
AUS07596,85202 Mckinney Underpass Suite 337,Chicago,Illinois,United States,50438,CRM
AUS07597,7035 Cabrera Crossing,Los Angeles,California,United States,09592,CRM
AUS07598,10262 Amy Branch Suite 767,Phoenix,Arizona,United States,62660,CRM
AUS07599,239 Pamela Ferry,Los Angeles,California,United States,07247,CRM
AUS07600,4764 Brown Harbor,Los Angeles,California,United States,97578,CRM
AUS07601,139 Lopez Dale,New York,New York,United States,16519,CRM
AUS07602,509 Heather Terrace,Houston,Texas,United States,79335,CRM
AUS07603,37063 Kirby Street Apt. 098,Los Angeles,California,United States,34172,CRM
AUS07604,660 Lopez Pass Apt. 761,Los Angeles,California,United States,08653,CRM
AUS07605,359 Washington Gateway Apt. 181,Chicago,Illinois,United States,56766,CRM
AUS07606,454 Dunn Highway,Phoenix,Arizona,United States,39142,CRM
AUS07607,40168 Kelly Gardens,Houston,Texas,United States,48306,CRM
AUS07608,95537 Shannon Views Apt. 622,New York,New York,United States,76279,CRM
AUS07609,3324 Andrew Mission Suite 341,Phoenix,Arizona,United States,65706,CRM
AUS07610,06180 Mcgrath Plain Apt. 269,Phoenix,Arizona,United States,39976,CRM
AUS07611,083 Nichols Mission Suite 179,Phoenix,Arizona,United States,76200,CRM
AUS07612,16857 Eileen Extensions Suite 240,Chicago,Illinois,United States,89175,CRM
AUS07613,85789 Keith Harbor,New York,New York,United States,87930,CRM
AUS07614,405 Jeanette River,Houston,Texas,United States,13721,CRM
AUS07615,237 Michael Ridge,Chicago,Illinois,United States,51489,CRM
AUS07616,97870 Fields Street,New York,New York,United States,63745,CRM
AUS07617,6673 Lacey Viaduct,Chicago,Illinois,United States,96203,CRM
AUS07618,330 Page Harbor Apt. 579,New York,New York,United States,93778,CRM
AUS07619,4278 Lindsey Lodge,Houston,Texas,United States,51370,CRM
AUS07620,80844 Kelly Track,Phoenix,Arizona,United States,29937,CRM
AUS07621,162 Thomas Plain,Houston,Texas,United States,83320,CRM
AUS07622,6291 Jennifer Ville Apt. 515,Houston,Texas,United States,39401,CRM
AUS07623,0920 Cordova Motorway,New York,New York,United States,81447,CRM
AUS07624,83370 Nathan Mills Apt. 411,Phoenix,Arizona,United States,33292,CRM
AUS07625,260 Hayes Center,Chicago,Illinois,United States,45726,CRM
AUS07626,6169 Michael Fork Apt. 126,Phoenix,Arizona,United States,94675,CRM
AUS07627,0762 Good Shoal,Houston,Texas,United States,15841,CRM
AUS07628,9389 Sheryl Hollow,Houston,Texas,United States,11025,CRM
AUS07629,32550 Tyler Canyon Suite 762,Los Angeles,California,United States,04427,CRM
AUS07630,2799 Hall Circles,New York,New York,United States,05666,CRM
AUS07631,3763 Brent Passage Apt. 898,Phoenix,Arizona,United States,72292,CRM
AUS07632,26756 Dylan Ridges,Houston,Texas,United States,32853,CRM
AUS07633,926 Wilcox Drive Apt. 891,Los Angeles,California,United States,68500,CRM
AUS07634,6640 Walsh Stravenue,Los Angeles,California,United States,86537,CRM
AUS07635,7042 Jon Light,Phoenix,Arizona,United States,88640,CRM
AUS07636,1928 Davidson Burgs,Houston,Texas,United States,52698,CRM
AUS07637,04283 Love Park Apt. 460,New York,New York,United States,36714,CRM
AUS07638,07125 Smith Drive,Chicago,Illinois,United States,19847,CRM
AUS07639,8673 Richard Ranch Suite 767,Los Angeles,California,United States,88950,CRM
AUS07640,21504 Alexander Green,Los Angeles,California,United States,89537,CRM
AUS07641,1426 Choi Dale,Los Angeles,California,United States,98186,CRM
AUS07642,853 Duane Heights Apt. 741,Phoenix,Arizona,United States,59266,CRM
AUS07643,505 Wallace Mall Apt. 084,Chicago,Illinois,United States,28803,CRM
AUS07644,35110 Frost Road,Houston,Texas,United States,69413,CRM
AUS07645,937 Bautista Terrace Suite 107,Los Angeles,California,United States,53851,CRM
AUS07646,95671 Kenneth Crossing,Los Angeles,California,United States,77292,CRM
AUS07647,9805 James Centers Suite 379,Phoenix,Arizona,United States,26916,CRM
AUS07648,75994 Wendy Isle,New York,New York,United States,44434,CRM
AUS07649,462 Diaz Forge,New York,New York,United States,80353,CRM
AUS07650,53392 Schmidt Trafficway,Phoenix,Arizona,United States,17375,CRM
AUS07651,971 Melissa Skyway Suite 924,Chicago,Illinois,United States,03804,CRM
AUS07652,6438 Hernandez Vista Suite 583,Chicago,Illinois,United States,92823,CRM
AUS07653,947 Cain Rapid,Houston,Texas,United States,32678,CRM
AUS07654,818 Pamela Streets,Phoenix,Arizona,United States,97072,CRM
AUS07655,73850 Stephen Harbors Suite 648,Phoenix,Arizona,United States,73095,CRM
AUS07656,365 Beltran Route,Chicago,Illinois,United States,79318,CRM
AUS07657,420 Kyle Ridges,Houston,Texas,United States,62278,CRM
AUS07658,60247 Stephens Spurs Suite 770,New York,New York,United States,99566,CRM
AUS07659,81800 Meagan Fords Apt. 629,Chicago,Illinois,United States,91860,CRM
AUS07660,7894 Johnson Spurs Suite 299,Houston,Texas,United States,93489,CRM
AUS07661,7099 Tina Harbors Suite 534,Houston,Texas,United States,70467,CRM
AUS07662,2420 Hamilton Villages,Los Angeles,California,United States,66107,CRM
AUS07663,891 Jeanne Rapid,Phoenix,Arizona,United States,52520,CRM
AUS07664,893 Tran Freeway Apt. 195,Chicago,Illinois,United States,27965,CRM
AUS07665,35961 Deborah Shoals,New York,New York,United States,22376,CRM
AUS07666,101 Hawkins Inlet,New York,New York,United States,60472,CRM
AUS07667,876 Michelle Port Apt. 880,Phoenix,Arizona,United States,69765,CRM
AUS07668,64232 Monica Lake Apt. 121,New York,New York,United States,28255,CRM
AUS07669,96893 Keller Valley,Los Angeles,California,United States,33490,CRM
AUS07670,569 Ashley Fall Apt. 322,Chicago,Illinois,United States,31115,CRM
AUS07671,16462 Maria Plains Apt. 496,Los Angeles,California,United States,26887,CRM
AUS07672,786 Valencia Junction,New York,New York,United States,92608,CRM
AUS07673,6593 Darryl Mews,Chicago,Illinois,United States,13507,CRM
AUS07674,610 Lewis Loop Apt. 404,Houston,Texas,United States,79836,CRM
AUS07675,54836 Lewis Hill,Chicago,Illinois,United States,13385,CRM
AUS07676,605 Matthew Village,Houston,Texas,United States,14984,CRM
AUS07677,6256 White Plaza Suite 128,Phoenix,Arizona,United States,64703,CRM
AUS07678,818 Meredith Mountains Suite 107,Chicago,Illinois,United States,28996,CRM
AUS07679,9926 Dean Fort Suite 411,Houston,Texas,United States,13417,CRM
AUS07680,3618 Gay Islands Apt. 361,Los Angeles,California,United States,77215,CRM
AUS07681,253 Ashley Avenue,Houston,Texas,United States,85651,CRM
AUS07682,016 Brewer Fall,Los Angeles,California,United States,17931,CRM
AUS07683,9942 Jonathan Ridge Suite 872,Chicago,Illinois,United States,89053,CRM
AUS07684,75782 Christopher Parks,Los Angeles,California,United States,96963,CRM
AUS07685,66412 Rebecca Path,Los Angeles,California,United States,47950,CRM
AUS07686,176 Vaughn Courts Apt. 165,New York,New York,United States,64008,CRM
AUS07687,8731 Lawrence Forge,Chicago,Illinois,United States,85433,CRM
AUS07688,103 Jake Wells Apt. 625,Houston,Texas,United States,50435,CRM
AUS07689,80602 Morton Alley Suite 759,Chicago,Illinois,United States,23879,CRM
AUS07690,94509 Karen Lock,Chicago,Illinois,United States,07045,CRM
AUS07691,759 Melanie Pines Suite 515,Houston,Texas,United States,92101,CRM
AUS07692,620 John Stream Apt. 687,Los Angeles,California,United States,57845,CRM
AUS07693,5867 Morgan Cape Suite 147,New York,New York,United States,90183,CRM
AUS07694,7773 Michael Common,Houston,Texas,United States,26871,CRM
AUS07695,591 Castro Crossing Suite 108,Phoenix,Arizona,United States,11627,CRM
AUS07696,879 Solis Mill Apt. 074,Houston,Texas,United States,08449,CRM
AUS07697,4095 Gonzalez Light Suite 228,New York,New York,United States,27447,CRM
AUS07698,40658 Payne Village Suite 104,Phoenix,Arizona,United States,68547,CRM
AUS07699,3136 Hunt Forest,Phoenix,Arizona,United States,69771,CRM
AUS07700,55165 Sandra Squares Suite 806,Chicago,Illinois,United States,23869,CRM
AUS07701,095 Terrell Lights,Los Angeles,California,United States,37975,CRM
AUS07702,857 Alexander Points,Houston,Texas,United States,23919,CRM
AUS07703,709 Case Spring Suite 936,Los Angeles,California,United States,47261,CRM
AUS07704,46285 Travis Forge Apt. 179,Chicago,Illinois,United States,41750,CRM
AUS07705,43661 David Isle,Los Angeles,California,United States,06684,CRM
AUS07706,65805 Mark Junctions,New York,New York,United States,66720,CRM
AUS07707,5496 Frederick Views Suite 074,Chicago,Illinois,United States,52295,CRM
AUS07708,3946 Clay Junction Apt. 546,Phoenix,Arizona,United States,29357,CRM
AUS07709,214 Jessica Mews Apt. 406,Chicago,Illinois,United States,68826,CRM
AUS07710,1821 Richard Camp,Houston,Texas,United States,63484,CRM
AUS07711,695 Jacob Springs Apt. 229,Phoenix,Arizona,United States,83007,CRM
AUS07712,62817 Deborah Forge Suite 973,Phoenix,Arizona,United States,73343,CRM
AUS07713,53448 Jasmine Tunnel Suite 006,Phoenix,Arizona,United States,22808,CRM
AUS07714,7397 Harvey Ferry,Phoenix,Arizona,United States,29091,CRM
AUS07715,73084 Walton Viaduct Apt. 209,New York,New York,United States,49393,CRM
AUS07716,1590 Martinez Plains,Phoenix,Arizona,United States,38985,CRM
AUS07717,1013 Smith Valleys Apt. 457,New York,New York,United States,09740,CRM
AUS07718,075 Rodney Lake Suite 212,New York,New York,United States,22755,CRM
AUS07719,87740 Collier Brooks,Chicago,Illinois,United States,79067,CRM
AUS07720,448 Gabriel Place Suite 864,Phoenix,Arizona,United States,12466,CRM
AUS07721,94405 Douglas Parkway,Houston,Texas,United States,33705,CRM
AUS07722,25473 Terrence Manors,Phoenix,Arizona,United States,52450,CRM
AUS07723,650 Melissa Centers Suite 559,Chicago,Illinois,United States,08685,CRM
AUS07724,390 Jennings Coves,Los Angeles,California,United States,21085,CRM
AUS07725,65729 Sheena Roads,Los Angeles,California,United States,35507,CRM
AUS07726,124 Coleman Plains,Houston,Texas,United States,10530,CRM
AUS07727,8718 Castillo Square,New York,New York,United States,55618,CRM
AUS07728,1800 Morgan Parks Suite 098,Houston,Texas,United States,81388,CRM
AUS07729,798 Freeman Stravenue Suite 125,Chicago,Illinois,United States,31956,CRM
AUS07730,67998 Christina Grove,New York,New York,United States,22667,CRM
AUS07731,15806 Downs Walks,Los Angeles,California,United States,33101,CRM
AUS07732,2813 Phillips River Suite 392,Chicago,Illinois,United States,87010,CRM
AUS07733,34316 Peterson Plaza,Chicago,Illinois,United States,34823,CRM
AUS07734,52394 Aaron Skyway Suite 492,Chicago,Illinois,United States,32471,CRM
AUS07735,42777 Breanna Estates Apt. 437,Chicago,Illinois,United States,94064,CRM
AUS07736,0361 Davis Camp Apt. 933,Houston,Texas,United States,20984,CRM
AUS07737,81117 Price Common,Phoenix,Arizona,United States,23455,CRM
AUS07738,9131 Tiffany Center Suite 269,New York,New York,United States,15005,CRM
AUS07739,539 Elizabeth Islands Suite 799,Chicago,Illinois,United States,15328,CRM
AUS07740,097 Green Groves,Chicago,Illinois,United States,08991,CRM
AUS07741,0431 Russell Hollow Apt. 612,Houston,Texas,United States,64352,CRM
AUS07742,045 Nguyen Roads Suite 665,New York,New York,United States,32795,CRM
AUS07743,11858 Hernandez Camp Apt. 056,Houston,Texas,United States,53098,CRM
AUS07744,58905 Tucker Orchard Suite 644,Chicago,Illinois,United States,89950,CRM
AUS07745,335 Cruz Walk,New York,New York,United States,40049,CRM
AUS07746,827 Stephanie Corner,New York,New York,United States,61913,CRM
AUS07747,29554 Gonzalez Road,Houston,Texas,United States,41337,CRM
AUS07748,135 Jessica Points Suite 267,Houston,Texas,United States,55547,CRM
AUS07749,63045 Livingston Forges Apt. 665,Phoenix,Arizona,United States,74321,CRM
AUS07750,709 Lisa Corner,New York,New York,United States,80268,CRM
AUS07751,67759 Christopher Motorway Apt. 156,Houston,Texas,United States,94309,CRM
AUS07752,19059 Stacey Orchard Suite 031,Los Angeles,California,United States,33009,CRM
AUS07753,8230 Heather Camp Suite 850,Chicago,Illinois,United States,07570,CRM
AUS07754,5436 Wall Skyway Suite 507,Chicago,Illinois,United States,64682,CRM
AUS07755,329 Arnold Overpass,Chicago,Illinois,United States,62845,CRM
AUS07756,28826 Rita Terrace Suite 640,Houston,Texas,United States,24294,CRM
AUS07757,2601 Catherine Bridge,New York,New York,United States,52989,CRM
AUS07758,729 Davis Station,Los Angeles,California,United States,40767,CRM
AUS07759,47061 Zimmerman Street,Chicago,Illinois,United States,88143,CRM
AUS07760,73973 Larsen Light Suite 074,Houston,Texas,United States,62977,CRM
AUS07761,49267 Alexandria Heights,Los Angeles,California,United States,23172,CRM
AUS07762,877 Moore Passage Apt. 859,New York,New York,United States,35972,CRM
AUS07763,584 Brown Street,Chicago,Illinois,United States,97368,CRM
AUS07764,1007 Karen Oval,New York,New York,United States,85392,CRM
AUS07765,14273 Shelley Mills,Phoenix,Arizona,United States,51329,CRM
AUS07766,0117 Ashley Key,Houston,Texas,United States,74341,CRM
AUS07767,168 Taylor Trace Suite 089,Chicago,Illinois,United States,93425,CRM
AUS07768,94283 Baker Highway,Chicago,Illinois,United States,18298,CRM
AUS07769,112 Diana Field Suite 747,Phoenix,Arizona,United States,84228,CRM
AUS07770,7122 David Court Apt. 975,Phoenix,Arizona,United States,94992,CRM
AUS07771,88976 Nathan Green,Los Angeles,California,United States,48456,CRM
AUS07772,21262 Barry Rue,Phoenix,Arizona,United States,22406,CRM
AUS07773,33473 Miller Knolls Apt. 795,Houston,Texas,United States,55179,CRM
AUS07774,3212 Cummings Ferry,Chicago,Illinois,United States,53441,CRM
AUS07775,509 Moore Lock Apt. 324,Phoenix,Arizona,United States,46127,CRM
AUS07776,97754 Timothy Vista,Chicago,Illinois,United States,80716,CRM
AUS07777,444 Ferguson Plaza Apt. 165,New York,New York,United States,06855,CRM
AUS07778,401 Webster Greens Apt. 141,Chicago,Illinois,United States,59613,CRM
AUS07779,0276 Elizabeth Crossing Apt. 126,Chicago,Illinois,United States,06641,CRM
AUS07780,220 Vargas Mission Suite 217,Houston,Texas,United States,97083,CRM
AUS07781,9804 Pope Ranch,New York,New York,United States,21506,CRM
AUS07782,2766 Nicole Fall Apt. 820,Houston,Texas,United States,67738,CRM
AUS07783,94025 Patrick Motorway,New York,New York,United States,97633,CRM
AUS07784,55947 Taylor Oval,Los Angeles,California,United States,68517,CRM
AUS07785,794 White Villages,New York,New York,United States,96824,CRM
AUS07786,219 James Stream Apt. 747,Houston,Texas,United States,39958,CRM
AUS07787,26924 Melissa Avenue,Chicago,Illinois,United States,75941,CRM
AUS07788,55798 Katherine Falls Apt. 156,Chicago,Illinois,United States,80568,CRM
AUS07789,92343 Kathryn Inlet Apt. 499,Houston,Texas,United States,96846,CRM
AUS07790,638 Lopez Forges Apt. 051,Chicago,Illinois,United States,32940,CRM
AUS07791,976 Macias Squares Suite 171,Phoenix,Arizona,United States,70470,CRM
AUS07792,8954 Villa Spur Apt. 637,Chicago,Illinois,United States,55955,CRM
AUS07793,8421 Kyle Ford Apt. 712,Los Angeles,California,United States,47295,CRM
AUS07794,51119 Samantha Junction Suite 696,Houston,Texas,United States,34778,CRM
AUS07795,254 Powers Prairie,Los Angeles,California,United States,23941,CRM
AUS07796,6436 John Mission Suite 124,Los Angeles,California,United States,79150,CRM
AUS07797,755 Pierce Dale Apt. 586,New York,New York,United States,00889,CRM
AUS07798,44091 Janet Canyon Apt. 005,Los Angeles,California,United States,83911,CRM
AUS07799,6188 Samuel Dale Suite 902,New York,New York,United States,11585,CRM
AUS07800,2020 Charles Field Suite 097,Chicago,Illinois,United States,70078,CRM
AUS07801,8815 Evans Villages Apt. 137,New York,New York,United States,77404,CRM
AUS07802,025 Perry Shoals Apt. 463,New York,New York,United States,77577,CRM
AUS07803,35860 Barnes Rue,New York,New York,United States,34032,CRM
AUS07804,7648 Johnson Greens Apt. 765,Houston,Texas,United States,26494,CRM
AUS07805,83556 William Landing Apt. 842,Los Angeles,California,United States,41200,CRM
AUS07806,9994 Cox Ridges,Phoenix,Arizona,United States,85589,CRM
AUS07807,9526 Kathleen Station Apt. 584,Chicago,Illinois,United States,34208,CRM
AUS07808,9175 Brewer Extensions,Phoenix,Arizona,United States,51018,CRM
AUS07809,7724 Sean Locks,Houston,Texas,United States,29996,CRM
AUS07810,6922 Lauren Rapids Apt. 612,Los Angeles,California,United States,80252,CRM
AUS07811,6102 Amy Mountain Suite 647,Houston,Texas,United States,78124,CRM
AUS07812,9922 Carter Drive,Houston,Texas,United States,05140,CRM
AUS07813,72640 Rose Way,Los Angeles,California,United States,63630,CRM
AUS07814,03373 Watts Lakes,Phoenix,Arizona,United States,26083,CRM
AUS07815,2010 Juan Road,Houston,Texas,United States,99247,CRM
AUS07816,08021 Oconnell Fall Suite 859,Chicago,Illinois,United States,74059,CRM
AUS07817,0375 Brock Forks,Los Angeles,California,United States,84982,CRM
AUS07818,725 Catherine Creek Suite 529,Houston,Texas,United States,91285,CRM
AUS07819,430 John Creek Suite 780,Chicago,Illinois,United States,03132,CRM
AUS07820,2685 Sparks Rest Suite 906,Los Angeles,California,United States,49574,CRM
AUS07821,019 Lorraine Spurs,Houston,Texas,United States,82734,CRM
AUS07822,76031 Kristopher Branch,Chicago,Illinois,United States,22789,CRM
AUS07823,9344 Brown Mountains Suite 113,New York,New York,United States,67751,CRM
AUS07824,366 Nicole Mission Suite 180,New York,New York,United States,54390,CRM
AUS07825,548 Russo Mission,New York,New York,United States,92804,CRM
AUS07826,2642 Maria Mall,Chicago,Illinois,United States,17506,CRM
AUS07827,707 Perez Parkway Suite 848,Houston,Texas,United States,79077,CRM
AUS07828,2277 Washington Gateway Suite 809,Phoenix,Arizona,United States,12373,CRM
AUS07829,69322 Jennifer Way,Los Angeles,California,United States,44469,CRM
AUS07830,1197 Jones Corners,New York,New York,United States,16959,CRM
AUS07831,931 Steven Ville,Phoenix,Arizona,United States,87016,CRM
AUS07832,8393 Anne Park Suite 929,Phoenix,Arizona,United States,43905,CRM
AUS07833,459 Cooley Field Suite 130,Phoenix,Arizona,United States,09288,CRM
AUS07834,2629 Turner Springs Suite 825,Chicago,Illinois,United States,13639,CRM
AUS07835,4844 Price Islands,Houston,Texas,United States,14404,CRM
AUS07836,6135 Bell Plaza Suite 467,Phoenix,Arizona,United States,87209,CRM
AUS07837,839 Daniel Neck,Phoenix,Arizona,United States,63368,CRM
AUS07838,1709 Warner Valleys,New York,New York,United States,46405,CRM
AUS07839,9618 Donna Alley,Chicago,Illinois,United States,27153,CRM
AUS07840,99511 Anne Green,Los Angeles,California,United States,50014,CRM
AUS07841,42115 Green Port,Phoenix,Arizona,United States,55912,CRM
AUS07842,558 Ronald Plains Apt. 291,Houston,Texas,United States,81694,CRM
AUS07843,869 Taylor Forks,Houston,Texas,United States,39876,CRM
AUS07844,17274 Cox Course Apt. 649,Chicago,Illinois,United States,01803,CRM
AUS07845,110 Simpson View Suite 101,Chicago,Illinois,United States,83988,CRM
AUS07846,58700 Knight Creek,Los Angeles,California,United States,60960,CRM
AUS07847,66442 Michael Wells,Chicago,Illinois,United States,43940,CRM
AUS07848,089 Julie Bridge Suite 886,New York,New York,United States,48749,CRM
AUS07849,84697 Dean Views,Phoenix,Arizona,United States,59947,CRM
AUS07850,0136 Brown Wall Apt. 783,Houston,Texas,United States,07906,CRM
AUS07851,178 Turner Bridge,Chicago,Illinois,United States,23501,CRM
AUS07852,505 David Inlet Suite 985,Los Angeles,California,United States,39880,CRM
AUS07853,4762 Lisa Bridge Suite 183,Houston,Texas,United States,51299,CRM
AUS07854,408 Levine Manor Apt. 933,Los Angeles,California,United States,42918,CRM
AUS07855,75021 Johnson Terrace,Phoenix,Arizona,United States,79145,CRM
AUS07856,1503 Devin Run Suite 414,Los Angeles,California,United States,12910,CRM
AUS07857,35907 Christopher Ridge,Los Angeles,California,United States,72998,CRM
AUS07858,84886 Stevenson Loop Apt. 252,New York,New York,United States,28629,CRM
AUS07859,383 Johnson Cliff Suite 219,Chicago,Illinois,United States,49837,CRM
AUS07860,7702 Jason Pine,Phoenix,Arizona,United States,37999,CRM
AUS07861,41797 Alejandra Fork Suite 956,New York,New York,United States,31420,CRM
AUS07862,905 Maria Estates Suite 544,Houston,Texas,United States,87117,CRM
AUS07863,1249 Catherine Port Suite 153,Los Angeles,California,United States,74626,CRM
AUS07864,2771 Donald Radial,Phoenix,Arizona,United States,26061,CRM
AUS07865,94806 Williams Dam,Houston,Texas,United States,81254,CRM
AUS07866,65102 Amy Meadow Suite 055,New York,New York,United States,66938,CRM
AUS07867,36092 Kelly Inlet,Houston,Texas,United States,28546,CRM
AUS07868,83924 Lee Circles Suite 866,Los Angeles,California,United States,26205,CRM
AUS07869,16483 Joseph Tunnel,Los Angeles,California,United States,47371,CRM
AUS07870,12466 Sherry Trail Suite 513,Houston,Texas,United States,02119,CRM
AUS07871,96754 Porter Creek,Los Angeles,California,United States,45820,CRM
AUS07872,2573 Dustin Common,Los Angeles,California,United States,49471,CRM
AUS07873,70609 Joan Center Apt. 021,Chicago,Illinois,United States,73754,CRM
AUS07874,1621 Kevin Dale,Phoenix,Arizona,United States,85757,CRM
AUS07875,97095 Elijah Brook,Los Angeles,California,United States,65694,CRM
AUS07876,51536 Mcdaniel Walk Apt. 381,New York,New York,United States,64364,CRM
AUS07877,45229 Kirk Shore Suite 481,Houston,Texas,United States,64180,CRM
AUS07878,33238 Bowman Burg,Los Angeles,California,United States,17234,CRM
AUS07879,8269 Hamilton Fort,Phoenix,Arizona,United States,21536,CRM
AUS07880,33377 Powell Bridge Suite 560,Chicago,Illinois,United States,25382,CRM
AUS07881,0627 Paul Green,Chicago,Illinois,United States,12717,CRM
AUS07882,5665 Nelson Passage Apt. 848,Chicago,Illinois,United States,69128,CRM
AUS07883,781 Steven Route,Phoenix,Arizona,United States,31809,CRM
AUS07884,4306 Shaun Village,Phoenix,Arizona,United States,62663,CRM
AUS07885,792 Anthony Expressway,Phoenix,Arizona,United States,58575,CRM
AUS07886,9020 Mcdonald Stream,New York,New York,United States,68319,CRM
AUS07887,9264 Bates Estate Apt. 143,Los Angeles,California,United States,91337,CRM
AUS07888,978 John Cliffs Suite 934,Phoenix,Arizona,United States,63781,CRM
AUS07889,226 Horton Mountain,Phoenix,Arizona,United States,38542,CRM
AUS07890,507 Glenn Plain Apt. 490,Chicago,Illinois,United States,91007,CRM
AUS07891,390 Carl Rest,New York,New York,United States,55360,CRM
AUS07892,7613 Mcfarland Springs,New York,New York,United States,22504,CRM
AUS07893,89520 Rogers Isle,Houston,Texas,United States,81004,CRM
AUS07894,80352 Hebert Spring Suite 390,New York,New York,United States,82386,CRM
AUS07895,521 Jason Village Apt. 751,Chicago,Illinois,United States,69410,CRM
AUS07896,361 Jeffrey Ports Suite 393,Houston,Texas,United States,48119,CRM
AUS07897,820 Tran Corners,New York,New York,United States,16167,CRM
AUS07898,8904 Mia Burgs Apt. 486,Chicago,Illinois,United States,35844,CRM
AUS07899,88804 Campbell Forks Apt. 762,Houston,Texas,United States,27285,CRM
AUS07900,364 Andrews Grove Apt. 539,Houston,Texas,United States,05081,CRM
AUS07901,5556 Jasmine Valley Apt. 268,New York,New York,United States,48110,CRM
AUS07902,1283 Jessica Overpass Suite 330,New York,New York,United States,57828,CRM
AUS07903,567 Freeman Rest Apt. 045,Chicago,Illinois,United States,76386,CRM
AUS07904,120 Andrew Crest,New York,New York,United States,58804,CRM
AUS07905,78536 Ray Brook Suite 187,Houston,Texas,United States,93673,CRM
AUS07906,09758 Hannah Roads,New York,New York,United States,19321,CRM
AUS07907,8823 Davis Fall Suite 855,Phoenix,Arizona,United States,77856,CRM
AUS07908,7991 Felicia Point,Chicago,Illinois,United States,43511,CRM
AUS07909,13786 Vance Vista,Phoenix,Arizona,United States,23564,CRM
AUS07910,244 Durham Roads Suite 282,Phoenix,Arizona,United States,45020,CRM
AUS07911,018 May Course,Los Angeles,California,United States,02239,CRM
AUS07912,55462 Chad Spurs Suite 506,Chicago,Illinois,United States,71403,CRM
AUS07913,292 Patrick Mews Apt. 894,Chicago,Illinois,United States,80250,CRM
AUS07914,5371 Holly Valley Apt. 501,Phoenix,Arizona,United States,92726,CRM
AUS07915,084 Luis Avenue Suite 106,Houston,Texas,United States,57823,CRM
AUS07916,2873 Beard Hill Suite 580,New York,New York,United States,14738,CRM
AUS07917,0006 Anderson Mall Apt. 561,Chicago,Illinois,United States,06778,CRM
AUS07918,043 Jasmine Isle,New York,New York,United States,17993,CRM
AUS07919,95473 Jacob Cliff,New York,New York,United States,06650,CRM
AUS07920,7479 Hines Key Apt. 489,Chicago,Illinois,United States,29659,CRM
AUS07921,3384 Reynolds Orchard Apt. 917,Phoenix,Arizona,United States,04813,CRM
AUS07922,2259 Nguyen Flats Apt. 045,Houston,Texas,United States,95948,CRM
AUS07923,6083 Jacob Port,Los Angeles,California,United States,22196,CRM
AUS07924,211 Moore Valley Suite 037,Houston,Texas,United States,45623,CRM
AUS07925,79661 Sosa Shoal Apt. 722,New York,New York,United States,03802,CRM
AUS07926,954 Martin Ports,New York,New York,United States,10912,CRM
AUS07927,2531 Alexandra Pines,Los Angeles,California,United States,68510,CRM
AUS07928,3263 Smith Plaza,Houston,Texas,United States,92696,CRM
AUS07929,3611 Terry Pass Suite 107,Houston,Texas,United States,78390,CRM
AUS07930,65232 Vanessa Dale Apt. 892,Houston,Texas,United States,27071,CRM
AUS07931,060 Lisa Lodge,Phoenix,Arizona,United States,46740,CRM
AUS07932,0272 Tim Islands Suite 106,New York,New York,United States,05368,CRM
AUS07933,175 Kerri Pine,Chicago,Illinois,United States,40627,CRM
AUS07934,99837 Snyder Lights,Houston,Texas,United States,65315,CRM
AUS07935,8714 Johnson Gardens Apt. 961,New York,New York,United States,79445,CRM
AUS07936,58184 Jerome Drives Suite 277,Los Angeles,California,United States,88121,CRM
AUS07937,141 Johnson Keys,Phoenix,Arizona,United States,30944,CRM
AUS07938,166 Hawkins Villages,New York,New York,United States,49064,CRM
AUS07939,8318 Reid Shoals Apt. 995,Los Angeles,California,United States,24441,CRM
AUS07940,127 Jared Circle,Los Angeles,California,United States,94418,CRM
AUS07941,637 Evans Common,Los Angeles,California,United States,94339,CRM
AUS07942,9702 Wanda Square Suite 577,Los Angeles,California,United States,38639,CRM
AUS07943,953 Hayden Squares,Chicago,Illinois,United States,89734,CRM
AUS07944,18051 Ashley Rest,Houston,Texas,United States,54662,CRM
AUS07945,35690 Bennett Drive,Houston,Texas,United States,92364,CRM
AUS07946,2362 Kemp Skyway,Los Angeles,California,United States,22289,CRM
AUS07947,884 Fernandez Wall Suite 334,Los Angeles,California,United States,95116,CRM
AUS07948,92864 Antonio Greens,Los Angeles,California,United States,61595,CRM
AUS07949,973 Paul Road Apt. 215,New York,New York,United States,43765,CRM
AUS07950,5897 Smith Glen Apt. 325,Houston,Texas,United States,83322,CRM
AUS07951,16569 Walker Cove,Phoenix,Arizona,United States,75266,CRM
AUS07952,092 Theresa Road Suite 394,Chicago,Illinois,United States,78199,CRM
AUS07953,7740 William Bypass Apt. 185,Houston,Texas,United States,56369,CRM
AUS07954,168 Daniel Mission,Phoenix,Arizona,United States,07995,CRM
AUS07955,1054 Jensen Dam,Los Angeles,California,United States,07863,CRM
AUS07956,8607 Charles Hill,New York,New York,United States,05227,CRM
AUS07957,233 Miller Fords Suite 433,New York,New York,United States,40501,CRM
AUS07958,3250 Williams Ports,New York,New York,United States,01166,CRM
AUS07959,820 John Common,Houston,Texas,United States,36594,CRM
AUS07960,81247 Nunez Groves,Phoenix,Arizona,United States,63104,CRM
AUS07961,62958 Jason Club Suite 992,Chicago,Illinois,United States,65227,CRM
AUS07962,901 Wilson Key,Houston,Texas,United States,53453,CRM
AUS07963,04775 Charlene Row,Phoenix,Arizona,United States,64242,CRM
AUS07964,724 Miller Vista Apt. 018,Houston,Texas,United States,85743,CRM
AUS07965,23399 Matthew Shore,Los Angeles,California,United States,56996,CRM
AUS07966,99054 Johnny Forks Apt. 925,Chicago,Illinois,United States,57323,CRM
AUS07967,61853 Carla Plains Suite 922,Phoenix,Arizona,United States,66065,CRM
AUS07968,8350 Richardson Mountain,Chicago,Illinois,United States,33363,CRM
AUS07969,70686 Roberts Way,Phoenix,Arizona,United States,26051,CRM
AUS07970,1069 Cindy Dale Apt. 545,Phoenix,Arizona,United States,69970,CRM
AUS07971,000 Duncan Brooks Apt. 812,Los Angeles,California,United States,13471,CRM
AUS07972,8280 Tracey Lane Suite 463,Houston,Texas,United States,44891,CRM
AUS07973,61292 Christine Lakes Suite 555,Phoenix,Arizona,United States,39843,CRM
AUS07974,135 Ashley Harbors,Los Angeles,California,United States,15174,CRM
AUS07975,0133 Brandon Port Apt. 641,Phoenix,Arizona,United States,69087,CRM
AUS07976,0949 Berry Village Apt. 003,Houston,Texas,United States,94628,CRM
AUS07977,773 Hooper Road,Chicago,Illinois,United States,41151,CRM
AUS07978,07233 Washington Dam,Los Angeles,California,United States,84300,CRM
AUS07979,5090 Peterson Spur Suite 148,New York,New York,United States,72368,CRM
AUS07980,099 Aguilar Land,Phoenix,Arizona,United States,64442,CRM
AUS07981,86934 Lisa Port Apt. 030,Chicago,Illinois,United States,20943,CRM
AUS07982,3623 Mendoza Heights Suite 560,Houston,Texas,United States,91695,CRM
AUS07983,874 Gabriel Crossing Suite 617,Chicago,Illinois,United States,02161,CRM
AUS07984,5317 Hernandez Harbor,New York,New York,United States,99113,CRM
AUS07985,267 Little Orchard Suite 655,Los Angeles,California,United States,01475,CRM
AUS07986,39864 Jacob Orchard,Chicago,Illinois,United States,53625,CRM
AUS07987,79107 Lin Pike,Chicago,Illinois,United States,32410,CRM
AUS07988,918 Laura Highway,Los Angeles,California,United States,22404,CRM
AUS07989,2362 Garza Summit Suite 147,Houston,Texas,United States,94816,CRM
AUS07990,1766 Miller Parkway,Phoenix,Arizona,United States,96397,CRM
AUS07991,02997 Mathew Center,Phoenix,Arizona,United States,89019,CRM
AUS07992,976 Williams Stream,New York,New York,United States,05099,CRM
AUS07993,4185 Keith Dale,Chicago,Illinois,United States,44240,CRM
AUS07994,63532 Moore Lock Suite 069,Houston,Texas,United States,84991,CRM
AUS07995,7777 Randall Club,Houston,Texas,United States,78572,CRM
AUS07996,1301 Alyssa Locks Apt. 845,Phoenix,Arizona,United States,29976,CRM
AUS07997,54849 Rowe Courts Apt. 205,Los Angeles,California,United States,16293,CRM
AUS07998,5477 Hayes Circle Apt. 715,New York,New York,United States,91363,CRM
AUS07999,5196 Melinda Lakes,Los Angeles,California,United States,94091,CRM
AUS08000,794 Ford Squares,New York,New York,United States,12252,CRM
AUS08001,64352 Dixon Avenue,New York,New York,United States,60669,CRM
AUS08002,79221 Joshua Plains Suite 338,Chicago,Illinois,United States,66460,CRM
AUS08003,3291 Theresa Passage,Los Angeles,California,United States,38834,CRM
AUS08004,293 Bell Isle,New York,New York,United States,46976,CRM
AUS08005,78130 Goodman Walk,Los Angeles,California,United States,85574,CRM
AUS08006,838 Aaron Canyon Suite 109,Los Angeles,California,United States,39012,CRM
AUS08007,211 Figueroa Lodge Apt. 933,Chicago,Illinois,United States,73691,CRM
AUS08008,4967 Saunders Viaduct,Houston,Texas,United States,95879,CRM
AUS08009,01460 Reed Forges,Houston,Texas,United States,98211,CRM
AUS08010,53331 Garcia Spring Apt. 786,Phoenix,Arizona,United States,42775,CRM
AUS08011,383 Franklin Springs,Houston,Texas,United States,28604,CRM
AUS08012,5457 Robert Bypass Apt. 917,Phoenix,Arizona,United States,15261,CRM
AUS08013,1348 Williams Cape Suite 156,Chicago,Illinois,United States,48114,CRM
AUS08014,014 Diaz Motorway Suite 057,Houston,Texas,United States,22525,CRM
AUS08015,277 Megan Walks Apt. 484,Phoenix,Arizona,United States,38891,CRM
AUS08016,34007 Espinoza Station,Phoenix,Arizona,United States,15850,CRM
AUS08017,06654 Danny Mall Suite 117,Chicago,Illinois,United States,52684,CRM
AUS08018,12438 Wilson Stream Suite 464,Phoenix,Arizona,United States,29591,CRM
AUS08019,222 Anderson Brook,Houston,Texas,United States,24126,CRM
AUS08020,71706 Randall Mountain Suite 249,Los Angeles,California,United States,36747,CRM
AUS08021,065 Morales Vista Suite 057,Los Angeles,California,United States,50624,CRM
AUS08022,78564 Mills Walks Suite 508,Houston,Texas,United States,74642,CRM
AUS08023,8840 Robinson Highway,Los Angeles,California,United States,35685,CRM
AUS08024,7887 Barnes Roads,Houston,Texas,United States,14084,CRM
AUS08025,7391 Jacqueline Pike,Phoenix,Arizona,United States,50812,CRM
AUS08026,410 Lane Isle,Los Angeles,California,United States,18810,CRM
AUS08027,974 Traci Points,Houston,Texas,United States,41101,CRM
AUS08028,261 Ashley Corners,New York,New York,United States,14929,CRM
AUS08029,7855 Michael Lights,Phoenix,Arizona,United States,79202,CRM
AUS08030,83104 Arthur Knoll,New York,New York,United States,70457,CRM
AUS08031,018 Jenny Lakes,Houston,Texas,United States,80503,CRM
AUS08032,475 Anthony Locks,New York,New York,United States,54559,CRM
AUS08033,176 Christopher Port,Los Angeles,California,United States,41164,CRM
AUS08034,7903 Barker View,Phoenix,Arizona,United States,51482,CRM
AUS08035,6491 Wright Light,New York,New York,United States,87756,CRM
AUS08036,221 Maria Pike Apt. 554,Houston,Texas,United States,27273,CRM
AUS08037,72987 Mullen Shoals Suite 821,Phoenix,Arizona,United States,65627,CRM
AUS08038,92772 Hensley Mews Suite 273,New York,New York,United States,67384,CRM
AUS08039,003 Young River,Houston,Texas,United States,82322,CRM
AUS08040,3825 Susan Court Apt. 592,Phoenix,Arizona,United States,28712,CRM
AUS08041,5874 Nicholas Ports Apt. 693,Phoenix,Arizona,United States,22244,CRM
AUS08042,64533 Crawford Manors Suite 990,New York,New York,United States,90438,CRM
AUS08043,437 Jones Plains Apt. 568,Houston,Texas,United States,26444,CRM
AUS08044,818 Weber Knolls Apt. 623,New York,New York,United States,36554,CRM
AUS08045,139 Tammy Freeway,Phoenix,Arizona,United States,08905,CRM
AUS08046,818 Fox Freeway,New York,New York,United States,47313,CRM
AUS08047,963 Jenkins Trafficway Suite 140,Houston,Texas,United States,09026,CRM
AUS08048,5484 Drew Grove,Phoenix,Arizona,United States,08320,CRM
AUS08049,747 Lawson Forge Apt. 460,Phoenix,Arizona,United States,90721,CRM
AUS08050,3648 Kelly Harbors,New York,New York,United States,68065,CRM
AUS08051,30377 Goodwin Ranch,Los Angeles,California,United States,97691,CRM
AUS08052,6389 Brian Terrace Apt. 148,Houston,Texas,United States,60025,CRM
AUS08053,8946 Michele Pine Apt. 531,Los Angeles,California,United States,96197,CRM
AUS08054,293 Moreno Ports Suite 555,Houston,Texas,United States,29219,CRM
AUS08055,3310 Rebecca Loop Suite 004,Chicago,Illinois,United States,13618,CRM
AUS08056,29926 Carlson Mount Suite 301,New York,New York,United States,70152,CRM
AUS08057,74923 Thompson Village Apt. 596,Chicago,Illinois,United States,54809,CRM
AUS08058,0875 Adrian Corners,Chicago,Illinois,United States,89467,CRM
AUS08059,111 Jeremy Points Suite 990,New York,New York,United States,45551,CRM
AUS08060,401 Alvarez Mews,New York,New York,United States,13427,CRM
AUS08061,91552 Wright Mission Apt. 255,Phoenix,Arizona,United States,96585,CRM
AUS08062,46037 Parker Villages Apt. 291,Houston,Texas,United States,28018,CRM
AUS08063,19728 Rangel Club Apt. 716,New York,New York,United States,78335,CRM
AUS08064,1059 Gray Locks Suite 398,Houston,Texas,United States,53928,CRM
AUS08065,42056 James Meadows,Phoenix,Arizona,United States,71223,CRM
AUS08066,7527 Beasley Circles,Houston,Texas,United States,65283,CRM
AUS08067,05467 Kristina Field Suite 961,New York,New York,United States,92224,CRM
AUS08068,364 Reyes Burg Suite 387,New York,New York,United States,71534,CRM
AUS08069,00667 Pacheco Ports,Chicago,Illinois,United States,19953,CRM
AUS08070,7004 Pearson Rue,Chicago,Illinois,United States,42419,CRM
AUS08071,0969 Marcus Freeway,Houston,Texas,United States,52858,CRM
AUS08072,4073 Lori Turnpike,New York,New York,United States,05229,CRM
AUS08073,513 Andrew Course,New York,New York,United States,79506,CRM
AUS08074,178 Frost Crossroad Apt. 897,Los Angeles,California,United States,34815,CRM
AUS08075,1976 Hunter Spring,Phoenix,Arizona,United States,23296,CRM
AUS08076,8082 Wendy Valleys,Chicago,Illinois,United States,52945,CRM
AUS08077,664 Amanda Cliffs Suite 329,Phoenix,Arizona,United States,92628,CRM
AUS08078,596 Paul Fall,Houston,Texas,United States,09322,CRM
AUS08079,4925 Mark Light Suite 789,Los Angeles,California,United States,16700,CRM
AUS08080,320 Hardy Viaduct,Houston,Texas,United States,37091,CRM
AUS08081,881 Johnson Underpass,New York,New York,United States,37291,CRM
AUS08082,2523 Simon Lane,Phoenix,Arizona,United States,81085,CRM
AUS08083,0234 Robert Lakes,Phoenix,Arizona,United States,20295,CRM
AUS08084,28484 Michelle Lodge Apt. 736,Los Angeles,California,United States,31992,CRM
AUS08085,071 Kayla Light,Chicago,Illinois,United States,72090,CRM
AUS08086,38856 Kathleen Oval,Houston,Texas,United States,09818,CRM
AUS08087,41679 Valerie Haven Apt. 837,Phoenix,Arizona,United States,89384,CRM
AUS08088,33566 Hunt Lodge,Phoenix,Arizona,United States,18308,CRM
AUS08089,5236 Christian Forest Apt. 218,New York,New York,United States,24692,CRM
AUS08090,659 Smith Place,New York,New York,United States,12871,CRM
AUS08091,04179 Adriana Lodge,Chicago,Illinois,United States,21498,CRM
AUS08092,9548 Arnold Course,Phoenix,Arizona,United States,97920,CRM
AUS08093,96150 Barnett Parks,Phoenix,Arizona,United States,47892,CRM
AUS08094,3744 Griffin Corner Suite 300,Chicago,Illinois,United States,74151,CRM
AUS08095,4872 Jones Green Apt. 357,Phoenix,Arizona,United States,92244,CRM
AUS08096,522 Henry Viaduct Suite 173,Los Angeles,California,United States,50676,CRM
AUS08097,80606 Thomas Isle Suite 826,Houston,Texas,United States,89234,CRM
AUS08098,23955 Harris Forks Suite 350,Chicago,Illinois,United States,07359,CRM
AUS08099,246 Hines Canyon Apt. 895,Houston,Texas,United States,77864,CRM
AUS08100,78819 Daniel Fields Apt. 915,Chicago,Illinois,United States,44122,CRM
AUS08101,7542 Michael Mountains Apt. 559,New York,New York,United States,02012,CRM
AUS08102,1926 Yolanda Island Suite 833,Los Angeles,California,United States,61398,CRM
AUS08103,14101 Rodriguez Roads,Los Angeles,California,United States,62725,CRM
AUS08104,120 Shelley Ranch Suite 449,Los Angeles,California,United States,16008,CRM
AUS08105,9132 Elliott Shoal,Phoenix,Arizona,United States,65323,CRM
AUS08106,54439 Carr Extension Apt. 291,Los Angeles,California,United States,44194,CRM
AUS08107,9655 Amy Summit,Los Angeles,California,United States,73750,CRM
AUS08108,98701 Carrillo Lane Suite 016,New York,New York,United States,82894,CRM
AUS08109,730 Martinez Overpass Apt. 652,Los Angeles,California,United States,23260,CRM
AUS08110,84413 Bethany Spurs,Phoenix,Arizona,United States,73760,CRM
AUS08111,87443 Jim Ridge Suite 719,Phoenix,Arizona,United States,50050,CRM
AUS08112,9916 Gregory Via,Chicago,Illinois,United States,94345,CRM
AUS08113,9146 Justin Bridge Suite 805,Los Angeles,California,United States,06287,CRM
AUS08114,434 Kathy Pine,Chicago,Illinois,United States,36503,CRM
AUS08115,07615 Belinda Springs,Phoenix,Arizona,United States,06373,CRM
AUS08116,80286 Frank Gardens,Phoenix,Arizona,United States,38702,CRM
AUS08117,8340 Alexis Centers Suite 921,Houston,Texas,United States,74264,CRM
AUS08118,96991 Elaine River Suite 654,Houston,Texas,United States,16599,CRM
AUS08119,1329 Michele Drive,Los Angeles,California,United States,61726,CRM
AUS08120,128 Gibbs Expressway Suite 820,Houston,Texas,United States,10648,CRM
AUS08121,59707 Brown Shore Apt. 849,Chicago,Illinois,United States,35471,CRM
AUS08122,5471 Martinez Unions,Phoenix,Arizona,United States,46439,CRM
AUS08123,1277 Justin Pass Suite 918,Phoenix,Arizona,United States,43557,CRM
AUS08124,772 Allen Bypass Suite 195,New York,New York,United States,88773,CRM
AUS08125,1037 Timothy Locks Suite 455,Chicago,Illinois,United States,24790,CRM
AUS08126,55758 Michael Harbors Apt. 006,Phoenix,Arizona,United States,52287,CRM
AUS08127,12065 Hawkins Harbor Suite 809,Los Angeles,California,United States,76382,CRM
AUS08128,11553 Amy Extension,Phoenix,Arizona,United States,90606,CRM
AUS08129,310 Ferrell Locks,New York,New York,United States,88716,CRM
AUS08130,599 Linda Trace,Phoenix,Arizona,United States,60661,CRM
AUS08131,286 Wilson Tunnel Apt. 372,Chicago,Illinois,United States,32997,CRM
AUS08132,17869 Martinez Stravenue,Los Angeles,California,United States,76876,CRM
AUS08133,025 Richard Locks Apt. 139,Chicago,Illinois,United States,07405,CRM
AUS08134,2887 James View Apt. 971,Houston,Texas,United States,51803,CRM
AUS08135,471 Kelley Prairie,Los Angeles,California,United States,52760,CRM
AUS08136,4171 Curry Radial,New York,New York,United States,15210,CRM
AUS08137,5024 Mata Court,Chicago,Illinois,United States,35071,CRM
AUS08138,5501 Munoz Prairie Apt. 363,Houston,Texas,United States,32643,CRM
AUS08139,07063 Sawyer Avenue,Los Angeles,California,United States,43643,CRM
AUS08140,1042 Madison Field,Houston,Texas,United States,04866,CRM
AUS08141,5534 Knight Rapid,Chicago,Illinois,United States,62857,CRM
AUS08142,503 Walter Stravenue Apt. 093,Los Angeles,California,United States,67602,CRM
AUS08143,410 David Corners Suite 931,New York,New York,United States,79328,CRM
AUS08144,37395 King Cape,Houston,Texas,United States,29775,CRM
AUS08145,57054 Sara Mountains Apt. 498,New York,New York,United States,85418,CRM
AUS08146,37106 Logan Via,Los Angeles,California,United States,34319,CRM
AUS08147,65791 Savage Island Apt. 314,Houston,Texas,United States,96796,CRM
AUS08148,8996 Ashley Course Apt. 581,Chicago,Illinois,United States,78433,CRM
AUS08149,53733 Ashley Viaduct Apt. 999,New York,New York,United States,92282,CRM
AUS08150,9646 Maddox Club Suite 894,Chicago,Illinois,United States,68578,CRM
AUS08151,5380 Preston Passage,Chicago,Illinois,United States,96281,CRM
AUS08152,7539 Baker Throughway,Chicago,Illinois,United States,11607,CRM
AUS08153,1241 Laura Circles,Chicago,Illinois,United States,08344,CRM
AUS08154,488 Wallace Mountains,Phoenix,Arizona,United States,57542,CRM
AUS08155,5489 Hogan Passage Suite 820,Houston,Texas,United States,02349,CRM
AUS08156,45634 Latoya Circles,Houston,Texas,United States,53342,CRM
AUS08157,1381 Nicole Burg Apt. 346,Houston,Texas,United States,06089,CRM
AUS08158,182 Gilbert Lock,New York,New York,United States,01621,CRM
AUS08159,364 Blake Port,Phoenix,Arizona,United States,62347,CRM
AUS08160,712 Kennedy Valleys,Chicago,Illinois,United States,80483,CRM
AUS08161,01279 Jessica Groves,Chicago,Illinois,United States,93424,CRM
AUS08162,1457 Fleming Points,Chicago,Illinois,United States,25641,CRM
AUS08163,8241 Cruz Viaduct Suite 960,Houston,Texas,United States,14803,CRM
AUS08164,9692 Ana Vista Suite 420,Phoenix,Arizona,United States,33150,CRM
AUS08165,87721 April Key Apt. 640,Los Angeles,California,United States,63269,CRM
AUS08166,3471 Collins Mountain,Phoenix,Arizona,United States,74259,CRM
AUS08167,45869 Williams Plains Apt. 997,Los Angeles,California,United States,01322,CRM
AUS08168,67028 Gonzalez Summit,Phoenix,Arizona,United States,11057,CRM
AUS08169,298 Sara Loaf Suite 941,Phoenix,Arizona,United States,74435,CRM
AUS08170,195 Anderson Views Suite 511,Chicago,Illinois,United States,46254,CRM
AUS08171,0711 Oscar Mount Suite 596,New York,New York,United States,74916,CRM
AUS08172,9842 Christina Pine,Chicago,Illinois,United States,24838,CRM
AUS08173,041 Gilmore Pass,New York,New York,United States,60196,CRM
AUS08174,6022 Jenkins Via Suite 916,New York,New York,United States,82174,CRM
AUS08175,5957 Margaret Centers Suite 109,Chicago,Illinois,United States,79669,CRM
AUS08176,98852 Jennifer Ville Apt. 807,Los Angeles,California,United States,86933,CRM
AUS08177,8036 Campbell Locks Apt. 485,New York,New York,United States,66348,CRM
AUS08178,750 Ellison Mountains Apt. 293,Phoenix,Arizona,United States,74901,CRM
AUS08179,221 Jeffrey Fall,Houston,Texas,United States,60487,CRM
AUS08180,72248 Brian Station,Phoenix,Arizona,United States,43440,CRM
AUS08181,8922 Salazar Cape Apt. 777,Los Angeles,California,United States,37511,CRM
AUS08182,38314 Rachel Branch Apt. 416,Houston,Texas,United States,90356,CRM
AUS08183,62494 David Keys,Houston,Texas,United States,27419,CRM
AUS08184,986 Sandra Lock,Houston,Texas,United States,56195,CRM
AUS08185,2942 Nicholas Passage Suite 177,Los Angeles,California,United States,02858,CRM
AUS08186,79611 Wilson Expressway Apt. 949,Phoenix,Arizona,United States,22596,CRM
AUS08187,36786 Bray Prairie Apt. 226,Los Angeles,California,United States,12742,CRM
AUS08188,5701 Berger Tunnel,Chicago,Illinois,United States,47569,CRM
AUS08189,25866 Devon Rest Apt. 347,Houston,Texas,United States,16125,CRM
AUS08190,6872 Alan Highway,Houston,Texas,United States,08598,CRM
AUS08191,8811 Flores Oval,Chicago,Illinois,United States,01468,CRM
AUS08192,714 Sara Field,Los Angeles,California,United States,55676,CRM
AUS08193,04550 Karen Extensions,Houston,Texas,United States,98104,CRM
AUS08194,05191 Lin Pike Suite 053,Chicago,Illinois,United States,91304,CRM
AUS08195,098 Christopher Forge Suite 943,Chicago,Illinois,United States,45863,CRM
AUS08196,805 Dixon Path,Phoenix,Arizona,United States,33033,CRM
AUS08197,551 Jodi Bridge,Phoenix,Arizona,United States,50288,CRM
AUS08198,7156 Huff Fort Suite 784,New York,New York,United States,39552,CRM
AUS08199,4311 Douglas Oval,Chicago,Illinois,United States,09781,CRM
AUS08200,5440 Bonilla Junction Suite 550,Houston,Texas,United States,04012,CRM
AUS08201,105 Clark Springs,Chicago,Illinois,United States,52194,CRM
AUS08202,252 Jorge Expressway Apt. 635,Houston,Texas,United States,45676,CRM
AUS08203,825 Taylor Junctions Suite 036,Los Angeles,California,United States,75197,CRM
AUS08204,1847 Duncan Route,Houston,Texas,United States,05401,CRM
AUS08205,7621 Jackson Springs Apt. 171,Phoenix,Arizona,United States,82208,CRM
AUS08206,0206 Patricia Harbors,Phoenix,Arizona,United States,67317,CRM
AUS08207,890 Glen Divide Suite 650,Houston,Texas,United States,35926,CRM
AUS08208,55752 Myers Flat,Houston,Texas,United States,15534,CRM
AUS08209,7285 Bradley Lodge,Chicago,Illinois,United States,72392,CRM
AUS08210,9436 Mckee Fort Suite 377,Los Angeles,California,United States,04090,CRM
AUS08211,774 Jonathan Junction Suite 787,Houston,Texas,United States,34506,CRM
AUS08212,114 King Islands Suite 054,Phoenix,Arizona,United States,20100,CRM
AUS08213,37485 Dustin Forks Suite 012,Phoenix,Arizona,United States,68874,CRM
AUS08214,502 Erin Squares Suite 117,Phoenix,Arizona,United States,19940,CRM
AUS08215,6541 Anthony Lake,Phoenix,Arizona,United States,29272,CRM
AUS08216,4863 Denise Bypass,Phoenix,Arizona,United States,68310,CRM
AUS08217,125 Jessica Stravenue,Los Angeles,California,United States,46819,CRM
AUS08218,94734 Mckenzie Track Apt. 291,Chicago,Illinois,United States,54464,CRM
AUS08219,747 Kelly Crest Apt. 370,New York,New York,United States,50715,CRM
AUS08220,22161 Green Skyway,Houston,Texas,United States,23964,CRM
AUS08221,660 John Center Suite 081,Los Angeles,California,United States,13812,CRM
AUS08222,5383 Mario Lakes Suite 513,New York,New York,United States,77202,CRM
AUS08223,24526 Patrick Common Suite 568,Los Angeles,California,United States,95058,CRM
AUS08224,577 Tucker Port,Phoenix,Arizona,United States,02390,CRM
AUS08225,974 Gallegos Ferry,Chicago,Illinois,United States,32584,CRM
AUS08226,72094 Maxwell Fork,Los Angeles,California,United States,45130,CRM
AUS08227,7588 Benjamin Highway,Houston,Texas,United States,78018,CRM
AUS08228,649 Conner Land Suite 793,New York,New York,United States,62780,CRM
AUS08229,56035 Mcknight Plains Suite 521,Chicago,Illinois,United States,15328,CRM
AUS08230,89547 Larry Brooks Apt. 735,New York,New York,United States,14744,CRM
AUS08231,26688 Jennifer Villages Suite 578,Los Angeles,California,United States,82216,CRM
AUS08232,942 Cox Underpass,Chicago,Illinois,United States,07427,CRM
AUS08233,474 Mark Terrace Suite 404,Los Angeles,California,United States,27325,CRM
AUS08234,572 Jensen Knoll Suite 433,Chicago,Illinois,United States,97555,CRM
AUS08235,137 Yang Mountain Suite 710,Chicago,Illinois,United States,09141,CRM
AUS08236,9747 Dunn Roads,Chicago,Illinois,United States,91900,CRM
AUS08237,08479 Everett Village Apt. 193,Houston,Texas,United States,31341,CRM
AUS08238,30992 Berg Junctions Suite 105,Los Angeles,California,United States,52557,CRM
AUS08239,48964 Blake Landing,New York,New York,United States,86695,CRM
AUS08240,3660 Gabriela Flats Apt. 804,New York,New York,United States,52114,CRM
AUS08241,302 Weiss Estates,Los Angeles,California,United States,11960,CRM
AUS08242,38904 Samuel Ways,Houston,Texas,United States,70173,CRM
AUS08243,263 Bruce Plain,Los Angeles,California,United States,61160,CRM
AUS08244,87900 Keller Parkways,Phoenix,Arizona,United States,49705,CRM
AUS08245,5951 Karen Rest,Houston,Texas,United States,11576,CRM
AUS08246,683 Cantrell Drive Apt. 084,Phoenix,Arizona,United States,55913,CRM
AUS08247,92626 Steven Village,Los Angeles,California,United States,25172,CRM
AUS08248,0204 Coleman Crossroad Apt. 142,Chicago,Illinois,United States,02710,CRM
AUS08249,020 Pham Via Apt. 975,New York,New York,United States,22864,CRM
AUS08250,445 Brown View,Chicago,Illinois,United States,29504,CRM
AUS08251,457 Caroline Hills,Phoenix,Arizona,United States,29829,CRM
AUS08252,171 Bradshaw Lane Apt. 406,New York,New York,United States,47469,CRM
AUS08253,983 Maynard Lane Apt. 981,Los Angeles,California,United States,24761,CRM
AUS08254,3579 Benjamin Drive Suite 324,Phoenix,Arizona,United States,16808,CRM
AUS08255,364 Victoria Fords,Chicago,Illinois,United States,56399,CRM
AUS08256,1545 Robert Pike,New York,New York,United States,14183,CRM
AUS08257,142 Horton Ridges Apt. 740,Houston,Texas,United States,05901,CRM
AUS08258,4489 Margaret Trail,New York,New York,United States,75947,CRM
AUS08259,44933 Rita Creek,Los Angeles,California,United States,00748,CRM
AUS08260,49714 Roberts Squares Suite 571,Houston,Texas,United States,33441,CRM
AUS08261,0586 Allen Port,Phoenix,Arizona,United States,23478,CRM
AUS08262,78260 Amy Common Apt. 318,New York,New York,United States,60699,CRM
AUS08263,55440 Kathryn Mountains Apt. 041,Los Angeles,California,United States,84241,CRM
AUS08264,5945 Jennifer Rest Suite 242,Los Angeles,California,United States,60980,CRM
AUS08265,16652 Michelle Meadows,Los Angeles,California,United States,49313,CRM
AUS08266,3227 Jason View,New York,New York,United States,56470,CRM
AUS08267,619 Michael Shores Apt. 544,New York,New York,United States,38428,CRM
AUS08268,535 Diana Prairie,New York,New York,United States,74447,CRM
AUS08269,801 Phillips Freeway Apt. 391,Chicago,Illinois,United States,69219,CRM
AUS08270,172 Sullivan Inlet,Phoenix,Arizona,United States,26579,CRM
AUS08271,9224 Melissa Oval Suite 261,New York,New York,United States,07513,CRM
AUS08272,54342 Megan Locks Suite 246,Los Angeles,California,United States,54267,CRM
AUS08273,3006 Paul Camp Suite 293,Phoenix,Arizona,United States,29214,CRM
AUS08274,9515 Holmes Bridge Suite 143,Los Angeles,California,United States,65247,CRM
AUS08275,4557 Brent Cape Apt. 774,Los Angeles,California,United States,83768,CRM
AUS08276,81018 Peggy Knoll Suite 966,New York,New York,United States,57264,CRM
AUS08277,0381 Chelsea Circle Suite 993,Chicago,Illinois,United States,91589,CRM
AUS08278,50844 Barnes Orchard Apt. 291,Los Angeles,California,United States,33659,CRM
AUS08279,62403 Mary Drive Suite 841,New York,New York,United States,79625,CRM
AUS08280,9878 Adam Crossing,Chicago,Illinois,United States,52968,CRM
AUS08281,156 Christina Courts Suite 817,Phoenix,Arizona,United States,43234,CRM
AUS08282,4783 Jason Rapid,Houston,Texas,United States,63000,CRM
AUS08283,2308 Mills Neck Suite 611,Houston,Texas,United States,97710,CRM
AUS08284,71730 Knight Station Suite 012,Los Angeles,California,United States,40458,CRM
AUS08285,4623 Ramirez Wall,Chicago,Illinois,United States,84635,CRM
AUS08286,126 Eric Court,Phoenix,Arizona,United States,17561,CRM
AUS08287,21130 Li Street Suite 355,Chicago,Illinois,United States,80552,CRM
AUS08288,028 Victoria Parks Apt. 361,Phoenix,Arizona,United States,61510,CRM
AUS08289,650 Chad Lodge,Phoenix,Arizona,United States,75953,CRM
AUS08290,627 Gibbs Prairie Suite 867,New York,New York,United States,69286,CRM
AUS08291,74393 Sonya Cape Apt. 856,Houston,Texas,United States,20950,CRM
AUS08292,8609 Gina Summit,Houston,Texas,United States,37066,CRM
AUS08293,71236 Kara Passage Suite 038,Chicago,Illinois,United States,49240,CRM
AUS08294,8146 Joel Spring Apt. 888,Phoenix,Arizona,United States,22390,CRM
AUS08295,345 Palmer Spurs Apt. 215,Los Angeles,California,United States,32820,CRM
AUS08296,39438 Daniel Points Suite 494,New York,New York,United States,03495,CRM
AUS08297,62824 Norma Knoll Apt. 554,Chicago,Illinois,United States,74871,CRM
AUS08298,5374 John Pines Apt. 868,Houston,Texas,United States,56953,CRM
AUS08299,39791 Kristina Knolls,Phoenix,Arizona,United States,06142,CRM
AUS08300,24925 Jones Path Suite 267,Phoenix,Arizona,United States,06599,CRM
AUS08301,41968 Brent Prairie,Phoenix,Arizona,United States,69530,CRM
AUS08302,1735 Williams Summit Suite 529,Chicago,Illinois,United States,46929,CRM
AUS08303,5760 Thomas Vista Suite 663,Houston,Texas,United States,24587,CRM
AUS08304,8640 Paula Road Apt. 614,Phoenix,Arizona,United States,38463,CRM
AUS08305,090 Linda Ferry Suite 932,Chicago,Illinois,United States,68419,CRM
AUS08306,676 Thomas Forest Apt. 695,Chicago,Illinois,United States,34842,CRM
AUS08307,047 Gonzalez Mall,New York,New York,United States,66469,CRM
AUS08308,66480 Nicole Junctions,Los Angeles,California,United States,80834,CRM
AUS08309,15879 Avery Inlet Suite 626,Phoenix,Arizona,United States,54562,CRM
AUS08310,074 Martinez Camp,Phoenix,Arizona,United States,81047,CRM
AUS08311,59366 Donna Cape,Phoenix,Arizona,United States,30183,CRM
AUS08312,555 Kristen Ferry,Houston,Texas,United States,94523,CRM
AUS08313,9603 Tyler Plains,Houston,Texas,United States,80729,CRM
AUS08314,59528 Hawkins Flat,Chicago,Illinois,United States,82058,CRM
AUS08315,93748 Daniel Junctions Suite 788,Chicago,Illinois,United States,02006,CRM
AUS08316,069 Sandra Pine,New York,New York,United States,29140,CRM
AUS08317,29557 Kevin Squares Suite 300,Chicago,Illinois,United States,16342,CRM
AUS08318,373 Alicia Branch,Chicago,Illinois,United States,87844,CRM
AUS08319,4021 Zachary Garden,Phoenix,Arizona,United States,10102,CRM
AUS08320,603 Lee Mews Apt. 033,Phoenix,Arizona,United States,89167,CRM
AUS08321,74369 Mccormick Crossing Suite 961,Los Angeles,California,United States,34725,CRM
AUS08322,2362 Davenport Grove,New York,New York,United States,38344,CRM
AUS08323,0790 Wendy Falls,Chicago,Illinois,United States,06129,CRM
AUS08324,709 Cooper Meadow Apt. 483,Los Angeles,California,United States,36790,CRM
AUS08325,090 Zachary Underpass Suite 677,New York,New York,United States,71502,CRM
AUS08326,727 Reese Fork Apt. 400,New York,New York,United States,71567,CRM
AUS08327,816 Timothy Forest Suite 580,Phoenix,Arizona,United States,96458,CRM
AUS08328,5317 Steven Trail,Phoenix,Arizona,United States,32922,CRM
AUS08329,15282 Castro Centers,New York,New York,United States,56242,CRM
AUS08330,00332 Alyssa Manors,Chicago,Illinois,United States,93936,CRM
AUS08331,362 Lucas Village Apt. 146,Chicago,Illinois,United States,58951,CRM
AUS08332,13427 Chapman Forges,Phoenix,Arizona,United States,77620,CRM
AUS08333,352 Chan Brooks,Los Angeles,California,United States,85192,CRM
AUS08334,691 Copeland Trafficway,Phoenix,Arizona,United States,57415,CRM
AUS08335,37009 Lane Court,Houston,Texas,United States,50373,CRM
AUS08336,79352 Arellano Common,New York,New York,United States,11042,CRM
AUS08337,433 Martin Gateway Apt. 639,Phoenix,Arizona,United States,07915,CRM
AUS08338,992 Wells Village Suite 584,Phoenix,Arizona,United States,12037,CRM
AUS08339,6218 Amy Island,Los Angeles,California,United States,24088,CRM
AUS08340,57214 Molly Junctions,New York,New York,United States,32572,CRM
AUS08341,5480 Webb Pines,Los Angeles,California,United States,25909,CRM
AUS08342,166 Russell Mission,Phoenix,Arizona,United States,02277,CRM
AUS08343,32969 Ayers Mountains Apt. 413,Houston,Texas,United States,46427,CRM
AUS08344,8259 Rice Streets,Los Angeles,California,United States,73316,CRM
AUS08345,453 Bryant Orchard,Houston,Texas,United States,24367,CRM
AUS08346,985 Deleon Lock Suite 683,Phoenix,Arizona,United States,05203,CRM
AUS08347,52665 Dawn Turnpike,New York,New York,United States,33786,CRM
AUS08348,614 Bailey Mission Apt. 484,New York,New York,United States,63231,CRM
AUS08349,79881 Johnson Creek,New York,New York,United States,75690,CRM
AUS08350,15682 Kimberly Forks Apt. 400,Phoenix,Arizona,United States,61396,CRM
AUS08351,3525 Stephanie Center Apt. 226,Phoenix,Arizona,United States,46367,CRM
AUS08352,701 Vanessa Vista,Los Angeles,California,United States,78065,CRM
AUS08353,0935 Hubbard Meadow,Houston,Texas,United States,30963,CRM
AUS08354,352 Jason Drives Apt. 213,Phoenix,Arizona,United States,13599,CRM
AUS08355,00678 Best Mews,Chicago,Illinois,United States,12096,CRM
AUS08356,235 Michelle Field,Chicago,Illinois,United States,85177,CRM
AUS08357,2258 Shea Mall,Chicago,Illinois,United States,72547,CRM
AUS08358,89807 Crosby Summit,New York,New York,United States,27434,CRM
AUS08359,603 Lisa Corner,Houston,Texas,United States,63247,CRM
AUS08360,27923 William Prairie,Los Angeles,California,United States,31190,CRM
AUS08361,3838 Garcia Island,Phoenix,Arizona,United States,42443,CRM
AUS08362,829 Garcia Pass,New York,New York,United States,25054,CRM
AUS08363,5985 Berg Circle Suite 088,New York,New York,United States,67505,CRM
AUS08364,19053 Ortiz Field,Chicago,Illinois,United States,62780,CRM
AUS08365,8896 Rodriguez Meadow,Los Angeles,California,United States,70234,CRM
AUS08366,15726 Cherry Stream Suite 993,Phoenix,Arizona,United States,49599,CRM
AUS08367,0403 Nina Shoal,Phoenix,Arizona,United States,01626,CRM
AUS08368,7347 Justin Knolls Apt. 155,Houston,Texas,United States,73541,CRM
AUS08369,300 Kimberly Via Suite 882,Houston,Texas,United States,25399,CRM
AUS08370,4785 Miller Mall Apt. 307,Los Angeles,California,United States,51155,CRM
AUS08371,88786 Bryan Meadow Apt. 853,Phoenix,Arizona,United States,81504,CRM
AUS08372,391 Valerie Park,Chicago,Illinois,United States,69199,CRM
AUS08373,8729 Scott Court,New York,New York,United States,00588,CRM
AUS08374,69268 Christopher Park,Chicago,Illinois,United States,80959,CRM
AUS08375,599 Thomas Club Apt. 876,Phoenix,Arizona,United States,47372,CRM
AUS08376,198 Finley Freeway Suite 453,Phoenix,Arizona,United States,74673,CRM
AUS08377,8642 Mcgee Manors Apt. 511,New York,New York,United States,42024,CRM
AUS08378,64363 Kyle Point,Chicago,Illinois,United States,95888,CRM
AUS08379,88189 Smith Loaf,Phoenix,Arizona,United States,07664,CRM
AUS08380,0697 Kara Oval,Houston,Texas,United States,94956,CRM
AUS08381,67750 John Gateway,New York,New York,United States,17499,CRM
AUS08382,416 Jacob Villages,Houston,Texas,United States,68330,CRM
AUS08383,846 Johnson Shoals,New York,New York,United States,45691,CRM
AUS08384,0860 Juarez Island Suite 626,Los Angeles,California,United States,07212,CRM
AUS08385,17657 Elizabeth Villages,Chicago,Illinois,United States,51663,CRM
AUS08386,26067 James Gardens Suite 085,Chicago,Illinois,United States,97931,CRM
AUS08387,915 Curtis Manor Suite 940,Phoenix,Arizona,United States,28297,CRM
AUS08388,4487 Jones Islands,Phoenix,Arizona,United States,78120,CRM
AUS08389,04858 Miller Forge,Houston,Texas,United States,63446,CRM
AUS08390,1428 Stewart Mission Suite 695,Chicago,Illinois,United States,95625,CRM
AUS08391,3511 Erika Road Apt. 002,Los Angeles,California,United States,45743,CRM
AUS08392,6426 Yvette Skyway,New York,New York,United States,58970,CRM
AUS08393,973 Ashley Fork Apt. 240,Phoenix,Arizona,United States,03327,CRM
AUS08394,8208 Shelly Cape Suite 831,Chicago,Illinois,United States,35392,CRM
AUS08395,53573 Hughes Pine,Phoenix,Arizona,United States,28213,CRM
AUS08396,65024 Tiffany Fords Suite 417,Chicago,Illinois,United States,47417,CRM
AUS08397,936 Lambert Wells Suite 975,Phoenix,Arizona,United States,56869,CRM
AUS08398,863 Deborah Well Suite 301,Chicago,Illinois,United States,72209,CRM
AUS08399,34292 Brent Dale Apt. 136,Houston,Texas,United States,22098,CRM
AUS08400,894 Webster Mall Suite 772,Phoenix,Arizona,United States,14440,CRM
AUS08401,6040 Stacy Haven Apt. 009,Houston,Texas,United States,61211,CRM
AUS08402,5673 Wagner Village,Los Angeles,California,United States,27942,CRM
AUS08403,255 Yang Field,New York,New York,United States,25756,CRM
AUS08404,268 Donald Fork Suite 997,Chicago,Illinois,United States,98546,CRM
AUS08405,06180 Davis Grove Suite 738,Los Angeles,California,United States,71776,CRM
AUS08406,22027 Gross Harbors,Los Angeles,California,United States,70434,CRM
AUS08407,30174 Colon Canyon Suite 646,Chicago,Illinois,United States,22085,CRM
AUS08408,9087 Rivera Mountain,Chicago,Illinois,United States,85962,CRM
AUS08409,829 Christopher Garden Apt. 960,Houston,Texas,United States,96022,CRM
AUS08410,485 Harrell Manor,Los Angeles,California,United States,39214,CRM
AUS08411,6115 Clark Glen Apt. 002,Houston,Texas,United States,54485,CRM
AUS08412,46578 Cook Common Suite 449,Phoenix,Arizona,United States,72042,CRM
AUS08413,5450 Jonathan Plaza Apt. 384,Chicago,Illinois,United States,63025,CRM
AUS08414,097 Terri Trail,Phoenix,Arizona,United States,48100,CRM
AUS08415,0875 Paula Alley,Chicago,Illinois,United States,55371,CRM
AUS08416,570 Lambert Hill,Los Angeles,California,United States,90233,CRM
AUS08417,80703 Tammy Court Apt. 782,Houston,Texas,United States,32638,CRM
AUS08418,754 Bradford Hill Apt. 631,Chicago,Illinois,United States,53606,CRM
AUS08419,8697 Bowers Rest,Houston,Texas,United States,98638,CRM
AUS08420,6180 Walters Trace,New York,New York,United States,38257,CRM
AUS08421,87907 Melton Lock Apt. 333,Phoenix,Arizona,United States,62999,CRM
AUS08422,4942 Jessica Viaduct,Los Angeles,California,United States,61924,CRM
AUS08423,181 Peterson Courts,Houston,Texas,United States,06972,CRM
AUS08424,6294 Stein Alley Suite 705,Phoenix,Arizona,United States,42438,CRM
AUS08425,112 Victor Inlet,Los Angeles,California,United States,51943,CRM
AUS08426,1911 Steven Lake Suite 772,Houston,Texas,United States,74898,CRM
AUS08427,900 Williams Freeway Apt. 243,New York,New York,United States,47784,CRM
AUS08428,838 Tyler Lakes,New York,New York,United States,30642,CRM
AUS08429,2953 Payne Bridge Suite 816,Los Angeles,California,United States,35846,CRM
AUS08430,970 Pratt Lane,New York,New York,United States,63901,CRM
AUS08431,07132 Hansen Lodge,New York,New York,United States,32597,CRM
AUS08432,77685 Simmons Courts,Chicago,Illinois,United States,98804,CRM
AUS08433,46270 Alexa Prairie Suite 229,Los Angeles,California,United States,98207,CRM
AUS08434,85812 James Village Apt. 711,Los Angeles,California,United States,80155,CRM
AUS08435,10732 Ramirez Corner,Chicago,Illinois,United States,64708,CRM
AUS08436,4190 Santiago Village Apt. 505,Phoenix,Arizona,United States,59541,CRM
AUS08437,838 Krista Rapid,New York,New York,United States,79892,CRM
AUS08438,28814 Kelly Locks,Los Angeles,California,United States,33716,CRM
AUS08439,011 Kerri Village Suite 925,Los Angeles,California,United States,80878,CRM
AUS08440,3328 Lara Lodge Apt. 014,Chicago,Illinois,United States,28879,CRM
AUS08441,151 Elizabeth Trace,Los Angeles,California,United States,14092,CRM
AUS08442,3615 Gloria Lakes Suite 653,Houston,Texas,United States,79581,CRM
AUS08443,7988 Meyer Glens,Chicago,Illinois,United States,30601,CRM
AUS08444,5732 Angie Plaza Apt. 690,Chicago,Illinois,United States,15353,CRM
AUS08445,9242 Cohen Place,New York,New York,United States,56117,CRM
AUS08446,3177 Barnes Alley,Chicago,Illinois,United States,92063,CRM
AUS08447,4751 Kayla Inlet Apt. 295,New York,New York,United States,70384,CRM
AUS08448,91184 Henderson Field,Chicago,Illinois,United States,31435,CRM
AUS08449,6341 Reese Parkways,New York,New York,United States,74541,CRM
AUS08450,4880 Matthew Stravenue,New York,New York,United States,56500,CRM
AUS08451,016 Adam Brook,Los Angeles,California,United States,88076,CRM
AUS08452,887 Heather Spring Apt. 323,New York,New York,United States,98534,CRM
AUS08453,90634 Carolyn Hills Apt. 570,Houston,Texas,United States,95801,CRM
AUS08454,63848 Orr Greens Suite 565,Los Angeles,California,United States,70914,CRM
AUS08455,29812 Le Ridges Suite 900,New York,New York,United States,70279,CRM
AUS08456,4506 Miller Inlet,Los Angeles,California,United States,95533,CRM
AUS08457,24661 Gordon Throughway,Phoenix,Arizona,United States,01883,CRM
AUS08458,3752 Kevin Wall,Phoenix,Arizona,United States,36314,CRM
AUS08459,172 Alexander Summit Apt. 583,Houston,Texas,United States,18609,CRM
AUS08460,08887 Rogers Throughway,Phoenix,Arizona,United States,22887,CRM
AUS08461,68878 Robinson Fields,New York,New York,United States,97860,CRM
AUS08462,5445 Webb Plains Apt. 846,Houston,Texas,United States,35552,CRM
AUS08463,154 Susan Drive Apt. 545,Los Angeles,California,United States,63047,CRM
AUS08464,7893 Wheeler Loop Suite 519,New York,New York,United States,76974,CRM
AUS08465,3778 Larsen Plains,Los Angeles,California,United States,29236,CRM
AUS08466,59667 Juan Inlet Suite 008,Houston,Texas,United States,70950,CRM
AUS08467,063 Regina Islands,Chicago,Illinois,United States,62265,CRM
AUS08468,475 Johnson Stravenue,New York,New York,United States,94401,CRM
AUS08469,782 Blankenship Square Apt. 499,Phoenix,Arizona,United States,15291,CRM
AUS08470,1351 Chang Village,Phoenix,Arizona,United States,15280,CRM
AUS08471,7716 Noah Brooks Apt. 429,Chicago,Illinois,United States,87163,CRM
AUS08472,618 Philip Squares Apt. 432,Los Angeles,California,United States,15869,CRM
AUS08473,45827 Evelyn Club Suite 217,Houston,Texas,United States,16098,CRM
AUS08474,3583 Stephen Land Apt. 353,Houston,Texas,United States,74504,CRM
AUS08475,34708 Don Ferry Suite 844,Los Angeles,California,United States,08462,CRM
AUS08476,724 Gibbs Road,Chicago,Illinois,United States,47517,CRM
AUS08477,351 Jones Hills Apt. 517,New York,New York,United States,69016,CRM
AUS08478,270 James Light Suite 743,Los Angeles,California,United States,01217,CRM
AUS08479,578 Lee Cove,Phoenix,Arizona,United States,82243,CRM
AUS08480,6234 Sarah Street Suite 830,New York,New York,United States,91261,CRM
AUS08481,03566 Steven Circle Apt. 603,Chicago,Illinois,United States,61478,CRM
AUS08482,8975 Mark Islands Apt. 396,Los Angeles,California,United States,59362,CRM
AUS08483,00410 Jenkins Mountain Apt. 564,Houston,Texas,United States,39781,CRM
AUS08484,46529 Shawn Loaf Suite 025,New York,New York,United States,18890,CRM
AUS08485,11261 Joshua Point,Phoenix,Arizona,United States,89028,CRM
AUS08486,6691 Colton Stream Apt. 518,Los Angeles,California,United States,83209,CRM
AUS08487,8008 Victoria Route,Los Angeles,California,United States,94195,CRM
AUS08488,287 Weaver Forge,Phoenix,Arizona,United States,07720,CRM
AUS08489,6009 Kyle Stream Suite 705,Phoenix,Arizona,United States,14641,CRM
AUS08490,376 Brown Corners Apt. 792,Phoenix,Arizona,United States,61549,CRM
AUS08491,5622 Williams Lock Suite 802,Chicago,Illinois,United States,64984,CRM
AUS08492,448 Renee Court Apt. 060,Chicago,Illinois,United States,57694,CRM
AUS08493,44761 Joshua Ramp,Chicago,Illinois,United States,68086,CRM
AUS08494,379 Anderson Well,Los Angeles,California,United States,05063,CRM
AUS08495,4505 Davis Well Suite 790,Los Angeles,California,United States,30413,CRM
AUS08496,46431 Michelle Lake,New York,New York,United States,51306,CRM
AUS08497,50872 Hernandez Square Apt. 586,New York,New York,United States,45044,CRM
AUS08498,016 Pugh Port,Phoenix,Arizona,United States,63507,CRM
AUS08499,519 Richard Ferry,New York,New York,United States,14796,CRM
AUS08500,2970 Ruiz Drive,Houston,Texas,United States,18026,CRM
AUS08501,7400 Hill Course Suite 869,Houston,Texas,United States,43157,CRM
AUS08502,17473 Patricia Harbors,Los Angeles,California,United States,36726,CRM
AUS08503,7535 Clark Row Suite 462,New York,New York,United States,97221,CRM
AUS08504,4271 White Rue Apt. 640,Chicago,Illinois,United States,29215,CRM
AUS08505,383 Greene Highway,Chicago,Illinois,United States,31683,CRM
AUS08506,028 Morse Vista,Los Angeles,California,United States,53988,CRM
AUS08507,118 Greene Trafficway Suite 124,Phoenix,Arizona,United States,05070,CRM
AUS08508,8623 Denise Mountains Suite 266,Houston,Texas,United States,21513,CRM
AUS08509,88145 Thomas Vista Apt. 595,Houston,Texas,United States,68908,CRM
AUS08510,643 Eric Parkway,Houston,Texas,United States,28401,CRM
AUS08511,5591 Glover Unions Suite 374,Houston,Texas,United States,99472,CRM
AUS08512,3417 Billy Way Suite 781,Los Angeles,California,United States,34707,CRM
AUS08513,313 Le Glens,New York,New York,United States,73285,CRM
AUS08514,866 Amanda Canyon Suite 836,Phoenix,Arizona,United States,70700,CRM
AUS08515,5897 Simmons Drive Suite 273,Los Angeles,California,United States,41250,CRM
AUS08516,6920 Timothy Estate,Chicago,Illinois,United States,99814,CRM
AUS08517,3195 Hill Cape Apt. 171,Phoenix,Arizona,United States,29993,CRM
AUS08518,05896 Zachary Way,Phoenix,Arizona,United States,41575,CRM
AUS08519,7721 Martha Mountains,Houston,Texas,United States,54137,CRM
AUS08520,1905 Kurt Garden,Chicago,Illinois,United States,70791,CRM
AUS08521,286 Miranda Flat,New York,New York,United States,09966,CRM
AUS08522,22186 Powell Lights Suite 930,Houston,Texas,United States,30017,CRM
AUS08523,78294 Joseph Mall,Los Angeles,California,United States,62649,CRM
AUS08524,30389 Smith Burg Suite 925,Los Angeles,California,United States,15330,CRM
AUS08525,38852 Luke Shoal,Phoenix,Arizona,United States,02999,CRM
AUS08526,1911 Hill Landing,Chicago,Illinois,United States,46911,CRM
AUS08527,457 Hunter Lodge Suite 318,Houston,Texas,United States,10919,CRM
AUS08528,7311 Jessica Island,Chicago,Illinois,United States,32592,CRM
AUS08529,604 Thomas Tunnel,Los Angeles,California,United States,77370,CRM
AUS08530,88611 Huff Curve Apt. 722,Chicago,Illinois,United States,91638,CRM
AUS08531,709 Cheryl Station,Phoenix,Arizona,United States,53351,CRM
AUS08532,745 Stafford Branch Suite 451,Los Angeles,California,United States,89151,CRM
AUS08533,3549 Robert Fork,Houston,Texas,United States,93846,CRM
AUS08534,5971 Kelly Lodge,Chicago,Illinois,United States,59564,CRM
AUS08535,3064 Debbie Highway,Chicago,Illinois,United States,71622,CRM
AUS08536,6154 Bridges Oval,New York,New York,United States,83236,CRM
AUS08537,2916 Stephanie Stream Suite 753,New York,New York,United States,78907,CRM
AUS08538,91110 William Cliff Apt. 225,New York,New York,United States,32147,CRM
AUS08539,508 Russell Station Apt. 081,Chicago,Illinois,United States,83052,CRM
AUS08540,00410 Turner Haven Suite 400,New York,New York,United States,39101,CRM
AUS08541,9984 Green Field Apt. 698,Chicago,Illinois,United States,12374,CRM
AUS08542,93310 Alan Locks,Chicago,Illinois,United States,92022,CRM
AUS08543,9248 Tracy Trail,Phoenix,Arizona,United States,22266,CRM
AUS08544,67823 White Knoll Apt. 574,Chicago,Illinois,United States,33840,CRM
AUS08545,251 Ross Park Apt. 645,Los Angeles,California,United States,09215,CRM
AUS08546,44457 Kristin Knoll,Los Angeles,California,United States,79026,CRM
AUS08547,903 Cline Springs,New York,New York,United States,11651,CRM
AUS08548,536 Gonzalez Stravenue Apt. 730,New York,New York,United States,93929,CRM
AUS08549,56335 Ramirez Spring Apt. 539,Houston,Texas,United States,10324,CRM
AUS08550,9041 Stevenson Vista,Los Angeles,California,United States,02678,CRM
AUS08551,29573 Christy Mountain Apt. 687,Chicago,Illinois,United States,72539,CRM
AUS08552,4472 Jennifer Hollow Suite 083,Chicago,Illinois,United States,49677,CRM
AUS08553,940 Brown Mews,Los Angeles,California,United States,22231,CRM
AUS08554,7521 Carlos Trail,Houston,Texas,United States,85947,CRM
AUS08555,8504 Mason Mountain Apt. 527,Chicago,Illinois,United States,30909,CRM
AUS08556,733 Elliott Isle Apt. 069,Los Angeles,California,United States,74099,CRM
AUS08557,1692 Matthew Tunnel Suite 850,Phoenix,Arizona,United States,91263,CRM
AUS08558,9428 Samantha Pines,Houston,Texas,United States,46601,CRM
AUS08559,91839 Decker Valleys Suite 484,Phoenix,Arizona,United States,26812,CRM
AUS08560,7842 Huffman Shoals,Los Angeles,California,United States,94570,CRM
AUS08561,731 Li Rapid Apt. 442,Chicago,Illinois,United States,81389,CRM
AUS08562,87567 Anderson Causeway,Los Angeles,California,United States,23686,CRM
AUS08563,678 Craig Dale Suite 671,Chicago,Illinois,United States,05213,CRM
AUS08564,5644 Black Pines Suite 334,Chicago,Illinois,United States,94633,CRM
AUS08565,098 Silva Way,Phoenix,Arizona,United States,50811,CRM
AUS08566,71989 Matthew Haven Suite 673,Chicago,Illinois,United States,99404,CRM
AUS08567,4651 Bradley River Suite 674,Chicago,Illinois,United States,48085,CRM
AUS08568,678 Shaw Haven Apt. 198,Chicago,Illinois,United States,94861,CRM
AUS08569,609 Christine Mews,Los Angeles,California,United States,80881,CRM
AUS08570,23202 Christopher Junctions,Houston,Texas,United States,45513,CRM
AUS08571,094 Sharp Ranch Suite 826,Chicago,Illinois,United States,14986,CRM
AUS08572,2332 David Shoal,New York,New York,United States,48321,CRM
AUS08573,776 Medina Brook,Phoenix,Arizona,United States,92606,CRM
AUS08574,884 Matthews Crest Suite 381,Houston,Texas,United States,03858,CRM
AUS08575,324 Nicholas Wells Apt. 859,New York,New York,United States,84673,CRM
AUS08576,7959 William Crescent,New York,New York,United States,13302,CRM
AUS08577,1669 Costa Village Apt. 186,Houston,Texas,United States,09216,CRM
AUS08578,966 Fitzgerald Plains,New York,New York,United States,74168,CRM
AUS08579,43080 John Neck Apt. 818,Phoenix,Arizona,United States,48741,CRM
AUS08580,249 Joseph Mount Suite 902,Houston,Texas,United States,77211,CRM
AUS08581,53685 Peter Shores,New York,New York,United States,76949,CRM
AUS08582,7544 Underwood Pine Suite 897,Chicago,Illinois,United States,34028,CRM
AUS08583,354 Regina Crossroad,New York,New York,United States,18109,CRM
AUS08584,763 Amanda Forest,Chicago,Illinois,United States,46503,CRM
AUS08585,0149 Ortiz Row Apt. 119,New York,New York,United States,38120,CRM
AUS08586,329 Kennedy Summit Suite 314,New York,New York,United States,28464,CRM
AUS08587,98175 Valerie Dale Suite 907,Los Angeles,California,United States,84078,CRM
AUS08588,1473 Jonathan Avenue,Chicago,Illinois,United States,33757,CRM
AUS08589,5075 Erika Curve Apt. 115,Chicago,Illinois,United States,65549,CRM
AUS08590,34489 Joshua Estate Apt. 720,Los Angeles,California,United States,93232,CRM
AUS08591,301 Andrew Lights,Phoenix,Arizona,United States,05692,CRM
AUS08592,522 Sanchez Well,New York,New York,United States,05138,CRM
AUS08593,752 Garner Island,Los Angeles,California,United States,81037,CRM
AUS08594,19740 Edwards Well,New York,New York,United States,93767,CRM
AUS08595,8976 Erik Mission,New York,New York,United States,91005,CRM
AUS08596,5134 Sherri Plaza,New York,New York,United States,40366,CRM
AUS08597,152 Cassidy Alley,New York,New York,United States,53740,CRM
AUS08598,29683 Holmes Light Suite 669,Los Angeles,California,United States,73955,CRM
AUS08599,091 Brady Prairie Suite 156,Phoenix,Arizona,United States,86566,CRM
AUS08600,07389 Sara Course Apt. 795,New York,New York,United States,47929,CRM
AUS08601,431 Levine Hills Suite 922,Los Angeles,California,United States,35683,CRM
AUS08602,583 Michelle Bridge,Los Angeles,California,United States,85021,CRM
AUS08603,62654 Nguyen Harbors,Chicago,Illinois,United States,59284,CRM
AUS08604,7662 Maria Loop Suite 025,New York,New York,United States,23514,CRM
AUS08605,4883 Joshua Roads,Houston,Texas,United States,79449,CRM
AUS08606,7740 Davenport Wells,New York,New York,United States,66278,CRM
AUS08607,96502 Madison Junctions,Houston,Texas,United States,64293,CRM
AUS08608,631 Guzman Views Apt. 671,Los Angeles,California,United States,19479,CRM
AUS08609,388 Evans Rue Apt. 750,Phoenix,Arizona,United States,71990,CRM
AUS08610,831 Cook Ways,Los Angeles,California,United States,83896,CRM
AUS08611,0510 Kelly Estate Apt. 686,Chicago,Illinois,United States,32553,CRM
AUS08612,9100 Dana Point Apt. 641,Chicago,Illinois,United States,62050,CRM
AUS08613,67564 Lisa Neck Suite 501,Chicago,Illinois,United States,23326,CRM
AUS08614,34793 Paula Causeway,Phoenix,Arizona,United States,99003,CRM
AUS08615,581 Micheal Pines Apt. 781,Houston,Texas,United States,09836,CRM
AUS08616,65384 Peters Corner Suite 506,Chicago,Illinois,United States,39132,CRM
AUS08617,196 Kelly Junctions,Phoenix,Arizona,United States,87916,CRM
AUS08618,31934 Fernandez Streets,Los Angeles,California,United States,79874,CRM
AUS08619,711 Young Radial,New York,New York,United States,70823,CRM
AUS08620,2238 Julie Views Suite 778,Chicago,Illinois,United States,43019,CRM
AUS08621,77065 Diaz Village Apt. 339,Houston,Texas,United States,68479,CRM
AUS08622,38485 Rebecca Courts,Los Angeles,California,United States,61913,CRM
AUS08623,84316 Rivers Path Apt. 107,Phoenix,Arizona,United States,73415,CRM
AUS08624,0225 Brett Wall Suite 466,New York,New York,United States,15089,CRM
AUS08625,930 Ralph Dam Apt. 623,Chicago,Illinois,United States,15093,CRM
AUS08626,369 Ian Bridge,Los Angeles,California,United States,51949,CRM
AUS08627,92051 Howard Prairie,New York,New York,United States,71622,CRM
AUS08628,246 Brown Forks Suite 251,Los Angeles,California,United States,20911,CRM
AUS08629,5305 Alexander Trail,Houston,Texas,United States,54743,CRM
AUS08630,07510 Patton Spurs,New York,New York,United States,53357,CRM
AUS08631,774 Lindsey Shores,Chicago,Illinois,United States,40680,CRM
AUS08632,24882 Nathaniel Parkways Suite 469,Los Angeles,California,United States,50362,CRM
AUS08633,85905 Sheri Garden Apt. 899,New York,New York,United States,23509,CRM
AUS08634,808 Sanchez Dale Apt. 600,Phoenix,Arizona,United States,71959,CRM
AUS08635,4090 Lauren Orchard Suite 372,Chicago,Illinois,United States,31341,CRM
AUS08636,23670 Gary Harbors,Houston,Texas,United States,58213,CRM
AUS08637,33310 Michael Stravenue Apt. 278,Phoenix,Arizona,United States,55880,CRM
AUS08638,18440 Howard Junctions Suite 565,Los Angeles,California,United States,24676,CRM
AUS08639,4386 Anderson Landing,Houston,Texas,United States,85399,CRM
AUS08640,85925 Fowler Canyon,New York,New York,United States,48001,CRM
AUS08641,02329 Jacob Center,Los Angeles,California,United States,38846,CRM
AUS08642,6376 Erika Glens,New York,New York,United States,66149,CRM
AUS08643,2157 Bradshaw Burg Suite 130,Los Angeles,California,United States,33308,CRM
AUS08644,83251 Shawn Radial,New York,New York,United States,61470,CRM
AUS08645,04342 Richard Cape,Chicago,Illinois,United States,18866,CRM
AUS08646,133 Steven Freeway Apt. 675,Los Angeles,California,United States,74489,CRM
AUS08647,208 Richardson Knoll Suite 470,Chicago,Illinois,United States,55807,CRM
AUS08648,61084 Christopher Extensions Suite 884,New York,New York,United States,64793,CRM
AUS08649,5854 Anderson Valleys,Chicago,Illinois,United States,14719,CRM
AUS08650,088 Joseph Creek Suite 816,Phoenix,Arizona,United States,63167,CRM
AUS08651,8744 Williams Via Suite 727,Houston,Texas,United States,30946,CRM
AUS08652,02349 Hudson Row,Houston,Texas,United States,20775,CRM
AUS08653,8756 Mckinney Stream,Phoenix,Arizona,United States,07189,CRM
AUS08654,786 Sean Crescent Apt. 083,Phoenix,Arizona,United States,96367,CRM
AUS08655,62428 Walker Station,Chicago,Illinois,United States,25455,CRM
AUS08656,9539 Jack Stream Suite 142,Houston,Texas,United States,93683,CRM
AUS08657,2446 Hampton Key,Los Angeles,California,United States,10290,CRM
AUS08658,347 Brian Hill,New York,New York,United States,35118,CRM
AUS08659,59708 Sandoval Rapids Apt. 849,Houston,Texas,United States,25880,CRM
AUS08660,71608 Wright Plains,Los Angeles,California,United States,64853,CRM
AUS08661,611 Ariel River Suite 054,Houston,Texas,United States,95269,CRM
AUS08662,4542 Parker Junction Suite 482,Houston,Texas,United States,91741,CRM
AUS08663,4489 Joseph Way Apt. 413,New York,New York,United States,81967,CRM
AUS08664,16879 Sherry Spur,New York,New York,United States,98548,CRM
AUS08665,1838 Lopez Club Suite 837,New York,New York,United States,27385,CRM
AUS08666,988 Mccoy Field Suite 782,Houston,Texas,United States,35707,CRM
AUS08667,137 Taylor Route,Phoenix,Arizona,United States,72708,CRM
AUS08668,2692 Andrea Route Suite 597,Los Angeles,California,United States,58824,CRM
AUS08669,13465 Bauer Dale Suite 608,New York,New York,United States,76231,CRM
AUS08670,02615 Wright Spur Apt. 282,Los Angeles,California,United States,72786,CRM
AUS08671,904 Mary Unions Apt. 873,Houston,Texas,United States,18538,CRM
AUS08672,059 Raymond Wall,New York,New York,United States,80259,CRM
AUS08673,80661 Donna Extensions,Los Angeles,California,United States,91632,CRM
AUS08674,9499 Wendy Fields,Houston,Texas,United States,25615,CRM
AUS08675,701 Ford Throughway,New York,New York,United States,77581,CRM
AUS08676,753 Barbara Coves Apt. 763,Phoenix,Arizona,United States,06308,CRM
AUS08677,57375 Brandon Pike,Houston,Texas,United States,20820,CRM
AUS08678,87000 Reese Station Apt. 282,Los Angeles,California,United States,42231,CRM
AUS08679,3380 Tyler Roads,Houston,Texas,United States,01012,CRM
AUS08680,14425 Barton Highway,New York,New York,United States,48280,CRM
AUS08681,87397 Adams Mills,Los Angeles,California,United States,93065,CRM
AUS08682,302 Holland Gateway Suite 321,Houston,Texas,United States,02705,CRM
AUS08683,84313 Melanie Garden Apt. 340,Phoenix,Arizona,United States,65749,CRM
AUS08684,6284 Campbell Fields Suite 701,Los Angeles,California,United States,81753,CRM
AUS08685,179 Brenda Rest Suite 848,New York,New York,United States,88245,CRM
AUS08686,366 Harold Ranch Apt. 853,Houston,Texas,United States,61276,CRM
AUS08687,390 Parker Port,New York,New York,United States,54087,CRM
AUS08688,9352 Kenneth Views,New York,New York,United States,48970,CRM
AUS08689,2344 George Plaza,Houston,Texas,United States,36668,CRM
AUS08690,621 Wright Passage,Phoenix,Arizona,United States,04948,CRM
AUS08691,807 Lisa Ways Suite 684,Chicago,Illinois,United States,94680,CRM
AUS08692,85308 Walker Mews Apt. 647,Los Angeles,California,United States,55922,CRM
AUS08693,06967 Taylor Street Suite 956,Phoenix,Arizona,United States,14105,CRM
AUS08694,4252 David Oval Suite 148,Houston,Texas,United States,67330,CRM
AUS08695,414 Andrew Extensions,Houston,Texas,United States,27114,CRM
AUS08696,444 Elizabeth Run,Chicago,Illinois,United States,72057,CRM
AUS08697,6539 Lauren Center,Phoenix,Arizona,United States,31802,CRM
AUS08698,8528 Douglas Square Suite 445,Los Angeles,California,United States,97875,CRM
AUS08699,119 David Cove,New York,New York,United States,56474,CRM
AUS08700,3714 Middleton Flats Apt. 625,New York,New York,United States,93209,CRM
AUS08701,0713 Angelica Bridge,New York,New York,United States,18508,CRM
AUS08702,54033 Morton Hills,Phoenix,Arizona,United States,14849,CRM
AUS08703,5871 Joshua Court Suite 861,Los Angeles,California,United States,52947,CRM
AUS08704,51023 Hawkins Keys Apt. 449,Los Angeles,California,United States,17629,CRM
AUS08705,96126 Ballard Bypass,Phoenix,Arizona,United States,43268,CRM
AUS08706,2135 Aaron Ford,Los Angeles,California,United States,43103,CRM
AUS08707,394 Burns Expressway Suite 202,Phoenix,Arizona,United States,78858,CRM
AUS08708,94968 Dawson Summit Apt. 085,Houston,Texas,United States,56469,CRM
AUS08709,217 Price Manors,New York,New York,United States,46113,CRM
AUS08710,61715 Patrick Centers,Chicago,Illinois,United States,29922,CRM
AUS08711,0076 Cody Loop,New York,New York,United States,05633,CRM
AUS08712,83223 Hudson Points,Chicago,Illinois,United States,59341,CRM
AUS08713,6830 Bradley Unions Apt. 009,Phoenix,Arizona,United States,50455,CRM
AUS08714,11807 Reeves Parks Apt. 381,Phoenix,Arizona,United States,57937,CRM
AUS08715,1627 Brennan Greens Apt. 543,New York,New York,United States,93979,CRM
AUS08716,9340 Christopher Forge Apt. 624,New York,New York,United States,06800,CRM
AUS08717,3398 Alexander Passage Suite 051,Houston,Texas,United States,41418,CRM
AUS08718,246 Ashley Stravenue,Chicago,Illinois,United States,87826,CRM
AUS08719,2250 Amanda Field Apt. 045,Chicago,Illinois,United States,59752,CRM
AUS08720,5736 David Mall Apt. 857,Chicago,Illinois,United States,79273,CRM
AUS08721,47786 Anderson Mountain,Los Angeles,California,United States,63730,CRM
AUS08722,61134 Lee Port,Houston,Texas,United States,74093,CRM
AUS08723,97746 Jonathon Islands Apt. 228,Chicago,Illinois,United States,17112,CRM
AUS08724,7885 Greene Bypass,Los Angeles,California,United States,07372,CRM
AUS08725,27513 Johns Harbors,Houston,Texas,United States,67876,CRM
AUS08726,9689 Murphy Crossing,Los Angeles,California,United States,83913,CRM
AUS08727,96177 Landry Parkway Apt. 592,Phoenix,Arizona,United States,91246,CRM
AUS08728,98803 Jonathan Course Suite 510,Chicago,Illinois,United States,22770,CRM
AUS08729,258 Jared Road,Houston,Texas,United States,66299,CRM
AUS08730,5832 John Street,New York,New York,United States,22530,CRM
AUS08731,5322 Sandoval Avenue Suite 603,Houston,Texas,United States,01653,CRM
AUS08732,213 Horn Harbors,New York,New York,United States,69770,CRM
AUS08733,01631 Jon Manors,New York,New York,United States,05344,CRM
AUS08734,717 Johnson Isle,Phoenix,Arizona,United States,26848,CRM
AUS08735,82939 Nathaniel Plaza,Los Angeles,California,United States,75889,CRM
AUS08736,72637 Acosta Haven Suite 132,Houston,Texas,United States,27686,CRM
AUS08737,419 Townsend Flat Suite 222,Chicago,Illinois,United States,17985,CRM
AUS08738,42899 Adams Light,New York,New York,United States,81742,CRM
AUS08739,100 Justin Trail,Los Angeles,California,United States,66890,CRM
AUS08740,1292 Norris Track,Los Angeles,California,United States,42620,CRM
AUS08741,5944 John River Apt. 339,Phoenix,Arizona,United States,96200,CRM
AUS08742,681 Kelsey River,Chicago,Illinois,United States,17339,CRM
AUS08743,3164 Cheryl Fields,Houston,Texas,United States,21770,CRM
AUS08744,603 Carrillo Orchard,Houston,Texas,United States,84207,CRM
AUS08745,33227 Jasmine Underpass Suite 988,Los Angeles,California,United States,25659,CRM
AUS08746,363 Mills Causeway,Phoenix,Arizona,United States,90478,CRM
AUS08747,07978 Murphy Harbor,Los Angeles,California,United States,55265,CRM
AUS08748,067 Scott Stravenue Suite 801,Phoenix,Arizona,United States,25419,CRM
AUS08749,7714 Rodney Forges Suite 303,New York,New York,United States,21691,CRM
AUS08750,485 Foster Plains Apt. 606,Phoenix,Arizona,United States,85923,CRM
AUS08751,087 April Cove Apt. 426,Los Angeles,California,United States,32538,CRM
AUS08752,24952 Ross Mission Apt. 753,Los Angeles,California,United States,41695,CRM
AUS08753,97077 Steven River Suite 490,Phoenix,Arizona,United States,09792,CRM
AUS08754,169 Roy Spurs,New York,New York,United States,18578,CRM
AUS08755,583 Cynthia Oval,Houston,Texas,United States,29596,CRM
AUS08756,096 Daniel Row Apt. 195,New York,New York,United States,28414,CRM
AUS08757,177 Riley Plain Apt. 184,Houston,Texas,United States,94045,CRM
AUS08758,60853 Justin Mill Suite 034,New York,New York,United States,48423,CRM
AUS08759,430 Pacheco Spurs Suite 977,Los Angeles,California,United States,91134,CRM
AUS08760,5580 Pearson Estate Suite 781,Phoenix,Arizona,United States,65596,CRM
AUS08761,12102 Zachary Dale Apt. 379,Los Angeles,California,United States,65323,CRM
AUS08762,58556 Kevin Valleys,Houston,Texas,United States,05262,CRM
AUS08763,5752 Baker Street Apt. 310,Houston,Texas,United States,17917,CRM
AUS08764,7739 Hayden Gateway,Chicago,Illinois,United States,55629,CRM
AUS08765,55036 Pennington Ford Apt. 315,Chicago,Illinois,United States,26792,CRM
AUS08766,391 Ryan Garden,Chicago,Illinois,United States,56623,CRM
AUS08767,40564 Patricia Ford,New York,New York,United States,60860,CRM
AUS08768,994 Daniel Cliff,Chicago,Illinois,United States,29797,CRM
AUS08769,60321 Barrera Oval Apt. 393,New York,New York,United States,88308,CRM
AUS08770,6139 Petersen Radial,Phoenix,Arizona,United States,92264,CRM
AUS08771,79697 Ritter Extensions Apt. 522,New York,New York,United States,13996,CRM
AUS08772,4019 Melissa Springs Suite 360,Phoenix,Arizona,United States,36927,CRM
AUS08773,3421 Carter Harbor,Phoenix,Arizona,United States,02139,CRM
AUS08774,6747 Hays Dam Apt. 710,Chicago,Illinois,United States,65040,CRM
AUS08775,9647 Perez Key Apt. 249,Houston,Texas,United States,30702,CRM
AUS08776,2594 Jackson Valley Suite 494,New York,New York,United States,50813,CRM
AUS08777,202 Heath Rue,New York,New York,United States,07528,CRM
AUS08778,019 Berg Mountains Apt. 005,Houston,Texas,United States,38937,CRM
AUS08779,60945 Angela Port Apt. 499,New York,New York,United States,10887,CRM
AUS08780,9300 Brooks Crossroad,Los Angeles,California,United States,25823,CRM
AUS08781,07592 Lowery Forge,Houston,Texas,United States,31631,CRM
AUS08782,0108 Mccall Trail Suite 695,Los Angeles,California,United States,34278,CRM
AUS08783,16367 Solis Crescent Suite 384,Chicago,Illinois,United States,56979,CRM
AUS08784,92733 George Trail Suite 661,Los Angeles,California,United States,14409,CRM
AUS08785,596 Kirby Unions Suite 664,Phoenix,Arizona,United States,05477,CRM
AUS08786,9350 Jeffrey Ridges Suite 631,Houston,Texas,United States,60412,CRM
AUS08787,015 Stone Village,Phoenix,Arizona,United States,02030,CRM
AUS08788,46145 Ortiz Plaza,Houston,Texas,United States,73977,CRM
AUS08789,90534 Donald Heights,Houston,Texas,United States,45445,CRM
AUS08790,7536 Nicholas Circles,Phoenix,Arizona,United States,82233,CRM
AUS08791,4582 Jeffery Keys Apt. 944,Chicago,Illinois,United States,13689,CRM
AUS08792,211 Davis Avenue Apt. 999,Los Angeles,California,United States,50857,CRM
AUS08793,51537 Ward Shore Apt. 257,Houston,Texas,United States,74283,CRM
AUS08794,63189 Johnston Forges Suite 608,Los Angeles,California,United States,78288,CRM
AUS08795,889 Alexander Spur Apt. 422,Phoenix,Arizona,United States,49823,CRM
AUS08796,532 Houston View,Phoenix,Arizona,United States,03866,CRM
AUS08797,88134 Michael Circle Apt. 864,Chicago,Illinois,United States,44839,CRM
AUS08798,76781 Parks Drives Suite 664,Los Angeles,California,United States,99691,CRM
AUS08799,7473 Dixon Freeway Suite 091,Chicago,Illinois,United States,81571,CRM
AUS08800,818 Blair Circles,Chicago,Illinois,United States,87735,CRM
AUS08801,60050 Thomas Valleys,Houston,Texas,United States,45410,CRM
AUS08802,478 Heather Extension Apt. 620,Chicago,Illinois,United States,09716,CRM
AUS08803,80307 Karl Path,Phoenix,Arizona,United States,09682,CRM
AUS08804,5570 Hubbard Shores,Los Angeles,California,United States,35949,CRM
AUS08805,49915 Sweeney Crossroad,Houston,Texas,United States,30118,CRM
AUS08806,4417 Cindy Streets,Houston,Texas,United States,49043,CRM
AUS08807,87748 Melvin Falls,Houston,Texas,United States,31942,CRM
AUS08808,0271 Briana Passage,Phoenix,Arizona,United States,84510,CRM
AUS08809,22286 Jones Plains Apt. 430,Phoenix,Arizona,United States,48828,CRM
AUS08810,4019 Laura Point,New York,New York,United States,82728,CRM
AUS08811,2182 Jenkins Grove,Phoenix,Arizona,United States,19947,CRM
AUS08812,520 Sharp Island,Los Angeles,California,United States,10514,CRM
AUS08813,45576 Debra Center Apt. 709,Chicago,Illinois,United States,69094,CRM
AUS08814,5314 Daniel Key Apt. 910,Los Angeles,California,United States,48348,CRM
AUS08815,9596 Thomas Burg,Los Angeles,California,United States,52774,CRM
AUS08816,41545 Nicholas Throughway,Los Angeles,California,United States,90782,CRM
AUS08817,094 Hicks Island Apt. 150,Houston,Texas,United States,66255,CRM
AUS08818,79289 Stewart Way,Chicago,Illinois,United States,31991,CRM
AUS08819,320 Katelyn Ports,Phoenix,Arizona,United States,09977,CRM
AUS08820,027 Tamara Mountain,Houston,Texas,United States,54240,CRM
AUS08821,5116 Pham Court Suite 088,Houston,Texas,United States,38985,CRM
AUS08822,73792 Katherine Fields,Phoenix,Arizona,United States,87067,CRM
AUS08823,8832 Stewart Square Suite 443,Chicago,Illinois,United States,50988,CRM
AUS08824,42231 Danielle Corner,Los Angeles,California,United States,21399,CRM
AUS08825,1963 Tina Parkway,New York,New York,United States,02446,CRM
AUS08826,69454 West Lane Suite 798,Los Angeles,California,United States,14634,CRM
AUS08827,237 Michelle Ramp,Chicago,Illinois,United States,92679,CRM
AUS08828,95865 Stephens Rapid Suite 268,Phoenix,Arizona,United States,72194,CRM
AUS08829,46014 Haley Manors,Houston,Texas,United States,07862,CRM
AUS08830,45734 Patricia Radial,Houston,Texas,United States,02494,CRM
AUS08831,976 Johnson Knolls,Houston,Texas,United States,60351,CRM
AUS08832,4248 Darin Harbors,Phoenix,Arizona,United States,39311,CRM
AUS08833,8188 Patel Underpass,New York,New York,United States,67450,CRM
AUS08834,29566 Courtney Islands Apt. 306,Phoenix,Arizona,United States,80479,CRM
AUS08835,99725 King Squares Suite 853,Los Angeles,California,United States,79095,CRM
AUS08836,07260 Adam Ways Apt. 817,Houston,Texas,United States,68501,CRM
AUS08837,4857 Lewis Lane Suite 384,Houston,Texas,United States,09140,CRM
AUS08838,2181 Dawn Grove Suite 943,Phoenix,Arizona,United States,76375,CRM
AUS08839,799 Nunez Meadow Apt. 067,Houston,Texas,United States,41188,CRM
AUS08840,190 Travis Center Suite 576,New York,New York,United States,97556,CRM
AUS08841,9396 Victoria Stravenue Apt. 536,Chicago,Illinois,United States,76746,CRM
AUS08842,8445 Regina Village Suite 197,New York,New York,United States,95044,CRM
AUS08843,925 Lauren Views Suite 831,Houston,Texas,United States,87936,CRM
AUS08844,726 Jessica Route,New York,New York,United States,89545,CRM
AUS08845,53902 Jarvis Field,Houston,Texas,United States,39434,CRM
AUS08846,61544 Higgins Pine Suite 810,Los Angeles,California,United States,46144,CRM
AUS08847,81684 Richard Lodge Suite 381,Los Angeles,California,United States,14998,CRM
AUS08848,098 Nguyen Mission,Houston,Texas,United States,95197,CRM
AUS08849,843 Katherine Mews Suite 212,Chicago,Illinois,United States,47657,CRM
AUS08850,555 Brandon Trace,Phoenix,Arizona,United States,53942,CRM
AUS08851,51652 Morrison Drives Suite 452,Chicago,Illinois,United States,18372,CRM
AUS08852,5627 Jason Ramp Suite 204,New York,New York,United States,43175,CRM
AUS08853,42712 Lori Overpass,Houston,Texas,United States,19846,CRM
AUS08854,4447 William Radial,New York,New York,United States,97505,CRM
AUS08855,789 Holmes Fork,New York,New York,United States,27972,CRM
AUS08856,8428 Dennis Dale,Houston,Texas,United States,43548,CRM
AUS08857,3629 Stephens Fords Suite 709,Chicago,Illinois,United States,23123,CRM
AUS08858,2379 Teresa Forge,Houston,Texas,United States,13109,CRM
AUS08859,0048 Amy Prairie,Chicago,Illinois,United States,96726,CRM
AUS08860,9619 Kristy River Apt. 716,Phoenix,Arizona,United States,86325,CRM
AUS08861,3252 Kyle Common Suite 350,Houston,Texas,United States,58040,CRM
AUS08862,81131 Timothy Run Apt. 498,Chicago,Illinois,United States,11765,CRM
AUS08863,041 David Fork Apt. 839,Houston,Texas,United States,91663,CRM
AUS08864,03494 Harris Plaza,Houston,Texas,United States,16769,CRM
AUS08865,5818 Lin Stream,Los Angeles,California,United States,23855,CRM
AUS08866,62461 Christopher Mews,Phoenix,Arizona,United States,47987,CRM
AUS08867,5062 Sabrina Mews,Phoenix,Arizona,United States,80971,CRM
AUS08868,331 Singh Stravenue,Los Angeles,California,United States,64898,CRM
AUS08869,7152 Patrick Square,New York,New York,United States,04800,CRM
AUS08870,51180 Shane Locks Apt. 825,Los Angeles,California,United States,38206,CRM
AUS08871,260 Gomez Falls Apt. 451,Los Angeles,California,United States,65961,CRM
AUS08872,634 Arnold View Suite 888,Chicago,Illinois,United States,52552,CRM
AUS08873,1011 Kemp Fields Suite 132,Chicago,Illinois,United States,46869,CRM
AUS08874,385 Willie Trail Suite 873,Phoenix,Arizona,United States,33537,CRM
AUS08875,3603 Emily Rapid,Los Angeles,California,United States,45348,CRM
AUS08876,600 Annette Trail Suite 741,Los Angeles,California,United States,71182,CRM
AUS08877,1185 Krista Court,Phoenix,Arizona,United States,45902,CRM
AUS08878,7471 Brandon Terrace,Phoenix,Arizona,United States,75776,CRM
AUS08879,95325 York Squares Apt. 998,Chicago,Illinois,United States,70382,CRM
AUS08880,18527 Brown Wall Apt. 011,Los Angeles,California,United States,90651,CRM
AUS08881,61919 Courtney Forge Apt. 629,Chicago,Illinois,United States,60721,CRM
AUS08882,60141 Smith Port,New York,New York,United States,12108,CRM
AUS08883,63949 Webb Springs,New York,New York,United States,69657,CRM
AUS08884,519 Gonzalez Parkways Suite 975,Phoenix,Arizona,United States,00611,CRM
AUS08885,897 Jenkins Pines Apt. 383,Phoenix,Arizona,United States,71441,CRM
AUS08886,5310 Roberto Flat,Chicago,Illinois,United States,44651,CRM
AUS08887,57648 Graves Street Suite 732,Los Angeles,California,United States,40344,CRM
AUS08888,150 Harris Corner Suite 060,Los Angeles,California,United States,66960,CRM
AUS08889,22054 Heidi Groves Suite 158,Los Angeles,California,United States,76948,CRM
AUS08890,279 Brian Creek Apt. 455,New York,New York,United States,27813,CRM
AUS08891,79595 Bishop Skyway,Los Angeles,California,United States,06949,CRM
AUS08892,7256 Kevin Crescent,Chicago,Illinois,United States,71322,CRM
AUS08893,7609 Scott Shoals Apt. 458,New York,New York,United States,50152,CRM
AUS08894,742 Daniel Manors,Houston,Texas,United States,52951,CRM
AUS08895,12659 Mcgee Lock Suite 713,Houston,Texas,United States,15817,CRM
AUS08896,6625 Jessica Hill,Phoenix,Arizona,United States,14822,CRM
AUS08897,729 Catherine Ridges Apt. 035,Houston,Texas,United States,73593,CRM
AUS08898,6544 Douglas Unions,Los Angeles,California,United States,62204,CRM
AUS08899,2832 Miller Drive,New York,New York,United States,76202,CRM
AUS08900,7362 Sara Path,Houston,Texas,United States,56486,CRM
AUS08901,21398 Ryan Mission,New York,New York,United States,18455,CRM
AUS08902,960 Nelson Stream Apt. 311,Los Angeles,California,United States,12371,CRM
AUS08903,4571 Shaffer Station Suite 959,Chicago,Illinois,United States,08548,CRM
AUS08904,68776 Allen Tunnel Apt. 852,New York,New York,United States,81741,CRM
AUS08905,1246 Aaron Rapid,Houston,Texas,United States,17686,CRM
AUS08906,82166 Sherman Shore,Los Angeles,California,United States,06936,CRM
AUS08907,077 Robinson Ports,Los Angeles,California,United States,84152,CRM
AUS08908,49520 Michael Ford,Los Angeles,California,United States,34287,CRM
AUS08909,1692 Leach Street Suite 330,Los Angeles,California,United States,73023,CRM
AUS08910,62545 Kirk Walk Suite 220,Houston,Texas,United States,40481,CRM
AUS08911,146 William Camp Apt. 086,Los Angeles,California,United States,50899,CRM
AUS08912,957 Pittman Junction,New York,New York,United States,91027,CRM
AUS08913,3879 Julie Points,Phoenix,Arizona,United States,86742,CRM
AUS08914,306 Christopher Run,Phoenix,Arizona,United States,73172,CRM
AUS08915,1773 Jordan Ranch Suite 073,Los Angeles,California,United States,80750,CRM
AUS08916,93812 Jason Island,Houston,Texas,United States,74372,CRM
AUS08917,181 Patricia Via Apt. 815,Phoenix,Arizona,United States,26936,CRM
AUS08918,6967 Gonzales Dale,Chicago,Illinois,United States,93006,CRM
AUS08919,4758 Veronica Roads,Los Angeles,California,United States,74117,CRM
AUS08920,7651 Leah Expressway Suite 243,Chicago,Illinois,United States,30506,CRM
AUS08921,26787 Thompson Avenue,Phoenix,Arizona,United States,73332,CRM
AUS08922,59606 Oscar Camp Suite 442,Phoenix,Arizona,United States,59501,CRM
AUS08923,78510 Goodwin Stravenue,Los Angeles,California,United States,07669,CRM
AUS08924,19198 Davidson Prairie Apt. 435,Houston,Texas,United States,64791,CRM
AUS08925,6349 Dickerson Avenue,Houston,Texas,United States,73867,CRM
AUS08926,86258 Russell Spring,Houston,Texas,United States,95300,CRM
AUS08927,12576 Dodson Gateway Apt. 335,Los Angeles,California,United States,98609,CRM
AUS08928,022 Christina Extension Apt. 333,Phoenix,Arizona,United States,74138,CRM
AUS08929,820 Mosley Prairie Suite 337,Los Angeles,California,United States,04732,CRM
AUS08930,226 Debbie Ford,Phoenix,Arizona,United States,21622,CRM
AUS08931,082 April Ville,Houston,Texas,United States,18700,CRM
AUS08932,522 Christopher Loop Suite 304,Phoenix,Arizona,United States,53196,CRM
AUS08933,5980 Derrick Drive,New York,New York,United States,91602,CRM
AUS08934,1669 Christine Place Suite 121,Phoenix,Arizona,United States,86070,CRM
AUS08935,70639 Wells Shore Suite 962,Los Angeles,California,United States,52735,CRM
AUS08936,432 Hoffman Hollow,Chicago,Illinois,United States,48342,CRM
AUS08937,9736 Robert Route Apt. 491,New York,New York,United States,95293,CRM
AUS08938,2681 Robin Keys Suite 581,New York,New York,United States,94312,CRM
AUS08939,303 Amanda Ports Apt. 234,Houston,Texas,United States,07775,CRM
AUS08940,99357 Guerrero Lodge Apt. 009,New York,New York,United States,85070,CRM
AUS08941,3836 Anna Forks,New York,New York,United States,45946,CRM
AUS08942,380 Salinas Rest,Chicago,Illinois,United States,68070,CRM
AUS08943,7124 Ashley Common Suite 567,Chicago,Illinois,United States,25641,CRM
AUS08944,69947 Burgess Ford,Houston,Texas,United States,74590,CRM
AUS08945,8619 Chen Estate,New York,New York,United States,96416,CRM
AUS08946,454 Jordan Field Suite 381,Los Angeles,California,United States,08784,CRM
AUS08947,6795 Luis Neck,New York,New York,United States,01723,CRM
AUS08948,62825 Francis Lane,Chicago,Illinois,United States,07556,CRM
AUS08949,0296 Morgan Curve,Houston,Texas,United States,76042,CRM
AUS08950,56746 Grant Bypass,Chicago,Illinois,United States,04844,CRM
AUS08951,8682 Charles Highway Apt. 492,Chicago,Illinois,United States,12959,CRM
AUS08952,4095 Antonio Common Apt. 528,Los Angeles,California,United States,40426,CRM
AUS08953,36793 Andrew Mountain Suite 856,Houston,Texas,United States,90982,CRM
AUS08954,06404 Johnson Island Suite 472,New York,New York,United States,79026,CRM
AUS08955,76376 Blair Pine,New York,New York,United States,99355,CRM
AUS08956,99294 Jennifer Square,Chicago,Illinois,United States,62962,CRM
AUS08957,0569 Turner Forge,New York,New York,United States,05900,CRM
AUS08958,7014 Jackson Alley,Los Angeles,California,United States,79265,CRM
AUS08959,20731 Todd Spur,Phoenix,Arizona,United States,28159,CRM
AUS08960,304 Page Wells,Houston,Texas,United States,62474,CRM
AUS08961,9865 Fuller Circles,Chicago,Illinois,United States,84786,CRM
AUS08962,1543 Anderson Valleys Apt. 877,Phoenix,Arizona,United States,41247,CRM
AUS08963,51465 Mason Trace,New York,New York,United States,43068,CRM
AUS08964,5026 Santana Port,Houston,Texas,United States,66479,CRM
AUS08965,8145 Joseph Avenue,Chicago,Illinois,United States,58388,CRM
AUS08966,5213 Christopher Groves Suite 377,Chicago,Illinois,United States,21412,CRM
AUS08967,653 Tiffany Port,Chicago,Illinois,United States,36607,CRM
AUS08968,73881 John Mission,Phoenix,Arizona,United States,68317,CRM
AUS08969,4267 Robert Ridges,Houston,Texas,United States,70960,CRM
AUS08970,53604 Sonya Gateway,Phoenix,Arizona,United States,30738,CRM
AUS08971,07135 Knapp Vista Apt. 709,New York,New York,United States,61999,CRM
AUS08972,2879 Melissa Branch,Los Angeles,California,United States,37902,CRM
AUS08973,76630 Alexis Island Suite 391,Phoenix,Arizona,United States,56383,CRM
AUS08974,346 Nathaniel Mews Apt. 764,Los Angeles,California,United States,52535,CRM
AUS08975,57816 Holt Points,Los Angeles,California,United States,91408,CRM
AUS08976,45333 Burgess Glen,New York,New York,United States,66935,CRM
AUS08977,7103 Ellis Vista,New York,New York,United States,01965,CRM
AUS08978,485 James Inlet,Houston,Texas,United States,16430,CRM
AUS08979,20788 Williams Station Suite 979,Phoenix,Arizona,United States,59453,CRM
AUS08980,114 Erin Highway,New York,New York,United States,62789,CRM
AUS08981,653 Robert Wells,Houston,Texas,United States,67062,CRM
AUS08982,6190 Hannah Locks,New York,New York,United States,43545,CRM
AUS08983,8934 Robertson Skyway Suite 840,Chicago,Illinois,United States,23931,CRM
AUS08984,3369 Brianna Brook Apt. 289,New York,New York,United States,51960,CRM
AUS08985,639 Carroll Spur,Houston,Texas,United States,17610,CRM
AUS08986,19683 Angela Harbor Apt. 831,Chicago,Illinois,United States,49440,CRM
AUS08987,96114 Kyle Expressway,Phoenix,Arizona,United States,70001,CRM
AUS08988,39264 Amy Groves,Chicago,Illinois,United States,44943,CRM
AUS08989,91658 Whitehead Springs Apt. 213,New York,New York,United States,01866,CRM
AUS08990,9822 Cook Trace Apt. 395,Los Angeles,California,United States,58145,CRM
AUS08991,10099 Sanchez Squares,Phoenix,Arizona,United States,32359,CRM
AUS08992,14550 Elizabeth Drive,New York,New York,United States,89832,CRM
AUS08993,0511 Michael Divide,Houston,Texas,United States,27607,CRM
AUS08994,1927 Darryl Junctions Suite 572,Los Angeles,California,United States,55293,CRM
AUS08995,71082 Decker Greens,Houston,Texas,United States,99784,CRM
AUS08996,89501 Samuel Forge Apt. 401,Houston,Texas,United States,80949,CRM
AUS08997,4432 Austin Spring,New York,New York,United States,75631,CRM
AUS08998,4141 Garner Centers,Chicago,Illinois,United States,35728,CRM
AUS08999,7924 Michael Groves Suite 220,New York,New York,United States,19991,CRM
AUS09000,135 Yvette Crest,New York,New York,United States,67135,CRM
AUS09001,049 Eric Greens Suite 349,Los Angeles,California,United States,14701,CRM
AUS09002,773 Goodman Knoll Apt. 173,Houston,Texas,United States,89709,CRM
AUS09003,8662 Allen Fort,Phoenix,Arizona,United States,66323,CRM
AUS09004,02283 Bradshaw Route Apt. 982,Chicago,Illinois,United States,32642,CRM
AUS09005,502 Willis Keys,Chicago,Illinois,United States,13333,CRM
AUS09006,524 Thompson Stravenue Suite 682,New York,New York,United States,24903,CRM
AUS09007,4517 Kristin Prairie Apt. 709,Houston,Texas,United States,24609,CRM
AUS09008,2092 Erik View Suite 072,Los Angeles,California,United States,07748,CRM
AUS09009,341 Amanda Burgs Suite 264,Los Angeles,California,United States,19438,CRM
AUS09010,147 Stephanie Flat Suite 104,Phoenix,Arizona,United States,37834,CRM
AUS09011,266 Fox Crossroad,Los Angeles,California,United States,07127,CRM
AUS09012,80225 Mcdonald Junctions Suite 258,Chicago,Illinois,United States,54976,CRM
AUS09013,1812 Nathan Square,Phoenix,Arizona,United States,42402,CRM
AUS09014,8066 Camacho Green Apt. 472,Houston,Texas,United States,45309,CRM
AUS09015,11029 Pamela Green,New York,New York,United States,85520,CRM
AUS09016,871 Julia Camp Suite 402,Phoenix,Arizona,United States,96016,CRM
AUS09017,7440 Nicole Summit Suite 384,Chicago,Illinois,United States,16685,CRM
AUS09018,7442 Bell Manor Suite 144,Houston,Texas,United States,73721,CRM
AUS09019,690 Sherman Row Apt. 641,Los Angeles,California,United States,15798,CRM
AUS09020,4286 Wendy Hills Apt. 199,Chicago,Illinois,United States,31763,CRM
AUS09021,5488 Bailey Street,Los Angeles,California,United States,79032,CRM
AUS09022,24103 Small Stravenue Suite 993,Phoenix,Arizona,United States,93480,CRM
AUS09023,691 Michael Drive,Phoenix,Arizona,United States,83049,CRM
AUS09024,8245 Cameron Brooks,Phoenix,Arizona,United States,72696,CRM
AUS09025,08829 Pena Ramp,Chicago,Illinois,United States,42314,CRM
AUS09026,189 Johnson Course,Los Angeles,California,United States,67633,CRM
AUS09027,197 Jose Vista,Phoenix,Arizona,United States,55052,CRM
AUS09028,7630 Hood Park,New York,New York,United States,92267,CRM
AUS09029,187 David Mountains,Houston,Texas,United States,27147,CRM
AUS09030,885 Kenneth Centers Suite 009,Houston,Texas,United States,07160,CRM
AUS09031,7605 Timothy Meadow Apt. 788,New York,New York,United States,53083,CRM
AUS09032,66871 Mitchell Island,Los Angeles,California,United States,40350,CRM
AUS09033,47823 Garcia Shores,Los Angeles,California,United States,72847,CRM
AUS09034,198 Kimberly Terrace Suite 608,Phoenix,Arizona,United States,21068,CRM
AUS09035,12260 Frank Route Apt. 405,Chicago,Illinois,United States,90104,CRM
AUS09036,3839 Bailey Stream Apt. 063,New York,New York,United States,77033,CRM
AUS09037,5368 Schwartz Views,Chicago,Illinois,United States,59396,CRM
AUS09038,559 Lisa Fords,Los Angeles,California,United States,34794,CRM
AUS09039,4250 Brian Expressway,Phoenix,Arizona,United States,79447,CRM
AUS09040,7586 Merritt Forges Suite 837,New York,New York,United States,58575,CRM
AUS09041,300 Lisa Drive,Phoenix,Arizona,United States,90468,CRM
AUS09042,120 Stanley Shores,Phoenix,Arizona,United States,83832,CRM
AUS09043,59739 Campos Lane,Houston,Texas,United States,05622,CRM
AUS09044,8349 Jason Fork Suite 182,New York,New York,United States,45361,CRM
AUS09045,90188 Michael Fork,Chicago,Illinois,United States,98704,CRM
AUS09046,092 Marc Gardens,Houston,Texas,United States,37084,CRM
AUS09047,23325 Potter Mount,New York,New York,United States,66869,CRM
AUS09048,544 Paul Parkways,Houston,Texas,United States,02476,CRM
AUS09049,62266 Juan Fall,New York,New York,United States,07824,CRM
AUS09050,1715 Mark Station Suite 174,Phoenix,Arizona,United States,63568,CRM
AUS09051,9772 Thomas Shoal Apt. 578,Houston,Texas,United States,12306,CRM
AUS09052,41909 Lynn Camp,Phoenix,Arizona,United States,76893,CRM
AUS09053,6679 Ashley Station,New York,New York,United States,07584,CRM
AUS09054,02775 Tina Plaza Suite 475,Los Angeles,California,United States,26574,CRM
AUS09055,25212 Vincent Harbor Apt. 657,Phoenix,Arizona,United States,80310,CRM
AUS09056,925 Jacob Crescent,Phoenix,Arizona,United States,51540,CRM
AUS09057,4086 Hall Heights,Chicago,Illinois,United States,97928,CRM
AUS09058,805 Rosales Lodge Suite 739,Chicago,Illinois,United States,41227,CRM
AUS09059,0888 Jorge Flats,Phoenix,Arizona,United States,89975,CRM
AUS09060,8190 Norma Cliff Apt. 516,Los Angeles,California,United States,10789,CRM
AUS09061,82296 Wood Lodge Apt. 752,Houston,Texas,United States,22277,CRM
AUS09062,69861 Jason Points Apt. 259,Houston,Texas,United States,24759,CRM
AUS09063,02328 Garcia Stream,New York,New York,United States,63367,CRM
AUS09064,0918 Lawrence Manors Apt. 730,New York,New York,United States,89310,CRM
AUS09065,22097 Michael Gardens,Houston,Texas,United States,82606,CRM
AUS09066,6512 David Haven Suite 168,Phoenix,Arizona,United States,69679,CRM
AUS09067,18544 Heather Drive Apt. 922,New York,New York,United States,87194,CRM
AUS09068,4012 Patrick Cliffs,Phoenix,Arizona,United States,31595,CRM
AUS09069,357 Martin Place Apt. 200,Houston,Texas,United States,89395,CRM
AUS09070,61802 Torres Oval,Los Angeles,California,United States,73339,CRM
AUS09071,9449 Bryan Court Suite 672,Phoenix,Arizona,United States,26811,CRM
AUS09072,2062 Matthew Rue,Phoenix,Arizona,United States,54142,CRM
AUS09073,663 Elizabeth Park,Los Angeles,California,United States,31351,CRM
AUS09074,24764 Tran Route,Phoenix,Arizona,United States,43042,CRM
AUS09075,466 Kimberly Ramp,Chicago,Illinois,United States,98935,CRM
AUS09076,861 Mills Forges,Houston,Texas,United States,45171,CRM
AUS09077,01277 Ellis Crossroad,Los Angeles,California,United States,21589,CRM
AUS09078,34681 Erica Dam,Los Angeles,California,United States,51842,CRM
AUS09079,8683 Lindsey Dam,Houston,Texas,United States,60908,CRM
AUS09080,6580 Carter Terrace,Houston,Texas,United States,75971,CRM
AUS09081,783 Justin Stravenue,Houston,Texas,United States,87637,CRM
AUS09082,1837 Todd Avenue,Phoenix,Arizona,United States,66836,CRM
AUS09083,379 Delgado Harbor Suite 827,Chicago,Illinois,United States,56615,CRM
AUS09084,14396 Dillon Crescent Apt. 018,Houston,Texas,United States,86018,CRM
AUS09085,968 Wilkinson Plains Apt. 345,Houston,Texas,United States,95676,CRM
AUS09086,75685 Michael Ways Apt. 068,New York,New York,United States,46680,CRM
AUS09087,1812 Suzanne Dale Apt. 680,New York,New York,United States,72460,CRM
AUS09088,691 Wayne Passage Apt. 312,Phoenix,Arizona,United States,65758,CRM
AUS09089,1784 Cole Expressway Suite 004,New York,New York,United States,10030,CRM
AUS09090,638 Michael Island Suite 260,New York,New York,United States,60912,CRM
AUS09091,8800 Daniel Parks Apt. 479,New York,New York,United States,04675,CRM
AUS09092,13069 Harold Hollow Suite 354,New York,New York,United States,58869,CRM
AUS09093,0405 Cynthia Loop Suite 967,Houston,Texas,United States,70168,CRM
AUS09094,037 Luna Gateway Suite 360,Los Angeles,California,United States,45592,CRM
AUS09095,50218 Donald Streets Apt. 586,Los Angeles,California,United States,46163,CRM
AUS09096,112 Todd Extensions Apt. 323,New York,New York,United States,32357,CRM
AUS09097,3654 Michelle Spurs Suite 799,Los Angeles,California,United States,94512,CRM
AUS09098,96113 Padilla Falls,New York,New York,United States,49273,CRM
AUS09099,8739 Morris River Apt. 506,Los Angeles,California,United States,60455,CRM
AUS09100,5571 Kim Manors Suite 874,Chicago,Illinois,United States,25043,CRM
AUS09101,33033 Thomas Rue,Chicago,Illinois,United States,72433,CRM
AUS09102,47335 Clark Canyon Apt. 344,Chicago,Illinois,United States,02578,CRM
AUS09103,8019 Bennett Estates Apt. 507,Los Angeles,California,United States,52306,CRM
AUS09104,520 Nicole Shoals Apt. 361,Houston,Texas,United States,27091,CRM
AUS09105,7549 Marshall Cove,New York,New York,United States,36121,CRM
AUS09106,29311 Robbins Lake,New York,New York,United States,12332,CRM
AUS09107,05832 Michael Cliff Suite 483,New York,New York,United States,09687,CRM
AUS09108,6119 Dawson Run,Houston,Texas,United States,58798,CRM
AUS09109,2314 Barrett Views Apt. 860,Houston,Texas,United States,53602,CRM
AUS09110,3808 Yolanda Tunnel,Houston,Texas,United States,08929,CRM
AUS09111,0657 Mcdonald Lock,Chicago,Illinois,United States,26526,CRM
AUS09112,366 Laurie Ways Apt. 084,Houston,Texas,United States,35192,CRM
AUS09113,109 Seth Motorway Apt. 514,Los Angeles,California,United States,49222,CRM
AUS09114,197 Allen View,Los Angeles,California,United States,08809,CRM
AUS09115,91055 Kevin Spur Suite 756,Los Angeles,California,United States,14521,CRM
AUS09116,1226 Gibson Plaza,Houston,Texas,United States,56298,CRM
AUS09117,92270 Crystal Village,Los Angeles,California,United States,94135,CRM
AUS09118,45783 Perkins Fields Apt. 596,Chicago,Illinois,United States,11161,CRM
AUS09119,9359 Smith Lakes,Phoenix,Arizona,United States,84510,CRM
AUS09120,3385 Jessica Stream Suite 492,Chicago,Illinois,United States,68854,CRM
AUS09121,973 Eric Gateway Suite 217,Phoenix,Arizona,United States,77082,CRM
AUS09122,24532 Clarke Coves Suite 694,Phoenix,Arizona,United States,86118,CRM
AUS09123,136 Hall Light,Los Angeles,California,United States,76272,CRM
AUS09124,448 Stanley Mission Suite 088,New York,New York,United States,50262,CRM
AUS09125,5604 Kathryn Circle,Phoenix,Arizona,United States,17495,CRM
AUS09126,9938 Carlson View,Los Angeles,California,United States,01758,CRM
AUS09127,26644 Patterson Underpass Suite 991,Los Angeles,California,United States,39845,CRM
AUS09128,15189 Ashley Land Apt. 486,Los Angeles,California,United States,43439,CRM
AUS09129,195 Myers Port Suite 158,Houston,Texas,United States,96930,CRM
AUS09130,17712 Laura Well,New York,New York,United States,90404,CRM
AUS09131,4265 Washington Coves,New York,New York,United States,77233,CRM
AUS09132,86236 Johnny Square,Phoenix,Arizona,United States,17430,CRM
AUS09133,74561 Beverly Square,Houston,Texas,United States,11992,CRM
AUS09134,8277 Stevens Curve Suite 844,Los Angeles,California,United States,53049,CRM
AUS09135,47810 Harris Row Apt. 029,Houston,Texas,United States,31453,CRM
AUS09136,423 Gregory Cliff,Chicago,Illinois,United States,25945,CRM
AUS09137,6759 Rojas Estates Suite 998,Houston,Texas,United States,33529,CRM
AUS09138,70646 Jones Hill,Phoenix,Arizona,United States,22333,CRM
AUS09139,719 Elaine Plain Apt. 078,New York,New York,United States,98756,CRM
AUS09140,047 Powell Vista,Chicago,Illinois,United States,28878,CRM
AUS09141,5302 Leslie Point,Houston,Texas,United States,70796,CRM
AUS09142,45139 Sosa Trace,Houston,Texas,United States,52868,CRM
AUS09143,6603 Mark Hill Apt. 271,Chicago,Illinois,United States,92331,CRM
AUS09144,7206 Winters Loaf Suite 522,Los Angeles,California,United States,18360,CRM
AUS09145,641 Chapman Path,New York,New York,United States,92962,CRM
AUS09146,04960 Potter Dale Suite 644,Houston,Texas,United States,99228,CRM
AUS09147,59844 Courtney Vista Suite 745,Chicago,Illinois,United States,19331,CRM
AUS09148,907 Barrett Crescent Apt. 078,Phoenix,Arizona,United States,03669,CRM
AUS09149,843 Melissa Overpass,Phoenix,Arizona,United States,64441,CRM
AUS09150,488 Montgomery Trafficway Suite 166,Phoenix,Arizona,United States,86335,CRM
AUS09151,77336 Bruce Fields,Los Angeles,California,United States,24876,CRM
AUS09152,024 Brown Motorway,Houston,Texas,United States,01544,CRM
AUS09153,257 Cathy Roads Suite 179,Houston,Texas,United States,95140,CRM
AUS09154,2406 Matthew Estates,Phoenix,Arizona,United States,58784,CRM
AUS09155,7835 Teresa Glens Suite 183,Houston,Texas,United States,15346,CRM
AUS09156,513 Jones Plain Apt. 571,New York,New York,United States,35446,CRM
AUS09157,3408 Martin Knolls Suite 997,Los Angeles,California,United States,57979,CRM
AUS09158,9694 Russell Shoal,Houston,Texas,United States,41903,CRM
AUS09159,0634 Perez Springs,Los Angeles,California,United States,58373,CRM
AUS09160,98683 Lauren Drives Suite 969,Los Angeles,California,United States,97443,CRM
AUS09161,866 Knapp Summit,Houston,Texas,United States,49362,CRM
AUS09162,4353 Kelly Lights Suite 954,Phoenix,Arizona,United States,50187,CRM
AUS09163,45206 Katie Divide,Los Angeles,California,United States,81045,CRM
AUS09164,1424 Connie Trace,Houston,Texas,United States,83864,CRM
AUS09165,803 Alison Circle,New York,New York,United States,22667,CRM
AUS09166,6261 Richard Summit Apt. 267,Los Angeles,California,United States,33908,CRM
AUS09167,395 Ruiz Tunnel,Phoenix,Arizona,United States,25717,CRM
AUS09168,281 Stone Stravenue Apt. 821,New York,New York,United States,11400,CRM
AUS09169,782 Dalton Glens Suite 393,New York,New York,United States,72599,CRM
AUS09170,7779 Denise Neck,Houston,Texas,United States,68396,CRM
AUS09171,6319 Marquez Centers,Phoenix,Arizona,United States,32127,CRM
AUS09172,21328 Natasha Light,Los Angeles,California,United States,17270,CRM
AUS09173,23010 John Hill Suite 964,Chicago,Illinois,United States,14691,CRM
AUS09174,594 Kathleen Path,Los Angeles,California,United States,06823,CRM
AUS09175,8331 Shawn Center,Chicago,Illinois,United States,46789,CRM
AUS09176,542 Sarah Roads Apt. 172,Los Angeles,California,United States,29175,CRM
AUS09177,513 Beth Plaza,Houston,Texas,United States,83591,CRM
AUS09178,867 Peterson Run Suite 432,New York,New York,United States,07003,CRM
AUS09179,47543 George Parks Suite 584,Los Angeles,California,United States,39834,CRM
AUS09180,33999 Smith Overpass,Houston,Texas,United States,27323,CRM
AUS09181,1220 Michael Court Apt. 577,Los Angeles,California,United States,51293,CRM
AUS09182,9907 Benjamin Union Apt. 478,Houston,Texas,United States,95309,CRM
AUS09183,4165 Eric Ville Apt. 791,Chicago,Illinois,United States,28046,CRM
AUS09184,361 Maria Ports,Phoenix,Arizona,United States,28587,CRM
AUS09185,9386 Monica Wall,Houston,Texas,United States,82772,CRM
AUS09186,623 Justin Path Apt. 964,New York,New York,United States,65967,CRM
AUS09187,5769 Cochran Trafficway,Phoenix,Arizona,United States,97034,CRM
AUS09188,76576 Robert Mill,New York,New York,United States,03937,CRM
AUS09189,0893 David Streets Suite 850,Chicago,Illinois,United States,37106,CRM
AUS09190,59490 Melissa Manor,Chicago,Illinois,United States,49330,CRM
AUS09191,780 Flores Ports,Chicago,Illinois,United States,39857,CRM
AUS09192,7137 William Terrace Suite 911,New York,New York,United States,53576,CRM
AUS09193,99440 Brian Row Apt. 780,Chicago,Illinois,United States,29651,CRM
AUS09194,1731 Sanchez Avenue Apt. 923,New York,New York,United States,07959,CRM
AUS09195,9583 Jones Place,Houston,Texas,United States,26907,CRM
AUS09196,2291 Michael Court Suite 594,Los Angeles,California,United States,69902,CRM
AUS09197,7588 Jessica Harbor,Phoenix,Arizona,United States,58254,CRM
AUS09198,113 Rowe Well,Phoenix,Arizona,United States,82072,CRM
AUS09199,72496 Rebecca Pike,Phoenix,Arizona,United States,43581,CRM
AUS09200,7662 Robinson Station,Houston,Texas,United States,86200,CRM
AUS09201,760 Jennifer Plains,Phoenix,Arizona,United States,97051,CRM
AUS09202,72163 Timothy Mission Apt. 774,New York,New York,United States,27661,CRM
AUS09203,4085 Ramirez Grove,Houston,Texas,United States,13649,CRM
AUS09204,4172 Davis Mountains Apt. 859,Phoenix,Arizona,United States,55848,CRM
AUS09205,2796 Zuniga Estates Apt. 939,Phoenix,Arizona,United States,27233,CRM
AUS09206,18415 Lloyd Plaza Apt. 920,Chicago,Illinois,United States,58712,CRM
AUS09207,2495 Richard Garden Apt. 003,Los Angeles,California,United States,01907,CRM
AUS09208,9286 David Bypass Suite 231,Phoenix,Arizona,United States,11686,CRM
AUS09209,59886 Brian Shoals,Los Angeles,California,United States,87342,CRM
AUS09210,285 Roth Expressway Suite 538,Los Angeles,California,United States,90989,CRM
AUS09211,2176 Oneal Hill,Chicago,Illinois,United States,97914,CRM
AUS09212,24765 Meghan Villages Suite 733,Houston,Texas,United States,94175,CRM
AUS09213,4259 Joshua Camp Apt. 817,New York,New York,United States,30799,CRM
AUS09214,9074 Torres Parks,Houston,Texas,United States,20814,CRM
AUS09215,19544 Holmes Terrace Suite 912,Houston,Texas,United States,29336,CRM
AUS09216,771 Lee Station,Houston,Texas,United States,80319,CRM
AUS09217,634 Bell Ramp,Los Angeles,California,United States,31907,CRM
AUS09218,6616 Sellers Course Suite 855,Houston,Texas,United States,82510,CRM
AUS09219,352 Sanchez Brooks Apt. 357,Houston,Texas,United States,32671,CRM
AUS09220,16974 Christina Union Apt. 231,New York,New York,United States,49338,CRM
AUS09221,834 John Cliffs Apt. 459,Los Angeles,California,United States,26530,CRM
AUS09222,5897 Jeffrey Harbor,New York,New York,United States,74611,CRM
AUS09223,14586 Campbell Curve Suite 027,New York,New York,United States,54679,CRM
AUS09224,2159 Timothy Divide Suite 398,Phoenix,Arizona,United States,26270,CRM
AUS09225,619 Benson Haven,Houston,Texas,United States,30818,CRM
AUS09226,24730 Taylor Cliffs,New York,New York,United States,27604,CRM
AUS09227,567 Billy Ramp,Houston,Texas,United States,50897,CRM
AUS09228,353 Tyler Union,Los Angeles,California,United States,14301,CRM
AUS09229,156 Soto Ridge Apt. 030,New York,New York,United States,85510,CRM
AUS09230,830 Carter Brook,Houston,Texas,United States,99609,CRM
AUS09231,99463 Maria Islands,New York,New York,United States,44476,CRM
AUS09232,5253 Wood Tunnel,Chicago,Illinois,United States,99212,CRM
AUS09233,96031 Beltran Springs Apt. 975,Houston,Texas,United States,44275,CRM
AUS09234,218 Cole Island,New York,New York,United States,33548,CRM
AUS09235,8767 Harrison Forks Apt. 331,New York,New York,United States,14456,CRM
AUS09236,16899 Tom Forest Suite 093,Los Angeles,California,United States,78587,CRM
AUS09237,491 Moore Crossing,Houston,Texas,United States,39514,CRM
AUS09238,8975 Destiny Groves Suite 221,Phoenix,Arizona,United States,58380,CRM
AUS09239,04019 Steven Parkway Apt. 957,Los Angeles,California,United States,18708,CRM
AUS09240,266 Garcia Locks Suite 124,Chicago,Illinois,United States,18888,CRM
AUS09241,623 Rachel Fields,New York,New York,United States,73710,CRM
AUS09242,945 Christina Cliffs,Chicago,Illinois,United States,58857,CRM
AUS09243,159 Smith Underpass Apt. 889,Los Angeles,California,United States,57477,CRM
AUS09244,6838 Brittany Rapids,Los Angeles,California,United States,19642,CRM
AUS09245,3180 Le Harbor,Phoenix,Arizona,United States,87855,CRM
AUS09246,35208 Donald Via Apt. 048,Houston,Texas,United States,60723,CRM
AUS09247,447 Morgan Views,Houston,Texas,United States,66496,CRM
AUS09248,716 Evelyn Burg Apt. 528,Houston,Texas,United States,02226,CRM
AUS09249,192 Christian Rapids,Los Angeles,California,United States,22688,CRM
AUS09250,32125 Thompson Rest,Chicago,Illinois,United States,25892,CRM
AUS09251,58670 Brandon Plain,Chicago,Illinois,United States,18641,CRM
AUS09252,52839 Chan Plain Suite 378,Los Angeles,California,United States,69565,CRM
AUS09253,7804 Rachel Forge Suite 266,Phoenix,Arizona,United States,88819,CRM
AUS09254,7115 West Row,Phoenix,Arizona,United States,08895,CRM
AUS09255,65947 Reginald Station,New York,New York,United States,86431,CRM
AUS09256,8039 Kim Junctions Suite 275,New York,New York,United States,67186,CRM
AUS09257,04114 Valerie Highway,Houston,Texas,United States,91864,CRM
AUS09258,6987 Kathleen Curve Suite 122,Chicago,Illinois,United States,76474,CRM
AUS09259,38796 Miranda Burg Apt. 038,Chicago,Illinois,United States,61901,CRM
AUS09260,3836 Edwards Squares Apt. 836,Phoenix,Arizona,United States,48070,CRM
AUS09261,73950 Garcia Square Suite 201,Houston,Texas,United States,80487,CRM
AUS09262,140 Daniel Meadow,Chicago,Illinois,United States,70842,CRM
AUS09263,11934 Hogan Pike,Los Angeles,California,United States,59098,CRM
AUS09264,2329 Noah Bridge Suite 193,New York,New York,United States,29260,CRM
AUS09265,18419 James Way Apt. 597,Houston,Texas,United States,57706,CRM
AUS09266,487 Francis Mountains,Houston,Texas,United States,73638,CRM
AUS09267,261 Gutierrez Ports Apt. 565,Houston,Texas,United States,59539,CRM
AUS09268,851 David Locks,Chicago,Illinois,United States,67298,CRM
AUS09269,49580 Turner Grove Suite 142,Los Angeles,California,United States,42607,CRM
AUS09270,9841 Amy Motorway Suite 248,Chicago,Illinois,United States,55232,CRM
AUS09271,333 Thornton Garden,Chicago,Illinois,United States,02407,CRM
AUS09272,6512 Patterson Alley Apt. 737,Chicago,Illinois,United States,74588,CRM
AUS09273,374 Jennifer Pike Suite 327,Chicago,Illinois,United States,42880,CRM
AUS09274,1271 Kelly Streets,Los Angeles,California,United States,74666,CRM
AUS09275,36004 Leon Loop Suite 236,New York,New York,United States,86143,CRM
AUS09276,9685 Manuel Unions,Phoenix,Arizona,United States,28785,CRM
AUS09277,81076 Jacob Locks,New York,New York,United States,45357,CRM
AUS09278,4562 Lucas Ports Suite 794,New York,New York,United States,48461,CRM
AUS09279,65172 Hanson Drives Suite 264,New York,New York,United States,31406,CRM
AUS09280,26079 David Cliffs,Phoenix,Arizona,United States,31865,CRM
AUS09281,03714 Lamb Ramp,New York,New York,United States,65133,CRM
AUS09282,39800 Castro Tunnel Apt. 407,Los Angeles,California,United States,95666,CRM
AUS09283,023 Ronnie Lodge,Chicago,Illinois,United States,22902,CRM
AUS09284,748 John Heights Apt. 080,Houston,Texas,United States,97883,CRM
AUS09285,67717 Haley Lights Apt. 654,Phoenix,Arizona,United States,46718,CRM
AUS09286,69904 Lisa Plains,Los Angeles,California,United States,33079,CRM
AUS09287,188 Cassidy Plaza,Chicago,Illinois,United States,65444,CRM
AUS09288,107 Cisneros Road,Los Angeles,California,United States,14951,CRM
AUS09289,01064 William Passage,Chicago,Illinois,United States,03963,CRM
AUS09290,74882 Zimmerman Vista,New York,New York,United States,55901,CRM
AUS09291,6832 Daniel Stravenue Apt. 946,Los Angeles,California,United States,86194,CRM
AUS09292,67135 Kelly Freeway Suite 467,Houston,Texas,United States,02259,CRM
AUS09293,257 Taylor Overpass,New York,New York,United States,69484,CRM
AUS09294,630 Ferguson Burgs Apt. 739,Chicago,Illinois,United States,24179,CRM
AUS09295,96128 Christine Cove Suite 764,Chicago,Illinois,United States,04838,CRM
AUS09296,5927 Kaufman Row,Chicago,Illinois,United States,86351,CRM
AUS09297,83653 Stone Manor Suite 322,New York,New York,United States,07958,CRM
AUS09298,0206 Summers Freeway,Los Angeles,California,United States,95270,CRM
AUS09299,8165 Davis Pass,Chicago,Illinois,United States,53507,CRM
AUS09300,071 Conner Centers,Los Angeles,California,United States,17491,CRM
AUS09301,5329 Oneal River Apt. 733,Phoenix,Arizona,United States,03260,CRM
AUS09302,153 James Plain,Los Angeles,California,United States,84358,CRM
AUS09303,35491 Mccoy Bypass,Houston,Texas,United States,51874,CRM
AUS09304,637 Hayes Ways Suite 063,New York,New York,United States,57206,CRM
AUS09305,700 Bautista Islands,Phoenix,Arizona,United States,80763,CRM
AUS09306,48107 Richard Gateway,Chicago,Illinois,United States,30664,CRM
AUS09307,346 Hall Hills,Los Angeles,California,United States,82723,CRM
AUS09308,209 Whitney Garden Apt. 056,New York,New York,United States,52842,CRM
AUS09309,9750 Tracy Loop,Houston,Texas,United States,59740,CRM
AUS09310,647 Garcia Village Suite 154,Los Angeles,California,United States,07268,CRM
AUS09311,90274 Nicole River Suite 772,New York,New York,United States,89723,CRM
AUS09312,2296 Watts Port,Houston,Texas,United States,58859,CRM
AUS09313,885 Nichols Crossing,Houston,Texas,United States,96187,CRM
AUS09314,7644 Chang Station Suite 228,Chicago,Illinois,United States,00945,CRM
AUS09315,042 Adam Extensions,Phoenix,Arizona,United States,31605,CRM
AUS09316,9568 Steve Crescent,Los Angeles,California,United States,29203,CRM
AUS09317,48427 Johnson Mountain Apt. 359,New York,New York,United States,68780,CRM
AUS09318,2368 Brian River Suite 531,New York,New York,United States,60050,CRM
AUS09319,0119 Mcdonald Islands,Los Angeles,California,United States,70338,CRM
AUS09320,3712 Christine Canyon,Phoenix,Arizona,United States,26487,CRM
AUS09321,908 Bryan Route Suite 440,Los Angeles,California,United States,67165,CRM
AUS09322,95730 Thomas Mission,Los Angeles,California,United States,87999,CRM
AUS09323,82187 Raymond Valleys Suite 477,Houston,Texas,United States,68940,CRM
AUS09324,520 Moran Forks Apt. 506,Houston,Texas,United States,17718,CRM
AUS09325,68168 Hernandez Mews Apt. 931,Phoenix,Arizona,United States,24574,CRM
AUS09326,8863 Miller Knoll Apt. 729,New York,New York,United States,50141,CRM
AUS09327,1876 Paul Meadow Apt. 960,Chicago,Illinois,United States,53594,CRM
AUS09328,8051 Espinoza Corner Suite 177,Los Angeles,California,United States,51418,CRM
AUS09329,169 Garcia Green,Houston,Texas,United States,56536,CRM
AUS09330,7776 Porter Dam Suite 779,Los Angeles,California,United States,12687,CRM
AUS09331,277 Blair Plaza,New York,New York,United States,89887,CRM
AUS09332,31345 Eric Meadows Apt. 085,Houston,Texas,United States,99718,CRM
AUS09333,821 Esparza Lodge,Phoenix,Arizona,United States,34182,CRM
AUS09334,9221 Sandoval Tunnel Suite 736,Los Angeles,California,United States,76674,CRM
AUS09335,77657 Hernandez Station,New York,New York,United States,60726,CRM
AUS09336,40047 Chase Forges,New York,New York,United States,20792,CRM
AUS09337,28285 Emily Tunnel,Los Angeles,California,United States,67149,CRM
AUS09338,36910 Ramirez Street,Los Angeles,California,United States,37068,CRM
AUS09339,15543 Hernandez Prairie Suite 992,Houston,Texas,United States,22107,CRM
AUS09340,6547 Bell Court Suite 127,Los Angeles,California,United States,34572,CRM
AUS09341,93067 Joel Cape,Chicago,Illinois,United States,74211,CRM
AUS09342,027 Reynolds Rest Suite 283,Los Angeles,California,United States,40701,CRM
AUS09343,1115 Conway Route Suite 489,Chicago,Illinois,United States,97402,CRM
AUS09344,735 Tyler Vista Apt. 344,Phoenix,Arizona,United States,47938,CRM
AUS09345,535 Lauren Squares Suite 102,Los Angeles,California,United States,87561,CRM
AUS09346,04428 John Branch Suite 269,Houston,Texas,United States,08052,CRM
AUS09347,3031 Madison Village,Houston,Texas,United States,87378,CRM
AUS09348,098 Mark Causeway Apt. 019,Houston,Texas,United States,85572,CRM
AUS09349,8545 Kathleen Lights Apt. 460,New York,New York,United States,85683,CRM
AUS09350,800 Kathryn Plaza,Phoenix,Arizona,United States,44977,CRM
AUS09351,5512 Schwartz Harbor,Los Angeles,California,United States,83398,CRM
AUS09352,541 Garner Knoll Suite 280,Houston,Texas,United States,41006,CRM
AUS09353,36096 Luna Via,Phoenix,Arizona,United States,94918,CRM
AUS09354,5723 Porter Inlet Suite 272,Chicago,Illinois,United States,91039,CRM
AUS09355,69829 Ramirez Island Suite 408,Phoenix,Arizona,United States,50234,CRM
AUS09356,096 Meza Pines Suite 833,New York,New York,United States,85829,CRM
AUS09357,099 Dave River Apt. 570,Los Angeles,California,United States,25999,CRM
AUS09358,3252 John Curve Suite 485,Chicago,Illinois,United States,21442,CRM
AUS09359,9714 Jennifer Hills,Chicago,Illinois,United States,40679,CRM
AUS09360,90479 Williams Avenue Apt. 417,Houston,Texas,United States,99683,CRM
AUS09361,55962 Kimberly Inlet Suite 033,Phoenix,Arizona,United States,22238,CRM
AUS09362,9116 Natalie Hollow Suite 844,Houston,Texas,United States,81278,CRM
AUS09363,0670 James Station Apt. 303,Houston,Texas,United States,59119,CRM
AUS09364,1171 Jeremy Motorway Apt. 440,Los Angeles,California,United States,38484,CRM
AUS09365,001 Lawson Pines,Los Angeles,California,United States,95598,CRM
AUS09366,58104 Sara Vista,Los Angeles,California,United States,69250,CRM
AUS09367,6472 Adams Curve Suite 511,Houston,Texas,United States,23828,CRM
AUS09368,16958 Carlos Neck Apt. 341,Houston,Texas,United States,45018,CRM
AUS09369,0981 Ellis Underpass,Los Angeles,California,United States,56421,CRM
AUS09370,01016 Ann Extension,Phoenix,Arizona,United States,06731,CRM
AUS09371,54162 Tucker Shores,Chicago,Illinois,United States,29919,CRM
AUS09372,914 Robert Mews,Houston,Texas,United States,37580,CRM
AUS09373,4237 Miller Fall,Chicago,Illinois,United States,69070,CRM
AUS09374,44444 Brian Village Apt. 500,Chicago,Illinois,United States,58711,CRM
AUS09375,10371 Becker Circle Suite 234,New York,New York,United States,47785,CRM
AUS09376,8450 Sexton Wells,Phoenix,Arizona,United States,84348,CRM
AUS09377,6884 Burgess Court,Chicago,Illinois,United States,41223,CRM
AUS09378,23412 Rodriguez Club Apt. 740,New York,New York,United States,02184,CRM
AUS09379,37094 Perkins Village Apt. 213,Los Angeles,California,United States,68683,CRM
AUS09380,233 Fleming Greens,Houston,Texas,United States,79162,CRM
AUS09381,6228 Joe Estates,New York,New York,United States,65529,CRM
AUS09382,28332 Stewart Street Suite 161,New York,New York,United States,96807,CRM
AUS09383,5938 Tiffany Fork Suite 217,New York,New York,United States,96509,CRM
AUS09384,209 Kirk Road Apt. 808,Los Angeles,California,United States,82719,CRM
AUS09385,6201 Parker Inlet Apt. 260,Chicago,Illinois,United States,56310,CRM
AUS09386,01457 Martin Pass Suite 532,New York,New York,United States,16410,CRM
AUS09387,0879 Nathan Fort Suite 214,New York,New York,United States,20330,CRM
AUS09388,512 Freeman Station,Houston,Texas,United States,83332,CRM
AUS09389,9058 Scott Burg Apt. 812,Los Angeles,California,United States,68215,CRM
AUS09390,71471 David Park,New York,New York,United States,42265,CRM
AUS09391,90358 Anthony Bridge Suite 717,Los Angeles,California,United States,05820,CRM
AUS09392,9548 Johnson Glens Apt. 180,Phoenix,Arizona,United States,58382,CRM
AUS09393,57139 John Port Apt. 707,Houston,Texas,United States,95391,CRM
AUS09394,8903 Ross Crescent,New York,New York,United States,57915,CRM
AUS09395,0673 Cross Passage Suite 119,Houston,Texas,United States,80197,CRM
AUS09396,353 Everett Mission,Los Angeles,California,United States,84087,CRM
AUS09397,241 Carol Island,Phoenix,Arizona,United States,78214,CRM
AUS09398,69361 Shannon Glen,Phoenix,Arizona,United States,70995,CRM
AUS09399,021 Christopher Plains Apt. 955,Houston,Texas,United States,49228,CRM
AUS09400,987 Hicks Village Apt. 963,New York,New York,United States,71955,CRM
AUS09401,282 Reilly Forge,Houston,Texas,United States,85465,CRM
AUS09402,82783 Elijah Views Suite 426,Phoenix,Arizona,United States,32257,CRM
AUS09403,7264 Daniel Vista,Los Angeles,California,United States,82518,CRM
AUS09404,925 Russo Springs Suite 259,Phoenix,Arizona,United States,13912,CRM
AUS09405,0273 David Knolls,New York,New York,United States,68850,CRM
AUS09406,824 Sanchez Plaza Apt. 642,Los Angeles,California,United States,71423,CRM
AUS09407,9374 Dawn Field,Houston,Texas,United States,10884,CRM
AUS09408,6094 Flynn Crescent Suite 760,Houston,Texas,United States,11378,CRM
AUS09409,488 Timothy Bridge Suite 998,Chicago,Illinois,United States,71251,CRM
AUS09410,07106 Roman Branch,Los Angeles,California,United States,67572,CRM
AUS09411,421 Anita Gateway Apt. 894,Phoenix,Arizona,United States,51928,CRM
AUS09412,19285 Tiffany Keys Suite 667,Phoenix,Arizona,United States,31128,CRM
AUS09413,769 Matthew Circles,Chicago,Illinois,United States,99428,CRM
AUS09414,24008 Crystal Shoals Suite 364,Los Angeles,California,United States,33814,CRM
AUS09415,34077 Carroll Creek,Phoenix,Arizona,United States,34922,CRM
AUS09416,891 Douglas Groves,Phoenix,Arizona,United States,00916,CRM
AUS09417,92267 Green Port Apt. 180,New York,New York,United States,20999,CRM
AUS09418,707 John Port,Los Angeles,California,United States,34214,CRM
AUS09419,603 Deborah Estate,New York,New York,United States,55979,CRM
AUS09420,1985 Mitchell Circles Suite 094,Phoenix,Arizona,United States,26474,CRM
AUS09421,4399 Chambers Knolls,New York,New York,United States,43498,CRM
AUS09422,17826 Jasmine Groves Apt. 444,Phoenix,Arizona,United States,02811,CRM
AUS09423,7178 Wendy Row Suite 778,New York,New York,United States,68387,CRM
AUS09424,19658 Daniel Course Suite 850,Chicago,Illinois,United States,74179,CRM
AUS09425,85101 James Fields,New York,New York,United States,57807,CRM
AUS09426,33741 Robert Pine,Houston,Texas,United States,97371,CRM
AUS09427,1274 Pamela Villages Suite 844,New York,New York,United States,60405,CRM
AUS09428,799 Pham Villages Suite 946,Chicago,Illinois,United States,55211,CRM
AUS09429,11800 Murphy Turnpike,Phoenix,Arizona,United States,66129,CRM
AUS09430,12210 Smith Grove Suite 100,Houston,Texas,United States,07804,CRM
AUS09431,44545 Michael Overpass Apt. 134,Chicago,Illinois,United States,61063,CRM
AUS09432,6967 Lewis Mall,New York,New York,United States,84159,CRM
AUS09433,958 Dalton Cliffs,Phoenix,Arizona,United States,68890,CRM
AUS09434,7726 Tom Village Apt. 612,Chicago,Illinois,United States,19696,CRM
AUS09435,0754 Jones Trafficway Suite 415,Chicago,Illinois,United States,08766,CRM
AUS09436,541 Jones Circles,Houston,Texas,United States,70664,CRM
AUS09437,78389 Juan Light,Houston,Texas,United States,65379,CRM
AUS09438,0488 Lindsey Orchard Suite 586,Houston,Texas,United States,61739,CRM
AUS09439,180 David Neck Apt. 486,Chicago,Illinois,United States,38339,CRM
AUS09440,51228 Nicole Haven Apt. 974,Chicago,Illinois,United States,09994,CRM
AUS09441,8815 Santos Turnpike,Phoenix,Arizona,United States,70641,CRM
AUS09442,6506 Donna Knoll,Houston,Texas,United States,12795,CRM
AUS09443,4340 Michael Causeway,Phoenix,Arizona,United States,22667,CRM
AUS09444,99780 Hayden Pines,Houston,Texas,United States,62095,CRM
AUS09445,83949 Camacho Loaf Apt. 127,Houston,Texas,United States,06468,CRM
AUS09446,236 Pruitt Course Apt. 443,Chicago,Illinois,United States,27455,CRM
AUS09447,6099 Angela Groves,Houston,Texas,United States,58799,CRM
AUS09448,4293 Jimmy Manor Apt. 617,Phoenix,Arizona,United States,18055,CRM
AUS09449,46692 Williams Ways Apt. 325,Houston,Texas,United States,69439,CRM
AUS09450,391 Porter Manor Suite 256,Phoenix,Arizona,United States,81309,CRM
AUS09451,91802 Michael Dam,New York,New York,United States,23848,CRM
AUS09452,106 Ronald Fork,New York,New York,United States,47893,CRM
AUS09453,882 Margaret Locks,Houston,Texas,United States,55106,CRM
AUS09454,502 Melanie Cliffs,Chicago,Illinois,United States,43785,CRM
AUS09455,9443 Bonnie Inlet,Phoenix,Arizona,United States,59756,CRM
AUS09456,032 Roberts Squares Suite 082,Phoenix,Arizona,United States,97062,CRM
AUS09457,507 Mathews Courts,Chicago,Illinois,United States,12475,CRM
AUS09458,1265 Logan Radial,Houston,Texas,United States,66854,CRM
AUS09459,58561 Susan Pass,Houston,Texas,United States,99159,CRM
AUS09460,0373 Parker Station Suite 265,Houston,Texas,United States,21547,CRM
AUS09461,1857 Jordan Parkways Suite 594,Los Angeles,California,United States,60471,CRM
AUS09462,683 Nelson Plains Apt. 871,Chicago,Illinois,United States,83093,CRM
AUS09463,98939 Tammy Flat Suite 011,Chicago,Illinois,United States,81791,CRM
AUS09464,6136 Jessica Road,Phoenix,Arizona,United States,07312,CRM
AUS09465,415 Campbell Turnpike Suite 648,Los Angeles,California,United States,02170,CRM
AUS09466,79193 Christian Drives Apt. 406,Los Angeles,California,United States,49934,CRM
AUS09467,394 Howell Ramp Apt. 678,Phoenix,Arizona,United States,38969,CRM
AUS09468,51457 Nguyen Causeway,Phoenix,Arizona,United States,78784,CRM
AUS09469,506 Vargas Pine Apt. 490,Los Angeles,California,United States,93811,CRM
AUS09470,171 Mary Hill,Chicago,Illinois,United States,55870,CRM
AUS09471,23498 Angela Tunnel,New York,New York,United States,34702,CRM
AUS09472,315 Garcia Orchard Apt. 051,Los Angeles,California,United States,38050,CRM
AUS09473,629 Davis Glen,Chicago,Illinois,United States,50177,CRM
AUS09474,807 Wilson Fort,Houston,Texas,United States,76944,CRM
AUS09475,242 George Landing Apt. 630,Los Angeles,California,United States,98075,CRM
AUS09476,37276 Williams Squares Suite 721,Houston,Texas,United States,01270,CRM
AUS09477,20425 Benjamin Light Apt. 323,Chicago,Illinois,United States,98254,CRM
AUS09478,8655 Andrews Burgs Suite 859,Phoenix,Arizona,United States,29382,CRM
AUS09479,8077 Cody Pine,Chicago,Illinois,United States,84063,CRM
AUS09480,2315 Daniel Land,New York,New York,United States,71202,CRM
AUS09481,1306 Buck Grove,Houston,Texas,United States,98130,CRM
AUS09482,770 James Groves Apt. 769,Houston,Texas,United States,45593,CRM
AUS09483,5480 Baker Underpass Suite 292,New York,New York,United States,22017,CRM
AUS09484,98194 Brown Spur Suite 585,Phoenix,Arizona,United States,56659,CRM
AUS09485,503 Trujillo Islands,Los Angeles,California,United States,00682,CRM
AUS09486,371 Jeremiah Bridge Suite 821,Los Angeles,California,United States,42973,CRM
AUS09487,8373 Annette Circles,Los Angeles,California,United States,29482,CRM
AUS09488,50876 Herrera Land,Phoenix,Arizona,United States,07948,CRM
AUS09489,7426 Wood Square Apt. 638,Phoenix,Arizona,United States,54929,CRM
AUS09490,5411 Walker Terrace Apt. 383,New York,New York,United States,35332,CRM
AUS09491,45083 Julie Divide,Los Angeles,California,United States,43116,CRM
AUS09492,6509 Nicholas Plaza Apt. 743,Houston,Texas,United States,10012,CRM
AUS09493,229 Hernandez Ports Apt. 437,Phoenix,Arizona,United States,41402,CRM
AUS09494,95803 Eric Hollow,Los Angeles,California,United States,01122,CRM
AUS09495,52213 Burke Lodge,New York,New York,United States,37291,CRM
AUS09496,443 Angela Landing,Los Angeles,California,United States,31221,CRM
AUS09497,117 White Points Apt. 513,Los Angeles,California,United States,74231,CRM
AUS09498,5982 Brittany Square Apt. 311,Houston,Texas,United States,20299,CRM
AUS09499,84873 Kendra Drive,Phoenix,Arizona,United States,35780,CRM
AUS09500,055 Peter Orchard Suite 295,Phoenix,Arizona,United States,25902,CRM
AUS09501,2768 Reeves Glens,New York,New York,United States,17038,CRM
AUS09502,59700 Smith River Suite 828,Los Angeles,California,United States,04636,CRM
AUS09503,806 Drew Dale Suite 340,Phoenix,Arizona,United States,09101,CRM
AUS09504,5472 Williams Park Suite 449,Chicago,Illinois,United States,53230,CRM
AUS09505,7810 Stephen Lane,Phoenix,Arizona,United States,04074,CRM
AUS09506,4092 Hensley Underpass Suite 805,Chicago,Illinois,United States,33345,CRM
AUS09507,77282 Terrance Mountain Suite 691,New York,New York,United States,26084,CRM
AUS09508,540 Atkins Shore Suite 775,Houston,Texas,United States,61830,CRM
AUS09509,209 Byrd Underpass Suite 432,Phoenix,Arizona,United States,50628,CRM
AUS09510,78935 Hunter Heights Suite 093,Chicago,Illinois,United States,89954,CRM
AUS09511,694 Christine Street Suite 433,Houston,Texas,United States,92753,CRM
AUS09512,521 Wright Rue,Houston,Texas,United States,46351,CRM
AUS09513,0971 David Way Apt. 359,Los Angeles,California,United States,40386,CRM
AUS09514,431 Moon Flat Apt. 848,Chicago,Illinois,United States,90566,CRM
AUS09515,435 Jacqueline Shoal,Chicago,Illinois,United States,86543,CRM
AUS09516,0156 Erika Drives,Phoenix,Arizona,United States,72561,CRM
AUS09517,73461 Hardy Islands,Phoenix,Arizona,United States,22155,CRM
AUS09518,35053 James Square Suite 043,New York,New York,United States,01625,CRM
AUS09519,00887 Cobb Fork Apt. 613,Houston,Texas,United States,37220,CRM
AUS09520,074 David Stravenue Suite 786,Los Angeles,California,United States,48297,CRM
AUS09521,1396 Amy Gardens,New York,New York,United States,42620,CRM
AUS09522,442 Cox Ridges,Los Angeles,California,United States,22236,CRM
AUS09523,2762 Scott Circle Suite 638,Los Angeles,California,United States,07315,CRM
AUS09524,419 Renee Forge Suite 971,Los Angeles,California,United States,49161,CRM
AUS09525,7688 Meredith Heights Apt. 744,Phoenix,Arizona,United States,47223,CRM
AUS09526,9714 James Way,Chicago,Illinois,United States,70500,CRM
AUS09527,865 John Isle Apt. 864,Houston,Texas,United States,33110,CRM
AUS09528,80632 John Port,New York,New York,United States,43856,CRM
AUS09529,0445 Kimberly Junctions Apt. 720,Chicago,Illinois,United States,87472,CRM
AUS09530,99768 Conley Ways Suite 340,New York,New York,United States,72323,CRM
AUS09531,580 Smith Highway Suite 194,New York,New York,United States,21687,CRM
AUS09532,6354 Becky Camp Suite 351,New York,New York,United States,67305,CRM
AUS09533,155 James Gardens,Phoenix,Arizona,United States,10334,CRM
AUS09534,23377 Olson Underpass,Phoenix,Arizona,United States,57449,CRM
AUS09535,118 Kimberly Manor Suite 932,Phoenix,Arizona,United States,93161,CRM
AUS09536,5803 Edward Avenue Apt. 484,Phoenix,Arizona,United States,43004,CRM
AUS09537,74857 Fields Heights Suite 913,Phoenix,Arizona,United States,99017,CRM
AUS09538,27057 Kimberly Way,New York,New York,United States,31506,CRM
AUS09539,4455 Katherine Forge,New York,New York,United States,49770,CRM
AUS09540,588 Garrison Rapid,Chicago,Illinois,United States,24630,CRM
AUS09541,8222 Dominique Corners Suite 645,Los Angeles,California,United States,09509,CRM
AUS09542,580 Miller Stream Apt. 583,New York,New York,United States,01474,CRM
AUS09543,02796 Romero Union,New York,New York,United States,53229,CRM
AUS09544,43216 Michael Meadow Apt. 788,Los Angeles,California,United States,78379,CRM
AUS09545,4839 Robinson Parkways,Houston,Texas,United States,89473,CRM
AUS09546,369 Johnny Causeway Apt. 125,New York,New York,United States,87615,CRM
AUS09547,65758 Cassandra Street,Chicago,Illinois,United States,37818,CRM
AUS09548,162 Scott Radial Suite 694,Houston,Texas,United States,85290,CRM
AUS09549,610 Allen Pines Suite 288,Chicago,Illinois,United States,70120,CRM
AUS09550,1845 Walsh Lakes,Chicago,Illinois,United States,03921,CRM
AUS09551,05208 Joshua Mission,Chicago,Illinois,United States,86729,CRM
AUS09552,94741 Jennifer Summit Apt. 519,Chicago,Illinois,United States,36460,CRM
AUS09553,00957 Gonzalez Pike,New York,New York,United States,47608,CRM
AUS09554,0210 Cole Hollow Apt. 342,New York,New York,United States,59898,CRM
AUS09555,438 Tara Pines,Chicago,Illinois,United States,62397,CRM
AUS09556,930 Gregory Roads,Phoenix,Arizona,United States,12799,CRM
AUS09557,2358 Jamie Spurs,Houston,Texas,United States,62812,CRM
AUS09558,853 Cameron Turnpike,Los Angeles,California,United States,08109,CRM
AUS09559,34999 Dylan Avenue Suite 337,Houston,Texas,United States,15549,CRM
AUS09560,53835 Lori Pike Suite 180,Los Angeles,California,United States,67353,CRM
AUS09561,7888 Gonzalez Drive,Phoenix,Arizona,United States,48369,CRM
AUS09562,3383 Dorsey Turnpike,Phoenix,Arizona,United States,78340,CRM
AUS09563,465 Willis Garden,New York,New York,United States,44380,CRM
AUS09564,28006 Christine Isle Suite 082,Chicago,Illinois,United States,96070,CRM
AUS09565,747 Parks Summit,Chicago,Illinois,United States,08296,CRM
AUS09566,61510 Ali Camp Apt. 359,Chicago,Illinois,United States,43938,CRM
AUS09567,392 Meagan Crescent Apt. 426,Los Angeles,California,United States,38797,CRM
AUS09568,82362 Julie Walk,Phoenix,Arizona,United States,39445,CRM
AUS09569,3600 Lucas Mission Apt. 083,Chicago,Illinois,United States,55199,CRM
AUS09570,845 Stephanie Shoal,Phoenix,Arizona,United States,34108,CRM
AUS09571,6251 Christine Glen,Phoenix,Arizona,United States,73351,CRM
AUS09572,807 Michelle Bypass,Houston,Texas,United States,20502,CRM
AUS09573,094 Patton Square,New York,New York,United States,56503,CRM
AUS09574,80969 Robert Path Suite 538,Los Angeles,California,United States,36713,CRM
AUS09575,64717 Small Plains,Houston,Texas,United States,15519,CRM
AUS09576,945 Santos Walk Suite 216,Chicago,Illinois,United States,41491,CRM
AUS09577,8540 Rhonda Ways Apt. 107,Houston,Texas,United States,22711,CRM
AUS09578,06559 James Underpass,New York,New York,United States,04490,CRM
AUS09579,56197 Edwards Plain,Los Angeles,California,United States,90144,CRM
AUS09580,8568 Todd Club,Houston,Texas,United States,09036,CRM
AUS09581,96745 Myers Turnpike,Houston,Texas,United States,92091,CRM
AUS09582,11619 Austin Parks,Los Angeles,California,United States,29412,CRM
AUS09583,5269 Mitchell Square Apt. 821,Chicago,Illinois,United States,99018,CRM
AUS09584,21664 Perez Curve Suite 370,Chicago,Illinois,United States,34405,CRM
AUS09585,94106 Villa Station,Los Angeles,California,United States,91114,CRM
AUS09586,194 Cantu Course,New York,New York,United States,83998,CRM
AUS09587,62286 Rachel Street Suite 124,New York,New York,United States,10826,CRM
AUS09588,680 Reilly Village Suite 064,Houston,Texas,United States,89644,CRM
AUS09589,377 Jones Cape,New York,New York,United States,28863,CRM
AUS09590,1006 Lawson Isle Apt. 866,Los Angeles,California,United States,05395,CRM
AUS09591,537 Cummings Tunnel Apt. 235,Chicago,Illinois,United States,40510,CRM
AUS09592,9697 Mathew Falls,Chicago,Illinois,United States,64248,CRM
AUS09593,55761 Michael Circles,New York,New York,United States,98009,CRM
AUS09594,02067 Patty Union Suite 793,New York,New York,United States,26571,CRM
AUS09595,8226 Stokes Orchard Suite 720,Houston,Texas,United States,34585,CRM
AUS09596,535 Mark Ranch,Phoenix,Arizona,United States,62866,CRM
AUS09597,1195 Patrick Locks,Chicago,Illinois,United States,35858,CRM
AUS09598,9914 Melissa Square Suite 313,Houston,Texas,United States,15380,CRM
AUS09599,0075 Brown Fork,Houston,Texas,United States,84482,CRM
AUS09600,120 Nicholas Pine Suite 940,New York,New York,United States,58212,CRM
AUS09601,22964 Warren Route,Los Angeles,California,United States,74220,CRM
AUS09602,995 Armstrong Crest,Phoenix,Arizona,United States,44871,CRM
AUS09603,081 Gregory Court,Los Angeles,California,United States,70475,CRM
AUS09604,6646 Murphy Mountain,Chicago,Illinois,United States,04913,CRM
AUS09605,32316 Sandoval Port,New York,New York,United States,28698,CRM
AUS09606,4458 Dana Street,Phoenix,Arizona,United States,07402,CRM
AUS09607,973 Austin Fall Apt. 851,Phoenix,Arizona,United States,70681,CRM
AUS09608,174 Jones Plaza,Los Angeles,California,United States,90942,CRM
AUS09609,7668 Miller Station,New York,New York,United States,63973,CRM
AUS09610,36279 Ford Path,Los Angeles,California,United States,38630,CRM
AUS09611,44996 Adams Cliffs,Phoenix,Arizona,United States,96156,CRM
AUS09612,1346 Rebecca Inlet Suite 702,Houston,Texas,United States,66536,CRM
AUS09613,27260 Jerry Manors Apt. 779,Chicago,Illinois,United States,19245,CRM
AUS09614,8210 Allen Corners,Phoenix,Arizona,United States,52847,CRM
AUS09615,499 Samuel Via,Houston,Texas,United States,76916,CRM
AUS09616,6103 Mann Turnpike,Chicago,Illinois,United States,02536,CRM
AUS09617,75143 Nicholas Trace,Phoenix,Arizona,United States,75081,CRM
AUS09618,739 Anderson Plain,Houston,Texas,United States,37383,CRM
AUS09619,37551 Macias Corners Suite 696,Phoenix,Arizona,United States,53950,CRM
AUS09620,6920 Morrow Plains,New York,New York,United States,42458,CRM
AUS09621,94980 Keith Keys,Chicago,Illinois,United States,40973,CRM
AUS09622,17805 Vaughn Glens,Houston,Texas,United States,63804,CRM
AUS09623,58130 Andres Loop,Chicago,Illinois,United States,25848,CRM
AUS09624,64557 Campbell Ways Suite 416,Houston,Texas,United States,54548,CRM
AUS09625,1111 Barbara Rapid Suite 245,Los Angeles,California,United States,82940,CRM
AUS09626,8995 Roberts Tunnel,Los Angeles,California,United States,19874,CRM
AUS09627,809 Christopher Parks,Phoenix,Arizona,United States,21879,CRM
AUS09628,8984 Wright Mountains,Los Angeles,California,United States,75347,CRM
AUS09629,1217 Denise Squares Apt. 606,New York,New York,United States,22087,CRM
AUS09630,7453 Kimberly Mount Apt. 000,Chicago,Illinois,United States,37399,CRM
AUS09631,7795 Scott Dale Suite 013,Houston,Texas,United States,01655,CRM
AUS09632,1308 Barton View Suite 708,New York,New York,United States,82558,CRM
AUS09633,795 John Courts Suite 049,Chicago,Illinois,United States,28995,CRM
AUS09634,300 Christian Course,Los Angeles,California,United States,57054,CRM
AUS09635,59508 Davis Brooks,Chicago,Illinois,United States,36757,CRM
AUS09636,84245 Jane Junctions Apt. 008,Phoenix,Arizona,United States,01828,CRM
AUS09637,9348 Ruiz Mission Suite 763,Chicago,Illinois,United States,85457,CRM
AUS09638,29389 Hannah Street Suite 254,Houston,Texas,United States,82374,CRM
AUS09639,113 Pamela Knoll,Phoenix,Arizona,United States,23330,CRM
AUS09640,189 Davis Tunnel Suite 038,Chicago,Illinois,United States,12560,CRM
AUS09641,38607 Jackson Mews Apt. 466,Chicago,Illinois,United States,31897,CRM
AUS09642,911 Stephanie Rapid Apt. 177,New York,New York,United States,17812,CRM
AUS09643,5347 Bryan Plains Apt. 028,Houston,Texas,United States,70536,CRM
AUS09644,105 Karen Circle Apt. 265,Chicago,Illinois,United States,63989,CRM
AUS09645,94127 Daniel Island Suite 871,New York,New York,United States,68762,CRM
AUS09646,451 Peters Loaf Apt. 229,New York,New York,United States,17452,CRM
AUS09647,442 Edward Springs,Los Angeles,California,United States,66755,CRM
AUS09648,2083 Wheeler Extensions,New York,New York,United States,04713,CRM
AUS09649,3755 Richardson Center Apt. 814,Los Angeles,California,United States,29648,CRM
AUS09650,4940 Martinez Inlet Apt. 876,Houston,Texas,United States,47219,CRM
AUS09651,624 Todd Summit Suite 370,New York,New York,United States,39722,CRM
AUS09652,68451 Jones Ports Suite 878,Chicago,Illinois,United States,85603,CRM
AUS09653,7565 Jones Fall,Houston,Texas,United States,91925,CRM
AUS09654,12813 Bridget Keys,Los Angeles,California,United States,24413,CRM
AUS09655,27834 Kirby Manor Apt. 294,Chicago,Illinois,United States,85678,CRM
AUS09656,95495 Pierce Ranch Apt. 380,Los Angeles,California,United States,52219,CRM
AUS09657,15258 Campbell Station Apt. 477,Phoenix,Arizona,United States,55758,CRM
AUS09658,58650 Daniel Ports,Los Angeles,California,United States,38517,CRM
AUS09659,9572 Wilson Valley,Phoenix,Arizona,United States,55850,CRM
AUS09660,403 Carlson Place Suite 838,Los Angeles,California,United States,15627,CRM
AUS09661,85530 Patricia View,New York,New York,United States,17803,CRM
AUS09662,8089 Elizabeth Alley Apt. 391,New York,New York,United States,49846,CRM
AUS09663,06113 Harris Forge Suite 306,Phoenix,Arizona,United States,12916,CRM
AUS09664,6453 Davidson Grove,New York,New York,United States,89181,CRM
AUS09665,084 Jennifer Court Apt. 446,Los Angeles,California,United States,52284,CRM
AUS09666,0940 Morse Squares Suite 655,Houston,Texas,United States,35013,CRM
AUS09667,0758 Jordan Valleys,Chicago,Illinois,United States,83990,CRM
AUS09668,596 Dana Stravenue,Houston,Texas,United States,96390,CRM
AUS09669,7657 Rose Stream,Houston,Texas,United States,85644,CRM
AUS09670,35867 Ronald Manor,Chicago,Illinois,United States,49847,CRM
AUS09671,47839 Green Fords Apt. 131,New York,New York,United States,84246,CRM
AUS09672,42420 Curtis Rue Apt. 613,Chicago,Illinois,United States,86632,CRM
AUS09673,0332 Evan Garden Apt. 204,New York,New York,United States,82789,CRM
AUS09674,882 Crosby Field,Chicago,Illinois,United States,14837,CRM
AUS09675,60225 Hill Road Apt. 545,Houston,Texas,United States,80844,CRM
AUS09676,2856 Rose Junctions,New York,New York,United States,24094,CRM
AUS09677,4889 Mark Track,New York,New York,United States,40257,CRM
AUS09678,9100 Weaver Oval,Phoenix,Arizona,United States,42036,CRM
AUS09679,9280 Kelly Cove Suite 420,Los Angeles,California,United States,63796,CRM
AUS09680,7785 William Forks Suite 787,Phoenix,Arizona,United States,86395,CRM
AUS09681,540 Snyder Turnpike Suite 640,Houston,Texas,United States,64051,CRM
AUS09682,9583 Nancy Street,Houston,Texas,United States,26673,CRM
AUS09683,70705 Carney Summit,Phoenix,Arizona,United States,81950,CRM
AUS09684,167 Jensen Square Suite 847,Phoenix,Arizona,United States,11994,CRM
AUS09685,77141 Kim Parkway Apt. 762,New York,New York,United States,51812,CRM
AUS09686,005 Shane Prairie,Chicago,Illinois,United States,59112,CRM
AUS09687,338 Gonzalez Mountains Apt. 557,Chicago,Illinois,United States,37002,CRM
AUS09688,53121 Miller Falls,Phoenix,Arizona,United States,02157,CRM
AUS09689,14976 Pacheco Locks Suite 618,Phoenix,Arizona,United States,70398,CRM
AUS09690,731 Rebecca Spring,Houston,Texas,United States,26549,CRM
AUS09691,659 Williams Lake,Phoenix,Arizona,United States,89739,CRM
AUS09692,963 Huang Islands Apt. 902,Chicago,Illinois,United States,69651,CRM
AUS09693,0107 Harrington Glens Apt. 197,Los Angeles,California,United States,53310,CRM
AUS09694,1093 Pitts Square Apt. 491,Phoenix,Arizona,United States,12710,CRM
AUS09695,63904 Kevin Harbor Suite 720,Houston,Texas,United States,15885,CRM
AUS09696,055 Ruiz Points Suite 505,Houston,Texas,United States,12980,CRM
AUS09697,858 Brenda Crossing,New York,New York,United States,46218,CRM
AUS09698,41068 Mills Mountain Suite 892,Phoenix,Arizona,United States,15331,CRM
AUS09699,706 Annette Orchard,Phoenix,Arizona,United States,15833,CRM
AUS09700,5063 Harris Cove Suite 806,Los Angeles,California,United States,95911,CRM
AUS09701,3363 Miller Forges Suite 821,Phoenix,Arizona,United States,78514,CRM
AUS09702,95260 Alexandra Plain,Chicago,Illinois,United States,59185,CRM
AUS09703,2627 Mclaughlin Neck Suite 334,Phoenix,Arizona,United States,88401,CRM
AUS09704,745 Eaton Plains Suite 187,Phoenix,Arizona,United States,77690,CRM
AUS09705,070 Steven Walks,New York,New York,United States,48547,CRM
AUS09706,978 Douglas Fort,Chicago,Illinois,United States,25864,CRM
AUS09707,94934 Benjamin Cape,Chicago,Illinois,United States,00753,CRM
AUS09708,57210 Wilkins Route,Houston,Texas,United States,82996,CRM
AUS09709,9764 Heather Centers Apt. 585,Houston,Texas,United States,82238,CRM
AUS09710,9281 Moss Hollow,Houston,Texas,United States,21142,CRM
AUS09711,8524 Julia Summit,Houston,Texas,United States,87814,CRM
AUS09712,77466 Matthew Alley,Houston,Texas,United States,88048,CRM
AUS09713,7853 Perez Freeway,Phoenix,Arizona,United States,67676,CRM
AUS09714,1459 Valentine Greens Suite 719,Los Angeles,California,United States,40506,CRM
AUS09715,94410 Ivan Mount Suite 451,Houston,Texas,United States,57100,CRM
AUS09716,0168 Laura Radial,New York,New York,United States,58503,CRM
AUS09717,829 Butler Cliff,New York,New York,United States,31890,CRM
AUS09718,43763 Nolan Green Apt. 226,New York,New York,United States,93185,CRM
AUS09719,74392 Jackson Ranch Suite 789,Phoenix,Arizona,United States,30093,CRM
AUS09720,365 Taylor Spur,New York,New York,United States,20992,CRM
AUS09721,30000 Blake Brooks Suite 043,New York,New York,United States,58003,CRM
AUS09722,410 Morgan Route Suite 312,Phoenix,Arizona,United States,79962,CRM
AUS09723,3360 Gilbert Park,Houston,Texas,United States,45679,CRM
AUS09724,89256 Kevin Points Apt. 482,Houston,Texas,United States,07943,CRM
AUS09725,0124 Dunn Ports Apt. 181,New York,New York,United States,46826,CRM
AUS09726,833 Carlos Prairie,Los Angeles,California,United States,67928,CRM
AUS09727,3784 Briggs Common,Houston,Texas,United States,47591,CRM
AUS09728,624 Mendoza Ferry Suite 343,New York,New York,United States,70639,CRM
AUS09729,0404 Robert Shores,Houston,Texas,United States,65393,CRM
AUS09730,9527 Anthony Roads,Houston,Texas,United States,58759,CRM
AUS09731,99040 Danielle Cliff,Houston,Texas,United States,44827,CRM
AUS09732,573 Obrien Way Apt. 318,Los Angeles,California,United States,20767,CRM
AUS09733,5524 Evans Spur Apt. 991,Houston,Texas,United States,73268,CRM
AUS09734,9960 Martinez Trail Apt. 017,Chicago,Illinois,United States,56591,CRM
AUS09735,072 Rachel Row,Phoenix,Arizona,United States,37043,CRM
AUS09736,388 Bell Summit,Los Angeles,California,United States,51602,CRM
AUS09737,80131 Lewis Grove,Los Angeles,California,United States,92756,CRM
AUS09738,7903 Robinson Camp Suite 028,Chicago,Illinois,United States,80413,CRM
AUS09739,0227 Wilson Locks,Los Angeles,California,United States,72871,CRM
AUS09740,884 Devon Greens Suite 008,Houston,Texas,United States,20605,CRM
AUS09741,35619 Rebecca Lodge,Phoenix,Arizona,United States,30293,CRM
AUS09742,62883 Jones Trail Suite 249,Phoenix,Arizona,United States,95186,CRM
AUS09743,18564 Catherine Junctions,Chicago,Illinois,United States,94486,CRM
AUS09744,551 Long Haven Apt. 009,Phoenix,Arizona,United States,37929,CRM
AUS09745,131 Jennifer Isle Suite 061,New York,New York,United States,95875,CRM
AUS09746,375 Kemp Walks,New York,New York,United States,71345,CRM
AUS09747,7816 Rodriguez Villages Suite 227,Chicago,Illinois,United States,25222,CRM
AUS09748,7887 Pham Unions Suite 531,Houston,Texas,United States,25789,CRM
AUS09749,825 Middleton Field Apt. 615,New York,New York,United States,94325,CRM
AUS09750,947 Marsh Wall,Houston,Texas,United States,42359,CRM
AUS09751,42744 Patterson Lake Apt. 781,Chicago,Illinois,United States,33847,CRM
AUS09752,17729 Hector Road Apt. 587,Los Angeles,California,United States,49139,CRM
AUS09753,618 Ricky Ridges,Phoenix,Arizona,United States,46692,CRM
AUS09754,455 Lester Well Suite 530,Phoenix,Arizona,United States,32966,CRM
AUS09755,19208 Wilson Stream Suite 522,Phoenix,Arizona,United States,17115,CRM
AUS09756,72926 Laura Club Suite 935,Los Angeles,California,United States,88668,CRM
AUS09757,4824 Leah Crossroad,Phoenix,Arizona,United States,92288,CRM
AUS09758,936 Rose Shore,Houston,Texas,United States,31440,CRM
AUS09759,696 Allen Valleys Apt. 947,Los Angeles,California,United States,60435,CRM
AUS09760,51933 Hays Road Suite 472,Phoenix,Arizona,United States,64696,CRM
AUS09761,320 Davis Spurs,Phoenix,Arizona,United States,93406,CRM
AUS09762,447 Livingston Throughway,Houston,Texas,United States,64396,CRM
AUS09763,6376 Jeffery Route,Houston,Texas,United States,44966,CRM
AUS09764,1350 Stephen View Suite 046,New York,New York,United States,25385,CRM
AUS09765,631 Aaron Squares Apt. 370,New York,New York,United States,61191,CRM
AUS09766,142 Hill Lodge,Phoenix,Arizona,United States,61494,CRM
AUS09767,939 David Gateway Suite 161,Houston,Texas,United States,03504,CRM
AUS09768,0216 Green Prairie,Los Angeles,California,United States,75877,CRM
AUS09769,69202 Robert Prairie Suite 419,Los Angeles,California,United States,57909,CRM
AUS09770,725 Zuniga Summit Apt. 946,New York,New York,United States,11282,CRM
AUS09771,99457 Elliott Locks,Chicago,Illinois,United States,70144,CRM
AUS09772,76503 Thomas Islands,Houston,Texas,United States,40743,CRM
AUS09773,0373 Tyler Tunnel,Houston,Texas,United States,63576,CRM
AUS09774,9587 Sandra Junctions Suite 879,Chicago,Illinois,United States,64487,CRM
AUS09775,686 Elliott Squares,Phoenix,Arizona,United States,09431,CRM
AUS09776,684 Theresa Highway,New York,New York,United States,99789,CRM
AUS09777,78738 Timothy Dam,Chicago,Illinois,United States,65095,CRM
AUS09778,395 Megan Land,Houston,Texas,United States,88361,CRM
AUS09779,78566 West Shoal,New York,New York,United States,25706,CRM
AUS09780,0184 James Union Suite 966,Houston,Texas,United States,75477,CRM
AUS09781,621 Laura Islands Suite 722,Houston,Texas,United States,25761,CRM
AUS09782,9035 Sanchez Way Apt. 783,Los Angeles,California,United States,74594,CRM
AUS09783,140 Cassie Route Apt. 280,Phoenix,Arizona,United States,03958,CRM
AUS09784,5942 Wu Landing Apt. 869,Los Angeles,California,United States,31951,CRM
AUS09785,698 Joshua Views Suite 837,New York,New York,United States,14063,CRM
AUS09786,17144 Emily Path Suite 899,Phoenix,Arizona,United States,44662,CRM
AUS09787,74529 Samantha Islands Apt. 099,Phoenix,Arizona,United States,44839,CRM
AUS09788,18871 Williams Underpass,Phoenix,Arizona,United States,76203,CRM
AUS09789,28092 Daniel Walks,Chicago,Illinois,United States,20700,CRM
AUS09790,556 Morrow Alley Suite 901,Phoenix,Arizona,United States,64906,CRM
AUS09791,154 Espinoza Drive Apt. 224,New York,New York,United States,37795,CRM
AUS09792,8907 Dean Locks Suite 693,New York,New York,United States,98622,CRM
AUS09793,2988 Karen Junction,Phoenix,Arizona,United States,97414,CRM
AUS09794,41260 Brandt Burg,New York,New York,United States,72648,CRM
AUS09795,647 Robert Drive Apt. 388,Houston,Texas,United States,78915,CRM
AUS09796,86670 Smith Flats Apt. 095,Los Angeles,California,United States,64878,CRM
AUS09797,5335 Rachel Islands Suite 817,Los Angeles,California,United States,70128,CRM
AUS09798,607 Matthew Trail Apt. 478,Phoenix,Arizona,United States,91014,CRM
AUS09799,902 Shawn Walks,Houston,Texas,United States,67522,CRM
AUS09800,36160 Ryan Meadow,Los Angeles,California,United States,46054,CRM
AUS09801,79802 Barton Burg Suite 182,Phoenix,Arizona,United States,54967,CRM
AUS09802,60985 Morgan Square Apt. 831,Los Angeles,California,United States,52726,CRM
AUS09803,4037 Johnson Pike Apt. 993,Phoenix,Arizona,United States,55394,CRM
AUS09804,58223 Caitlin Bypass,Houston,Texas,United States,88066,CRM
AUS09805,6703 Nelson Mountains,Houston,Texas,United States,78903,CRM
AUS09806,534 Kayla Point Suite 699,New York,New York,United States,69482,CRM
AUS09807,8341 Lee Circle Suite 664,Phoenix,Arizona,United States,39008,CRM
AUS09808,9895 Susan Estates Suite 369,Houston,Texas,United States,41376,CRM
AUS09809,3309 Brown Pass Apt. 150,New York,New York,United States,79551,CRM
AUS09810,949 Harrison Glens,Chicago,Illinois,United States,77400,CRM
AUS09811,6982 Rebecca Field,New York,New York,United States,40987,CRM
AUS09812,2391 Vega Mission Suite 943,Los Angeles,California,United States,27677,CRM
AUS09813,246 Hall Stream Suite 334,New York,New York,United States,10329,CRM
AUS09814,90448 Scott Fort Suite 927,Phoenix,Arizona,United States,98578,CRM
AUS09815,4851 Lisa Camp Apt. 912,New York,New York,United States,46546,CRM
AUS09816,13452 Sean Union Suite 340,Chicago,Illinois,United States,77293,CRM
AUS09817,35758 Kyle Ways,Chicago,Illinois,United States,27181,CRM
AUS09818,8412 David Inlet Suite 130,New York,New York,United States,42753,CRM
AUS09819,678 Chang Mill Suite 555,Los Angeles,California,United States,16736,CRM
AUS09820,00538 Timothy Mission Suite 397,Phoenix,Arizona,United States,97882,CRM
AUS09821,536 James Plain,Houston,Texas,United States,74315,CRM
AUS09822,1814 Jimmy Meadows Apt. 936,Los Angeles,California,United States,18634,CRM
AUS09823,947 Robert Glen,Los Angeles,California,United States,14031,CRM
AUS09824,149 Steven Bridge,Houston,Texas,United States,27514,CRM
AUS09825,979 Kevin Streets Apt. 148,Houston,Texas,United States,59175,CRM
AUS09826,278 David Road Apt. 531,Phoenix,Arizona,United States,74950,CRM
AUS09827,070 Cohen Fall Apt. 745,Houston,Texas,United States,47727,CRM
AUS09828,33529 Grace Pine,Chicago,Illinois,United States,51226,CRM
AUS09829,3798 Charles Glen Suite 353,Houston,Texas,United States,41347,CRM
AUS09830,90485 Smith Stream Suite 644,Houston,Texas,United States,08531,CRM
AUS09831,95086 Hahn Lodge,New York,New York,United States,85537,CRM
AUS09832,1303 Nixon Inlet Suite 954,Phoenix,Arizona,United States,07900,CRM
AUS09833,08555 David Terrace Apt. 779,Los Angeles,California,United States,44511,CRM
AUS09834,270 Wallace Station Suite 557,Chicago,Illinois,United States,85248,CRM
AUS09835,3970 Knight Tunnel,Los Angeles,California,United States,07382,CRM
AUS09836,78457 Jade River Suite 020,Phoenix,Arizona,United States,69640,CRM
AUS09837,43872 Cross Shores Apt. 263,Chicago,Illinois,United States,20080,CRM
AUS09838,047 Katherine Ford,Chicago,Illinois,United States,83471,CRM
AUS09839,77159 Samantha Brook Apt. 399,New York,New York,United States,43425,CRM
AUS09840,216 George Forge,Los Angeles,California,United States,05264,CRM
AUS09841,651 Todd Ville,New York,New York,United States,39689,CRM
AUS09842,432 Hogan Brook Suite 341,Los Angeles,California,United States,94345,CRM
AUS09843,1495 Mark Underpass Apt. 311,Chicago,Illinois,United States,69210,CRM
AUS09844,2972 Anita Hill,Los Angeles,California,United States,32328,CRM
AUS09845,88823 Sanchez Inlet Suite 568,Los Angeles,California,United States,78040,CRM
AUS09846,993 Horton Burgs,New York,New York,United States,69016,CRM
AUS09847,187 Michael Union Apt. 105,Phoenix,Arizona,United States,17217,CRM
AUS09848,438 Martinez Coves Apt. 715,Los Angeles,California,United States,55913,CRM
AUS09849,452 David Locks,Los Angeles,California,United States,82162,CRM
AUS09850,702 Sarah Loop,Chicago,Illinois,United States,03342,CRM
AUS09851,294 Williams Junctions Apt. 820,Phoenix,Arizona,United States,66496,CRM
AUS09852,997 Anderson Meadows Apt. 777,Phoenix,Arizona,United States,07560,CRM
AUS09853,47938 Dodson Meadow,Chicago,Illinois,United States,33010,CRM
AUS09854,539 Castro Well,Phoenix,Arizona,United States,68403,CRM
AUS09855,52869 Hayes Forge,Los Angeles,California,United States,50190,CRM
AUS09856,02454 Bradley Circle,Phoenix,Arizona,United States,97942,CRM
AUS09857,8966 Kimberly Parkways,New York,New York,United States,05710,CRM
AUS09858,951 Kathryn Valley Suite 235,Houston,Texas,United States,17275,CRM
AUS09859,00204 Rebecca Dale,Los Angeles,California,United States,48512,CRM
AUS09860,962 Miranda Prairie Apt. 894,Los Angeles,California,United States,14285,CRM
AUS09861,55261 Martin Ford Suite 262,New York,New York,United States,26179,CRM
AUS09862,128 Landry Port Suite 405,Los Angeles,California,United States,25229,CRM
AUS09863,834 Jennifer Wall Suite 297,Los Angeles,California,United States,85398,CRM
AUS09864,4566 Brendan Land,Los Angeles,California,United States,96891,CRM
AUS09865,32439 Moore Ranch Suite 848,Los Angeles,California,United States,05657,CRM
AUS09866,2644 Kevin Expressway,Los Angeles,California,United States,08232,CRM
AUS09867,981 Smith Mountain,New York,New York,United States,72748,CRM
AUS09868,676 Mayo Hills Suite 799,New York,New York,United States,07771,CRM
AUS09869,47276 Collins Ports Suite 987,Chicago,Illinois,United States,80783,CRM
AUS09870,362 Dennis Pine,Phoenix,Arizona,United States,78148,CRM
AUS09871,08981 Cox Divide,New York,New York,United States,55878,CRM
AUS09872,421 Harris Crossroad,Chicago,Illinois,United States,25585,CRM
AUS09873,196 Justin Terrace Apt. 155,Los Angeles,California,United States,99892,CRM
AUS09874,8977 Thompson Canyon,Phoenix,Arizona,United States,61808,CRM
AUS09875,78468 Martinez Corners Suite 511,Chicago,Illinois,United States,28112,CRM
AUS09876,94037 Rodney Crescent,Houston,Texas,United States,47766,CRM
AUS09877,9355 Jennifer Viaduct Suite 688,Houston,Texas,United States,22698,CRM
AUS09878,520 Jones Squares,Houston,Texas,United States,60698,CRM
AUS09879,861 Lauren Mission,Phoenix,Arizona,United States,64695,CRM
AUS09880,3232 Hill Bypass Suite 045,New York,New York,United States,08175,CRM
AUS09881,871 Tracey Point,Chicago,Illinois,United States,34953,CRM
AUS09882,19271 Arnold Vista Apt. 937,New York,New York,United States,05662,CRM
AUS09883,927 Hall Trace Suite 022,New York,New York,United States,67420,CRM
AUS09884,351 Ashley Summit,Phoenix,Arizona,United States,91137,CRM
AUS09885,35277 Mccullough Estate,Los Angeles,California,United States,04586,CRM
AUS09886,454 Jessica Crossing Apt. 842,Houston,Texas,United States,04372,CRM
AUS09887,6118 John Islands Apt. 580,New York,New York,United States,02952,CRM
AUS09888,5207 Jones Green,Chicago,Illinois,United States,52302,CRM
AUS09889,3400 Thomas Crossroad Suite 767,Phoenix,Arizona,United States,40826,CRM
AUS09890,29912 Kathy Ports Suite 448,Chicago,Illinois,United States,82211,CRM
AUS09891,2543 Amanda Radial Suite 543,New York,New York,United States,68588,CRM
AUS09892,3259 Johnson Orchard,Chicago,Illinois,United States,59986,CRM
AUS09893,37569 Emily Crossing,New York,New York,United States,34749,CRM
AUS09894,20128 Holland Circle Apt. 556,Chicago,Illinois,United States,80054,CRM
AUS09895,4321 Powell Village Apt. 912,Phoenix,Arizona,United States,46368,CRM
AUS09896,9106 Webb Hill Suite 690,Los Angeles,California,United States,31177,CRM
AUS09897,7806 Anne Route Suite 978,Los Angeles,California,United States,20617,CRM
AUS09898,934 Price Canyon,Los Angeles,California,United States,36108,CRM
AUS09899,10160 Robinson Inlet,Chicago,Illinois,United States,82773,CRM
AUS09900,41665 Stephen Course,Phoenix,Arizona,United States,50386,CRM
AUS09901,743 Gabriella Fall,Los Angeles,California,United States,38115,CRM
AUS09902,5826 Espinoza Mountain Suite 057,Chicago,Illinois,United States,90629,CRM
AUS09903,93133 Joseph Ways Suite 915,Los Angeles,California,United States,87272,CRM
AUS09904,819 Arnold Lakes,Los Angeles,California,United States,91854,CRM
AUS09905,5856 Reginald Loop Suite 019,Phoenix,Arizona,United States,44632,CRM
AUS09906,996 John Shoals,Houston,Texas,United States,17624,CRM
AUS09907,979 Jessica Villages,New York,New York,United States,98454,CRM
AUS09908,415 Ronald Plain,Los Angeles,California,United States,01069,CRM
AUS09909,931 Miller Island Suite 873,Chicago,Illinois,United States,98838,CRM
AUS09910,912 Christopher Loop Suite 144,Los Angeles,California,United States,06230,CRM
AUS09911,30394 Jeanette Rapid Suite 496,New York,New York,United States,60478,CRM
AUS09912,217 Hector Track,Chicago,Illinois,United States,37923,CRM
AUS09913,96374 Owens Fords Suite 450,New York,New York,United States,97581,CRM
AUS09914,3563 Samantha Spur,Houston,Texas,United States,98843,CRM
AUS09915,45049 Kevin Unions,Phoenix,Arizona,United States,28819,CRM
AUS09916,890 Joseph Circle,New York,New York,United States,68114,CRM
AUS09917,906 Thompson Gateway,Phoenix,Arizona,United States,83742,CRM
AUS09918,74906 Katie Villages,Los Angeles,California,United States,97949,CRM
AUS09919,44427 Wilson Estate Apt. 293,Los Angeles,California,United States,70470,CRM
AUS09920,5894 Susan River,Phoenix,Arizona,United States,50668,CRM
AUS09921,9455 Ryan Parks Suite 594,New York,New York,United States,88844,CRM
AUS09922,2154 Bates Roads,New York,New York,United States,87826,CRM
AUS09923,36899 Danny Pike,Los Angeles,California,United States,56983,CRM
AUS09924,3880 Cooper Underpass Suite 201,Phoenix,Arizona,United States,73291,CRM
AUS09925,6139 Davies Ford,Chicago,Illinois,United States,78345,CRM
AUS09926,072 Daniel Extensions Suite 737,Chicago,Illinois,United States,39179,CRM
AUS09927,02952 Collins Square,New York,New York,United States,71462,CRM
AUS09928,792 Shelton Alley,Phoenix,Arizona,United States,74180,CRM
AUS09929,462 Katie Manors,Phoenix,Arizona,United States,52594,CRM
AUS09930,772 David Harbors,Chicago,Illinois,United States,40098,CRM
AUS09931,577 Danielle Path,New York,New York,United States,18520,CRM
AUS09932,62494 Alexis Drives,Los Angeles,California,United States,07214,CRM
AUS09933,429 Thomas Skyway,Los Angeles,California,United States,49902,CRM
AUS09934,493 Phillips Knolls Suite 550,Phoenix,Arizona,United States,96412,CRM
AUS09935,30835 Vasquez Skyway,Los Angeles,California,United States,33750,CRM
AUS09936,57202 Melissa Junctions,Los Angeles,California,United States,88294,CRM
AUS09937,0871 Fox Extension,Phoenix,Arizona,United States,89179,CRM
AUS09938,69295 Mary Drive Suite 199,Chicago,Illinois,United States,65546,CRM
AUS09939,00183 Kayla Expressway Suite 320,Phoenix,Arizona,United States,03211,CRM
AUS09940,4238 Arthur Burgs,Houston,Texas,United States,25252,CRM
AUS09941,1601 Jason Village Suite 591,New York,New York,United States,36007,CRM
AUS09942,42125 Snyder Burgs,Chicago,Illinois,United States,54139,CRM
AUS09943,2735 Emily Burgs,Chicago,Illinois,United States,06042,CRM
AUS09944,98909 Michelle Island Apt. 431,Houston,Texas,United States,24295,CRM
AUS09945,8955 Rodriguez Trail,New York,New York,United States,19762,CRM
AUS09946,3603 Elizabeth Expressway Suite 969,New York,New York,United States,30657,CRM
AUS09947,2316 Cohen Hills Suite 639,Chicago,Illinois,United States,10695,CRM
AUS09948,170 Leslie Dam,Chicago,Illinois,United States,95239,CRM
AUS09949,741 Nancy Groves,Los Angeles,California,United States,89665,CRM
AUS09950,698 Jordan Loaf,Los Angeles,California,United States,45841,CRM
AUS09951,343 Moon Harbors,Los Angeles,California,United States,91999,CRM
AUS09952,3470 Kathryn Flats,Los Angeles,California,United States,36170,CRM
AUS09953,0495 Anne Park,New York,New York,United States,59613,CRM
AUS09954,64647 Sanders Curve Apt. 295,Chicago,Illinois,United States,42780,CRM
AUS09955,6949 Reginald Pines,Los Angeles,California,United States,47278,CRM
AUS09956,0597 Miller Highway Suite 062,Phoenix,Arizona,United States,22411,CRM
AUS09957,7561 Smith Hollow,Houston,Texas,United States,90687,CRM
AUS09958,243 Williams Pass Suite 403,Chicago,Illinois,United States,04620,CRM
AUS09959,96378 Kaufman Knolls,Chicago,Illinois,United States,02124,CRM
AUS09960,15453 Patton Harbors,Phoenix,Arizona,United States,42866,CRM
AUS09961,76501 Rios Rapid,Phoenix,Arizona,United States,22991,CRM
AUS09962,4754 Megan Ways Apt. 770,Phoenix,Arizona,United States,28561,CRM
AUS09963,3440 Garcia Summit Apt. 822,Phoenix,Arizona,United States,45413,CRM
AUS09964,81975 Sara Valley Apt. 824,Phoenix,Arizona,United States,57759,CRM
AUS09965,8280 Daniel Ways Suite 724,Los Angeles,California,United States,16812,CRM
AUS09966,465 Hayes Curve,New York,New York,United States,65856,CRM
AUS09967,430 Gibson Dam,Phoenix,Arizona,United States,40230,CRM
AUS09968,84763 Richardson Way,Los Angeles,California,United States,69667,CRM
AUS09969,25109 Silva Heights Suite 958,Chicago,Illinois,United States,94758,CRM
AUS09970,7410 Kelly Spurs,Chicago,Illinois,United States,01380,CRM
AUS09971,860 Padilla Extension Apt. 379,Chicago,Illinois,United States,82084,CRM
AUS09972,2323 Lawson Place Suite 912,Houston,Texas,United States,76020,CRM
AUS09973,86635 Melissa Field Suite 123,Los Angeles,California,United States,70556,CRM
AUS09974,27983 Michael Creek Apt. 652,Chicago,Illinois,United States,90128,CRM
AUS09975,8816 Norma Trail,Los Angeles,California,United States,70087,CRM
AUS09976,405 Cross Cliff,Los Angeles,California,United States,22673,CRM
AUS09977,672 Pollard Way,Houston,Texas,United States,18097,CRM
AUS09978,4721 Kline Plains Apt. 592,Los Angeles,California,United States,80478,CRM
AUS09979,14266 Aaron Way Suite 467,Phoenix,Arizona,United States,87098,CRM
AUS09980,140 Campbell Junctions,Chicago,Illinois,United States,13478,CRM
AUS09981,294 Seth Green Suite 693,Phoenix,Arizona,United States,19043,CRM
AUS09982,040 Kyle Crest Apt. 449,Chicago,Illinois,United States,82294,CRM
AUS09983,014 Lewis Neck,Houston,Texas,United States,26555,CRM
AUS09984,61828 Farmer Lane,Los Angeles,California,United States,21052,CRM
AUS09985,1865 Natalie Circles Apt. 398,New York,New York,United States,89500,CRM
AUS09986,724 Grant Crossroad,Chicago,Illinois,United States,35572,CRM
AUS09987,3588 Mosley Ramp,Chicago,Illinois,United States,05936,CRM
AUS09988,53490 Leslie Courts,Los Angeles,California,United States,33683,CRM
AUS09989,8415 Mills Well,New York,New York,United States,57688,CRM
AUS09990,195 Sydney Cliff Suite 440,New York,New York,United States,78183,CRM
AUS09991,84402 Steven Road,Chicago,Illinois,United States,28689,CRM
AUS09992,4352 Mueller Mountain,Phoenix,Arizona,United States,92325,CRM
AUS09993,41911 Larry Forges Apt. 424,Phoenix,Arizona,United States,19120,CRM
AUS09994,26548 Mitchell Parkways Apt. 390,Phoenix,Arizona,United States,98910,CRM
AUS09995,29885 Kevin Islands Suite 702,Phoenix,Arizona,United States,69834,CRM
AUS09996,5382 Michael Shores,New York,New York,United States,67553,CRM
AUS09997,6996 Mary Lake,Houston,Texas,United States,37899,CRM
AUS09998,1608 Kelly Fall Suite 870,Los Angeles,California,United States,72519,CRM
AUS09999,634 Miller Haven Apt. 838,New York,New York,United States,64662,CRM
AUS10000,535 George Mountains Apt. 224,Phoenix,Arizona,United States,17132,CRM
